family,date,method,plan_cost_yuan,contract_cost_yuan,emergency_cost_yuan,total_cost_yuan,emergency_kwh,soc_start_kwh,soc_end_kwh
Q4-2,2025-02-01,m1,31587.228524970044,31587.228524970044,1677.8651802747897,33265.093705244835,644.6479509667798,6000.0,6000.0
Q4-2,2025-02-02,m1,71470.47721122717,71470.47721122717,4773.721582032873,76244.19879326005,829.420121622425,6000.0,6000.0
Q4-2,2025-02-03,m1,69123.7029967489,69123.7029967489,8697.489355946476,77821.19235269539,1695.5023760132071,6000.0,6000.0
Q4-2,2025-02-04,m1,69008.37892570868,69008.37892570868,15798.377277786625,84806.7562034953,2979.255058336392,6000.0,6000.0
Q4-2,2025-02-05,m1,68976.86344682587,68976.86344682587,12925.28848936191,81902.15193618777,2538.66592585107,6000.0,6000.0
Q4-2,2025-02-06,m1,68817.70697650051,68817.70697650051,12236.502166987317,81054.20914348782,2263.1059671803723,6000.0,6000.0
Q4-2,2025-02-07,m1,32584.586336106677,32584.586336106677,1850.0899224648217,34434.6762585715,819.2442520735514,6000.0,6000.0
Q4-2,2025-02-08,m1,29276.198158614145,29276.198158614145,2484.008656429054,31760.2068150432,1102.4254395615733,6000.0,6000.0
Q4-2,2025-02-09,m1,66304.32867395155,66304.32867395155,12608.743670276202,78913.07234422775,2538.4413320103777,6000.0,6000.0
Q4-2,2025-02-10,m1,65367.89815213249,65367.89815213249,8389.006630827043,73756.90478295954,1790.5172527630655,6000.0,6000.0
Q4-2,2025-02-11,m1,64865.21243635936,64865.21243635936,10470.77657770616,75335.98901406552,1942.0128802428603,6000.0,6000.0
Q4-2,2025-02-12,m1,64724.51738925304,64724.51738925304,11612.074827626375,76336.5922168794,2338.8012263359183,6000.0,6000.0
Q4-2,2025-02-13,m1,63340.90577685274,63340.90577685274,8183.569701830027,71524.47547868277,1740.0517883713692,6000.0,6000.0
Q4-2,2025-02-14,m1,30119.27746419934,30119.27746419934,2517.53622151373,32636.813685713067,1135.7634700701926,6000.0,6000.0
Q4-2,2025-02-15,m1,27960.926426000653,27960.926426000653,3430.0375910137363,31390.96401701439,1389.8782914082503,6000.0,6000.0
Q4-2,2025-02-16,m1,62587.35675324667,62587.35675324667,14105.917257991765,76693.27401123843,2810.113256008731,6000.0,6000.0
Q4-2,2025-02-17,m1,60850.373492671075,60850.373492671075,9242.369949648571,70092.74344231965,1979.5097505734138,6000.0,6000.0
Q4-2,2025-02-18,m1,59727.348026165026,59727.348026165026,11609.764208181774,71337.1122343468,2273.36739602246,6000.0,6000.0
Q4-2,2025-02-19,m1,59554.71303629757,59554.71303629757,19656.263355593997,79210.97639189157,3979.527993712491,6000.0,6000.0
Q4-2,2025-02-20,m1,60441.55236152499,60441.55236152499,12247.504929221763,72689.05729074676,2328.2660952875726,6000.0,6000.0
Q4-2,2025-02-21,m1,28995.587061049766,28995.587061049766,2189.714295881782,31185.301356931548,1156.8904269035334,6000.0,6000.0
Q4-2,2025-02-22,m1,27113.461472434337,27113.461472434337,2909.1895107363043,30022.650983170643,1189.6582909134909,6000.0,6000.0
Q4-2,2025-02-23,m1,59303.472955836594,59303.472955836594,12177.964324168017,71481.43728000461,2489.096481320972,6000.0,6000.0
Q4-2,2025-02-24,m1,58317.30471395874,58317.30471395874,11551.245416585354,69868.5501305441,2315.509879253158,6000.0,6000.0
Q4-2,2025-02-25,m1,57918.28269409761,57918.28269409761,9306.465589057034,67224.74828315464,2050.3689446968324,6000.0,6000.0
Q4-2,2025-02-26,m1,57183.112291708545,57183.112291708545,14315.381292828868,71498.49358453741,3058.674215135801,6000.0,6000.0
Q4-2,2025-02-27,m1,56537.84365045423,56537.84365045423,16627.244960538617,73165.08861099285,3069.953612111142,6000.0,6000.0
Q4-2,2025-02-28,m1,27943.024878345303,27943.024878345303,1812.957087658432,29755.981966003736,901.6818514092361,6000.0,6000.0
Q4-2,2025-03-01,m1,25717.22942837202,25717.22942837202,1440.742619021422,27157.97204739344,589.4379545208894,6000.0,6000.0
Q4-2,2025-03-02,m1,55809.2930789532,55809.2930789532,26146.478372809215,81955.77145176241,5111.511960903058,6000.0,6000.0
Q4-2,2025-03-03,m1,55077.45179729583,55077.45179729583,29991.478216671458,85068.93001396729,6001.551990473099,6000.0,6000.0
Q4-2,2025-03-04,m1,56197.46108982815,56197.46108982815,12520.97675620945,68718.4378460376,2701.2850614615795,6000.0,6000.0
Q4-2,2025-03-05,m1,55824.75982249729,55824.75982249729,9364.72983611126,65189.48965860855,1897.6118485944578,6000.0,6000.0
Q4-2,2025-03-06,m1,54745.00295366971,54745.00295366971,11743.832227909934,66488.83518157965,2574.510901246028,6000.0,6000.0
Q4-2,2025-03-07,m1,25976.649097327947,25976.649097327947,1659.0782678238816,27635.72736515183,736.5982240724761,6000.0,6000.0
Q4-2,2025-03-08,m1,24208.085773685074,24208.085773685074,2571.774218624277,26779.85999230935,977.492477597358,6000.0,6000.0
Q4-2,2025-03-09,m1,55491.841012277524,55491.841012277524,9303.147471930615,64794.98848420814,2060.2122767563615,6000.0,6000.0
Q4-2,2025-03-10,m1,54053.04041195407,54053.04041195407,14601.895352726664,68654.93576468073,3185.111390699083,6000.0,6000.0
Q4-2,2025-03-11,m1,53605.39998458106,53605.39998458106,11542.425984578134,65147.825969159196,2591.2319094035456,6000.0,6000.0
Q4-2,2025-03-12,m1,52873.10159516303,52873.10159516303,12587.564037586682,65460.66563274972,2913.131764901315,6000.0,6000.0
Q4-2,2025-03-13,m1,52404.37374954639,52404.37374954639,18087.370320680526,70491.74407022691,3758.3500107349078,6000.0,6000.0
Q4-2,2025-03-14,m1,24843.1824892159,24843.1824892159,1641.463320574223,26484.64580979012,730.6969445637978,6000.0,6000.0
Q4-2,2025-03-15,m1,22913.375479409122,22913.375479409122,5719.796804962993,28633.172284372115,1780.6896749095486,6000.0,6000.0
Q4-2,2025-03-16,m1,53078.18929202585,53078.18929202585,11481.452012311343,64559.64130433719,2587.479677839987,6000.0,6000.0
Q4-2,2025-03-17,m1,51386.700887582374,51386.700887582374,7916.077208308184,59302.77809589056,1789.8780529837431,6000.0,6000.0
Q4-2,2025-03-18,m1,50603.641531224406,50603.641531224406,14113.57790114491,64717.21943236932,2835.993311774175,6000.0,6000.0
Q4-2,2025-03-19,m1,50306.583474562125,50306.583474562125,11094.72990986433,61401.31338442645,2531.5627749920704,6000.0,6000.0
Q4-2,2025-03-20,m1,50755.96558749814,50755.96558749814,13406.54424477517,64162.50983227331,3078.4465486823383,6000.0,6000.0
Q4-2,2025-03-21,m1,24386.653812451717,24386.653812451717,1727.9878407295887,26114.641653181305,795.0890871672857,6000.0,6000.0
Q4-2,2025-03-22,m1,21845.25322112597,21845.25322112597,4323.856965053722,26169.110186179692,1474.4719823928408,6000.0,6000.0
Q4-2,2025-03-23,m1,49709.43674099057,49709.43674099057,12485.392798606194,62194.82953959676,2758.8242595821926,6000.0,6000.0
Q4-2,2025-03-24,m1,49544.05282067983,49544.05282067983,11588.31650141145,61132.36932209128,2697.52390356904,6000.0,6000.0
Q4-2,2025-03-25,m1,49801.42982058923,49801.42982058923,13482.828583017155,63284.25840360638,3147.9279375118876,6000.0,6000.0
Q4-2,2025-03-26,m1,49526.03108967186,49526.03108967186,9368.323804724438,58894.354894396296,2227.7977919836762,6000.0,6000.0
Q4-2,2025-03-27,m1,48958.38028518151,48958.38028518151,11932.795239859328,60891.17552504084,2850.093022686173,6000.0,6000.0
Q4-2,2025-03-28,m1,23896.8994486389,23896.8994486389,2489.065049349346,26385.964497988243,875.3484125820901,6000.0,6000.0
Q4-2,2025-03-29,m1,21625.235860810702,21625.235860810702,5046.324286611782,26671.560147422482,1587.064802532497,6000.0,6000.0
Q4-2,2025-03-30,m1,47504.29314829521,47504.29314829521,9902.311919086083,57406.60506738129,2345.2715164970646,6000.0,6000.0
Q4-2,2025-03-31,m1,47771.97030632669,47771.97030632669,11062.068314386257,58834.03862071295,2511.932091243617,6000.0,6000.0
Q4-2,2025-04-01,m1,47740.097486891595,47740.097486891595,12496.026617095251,60236.12410398685,2849.4389421006,6000.0,6000.0
Q4-2,2025-04-02,m1,46770.49464946319,46770.49464946319,21920.870889653794,68691.36553911699,4523.418642636237,6000.0,6000.0
Q4-2,2025-04-03,m1,48600.1661728223,48600.1661728223,12670.944160058087,61271.11033288039,2943.42923742315,6000.0,6000.0
Q4-2,2025-04-04,m1,22853.16413821958,22853.16413821958,2519.0710033565897,25372.23514157617,1008.122011390001,6000.0,6000.0
Q4-2,2025-04-05,m1,21209.904486021147,21209.904486021147,4215.997570618723,25425.90205663987,1478.7769021646668,6000.0,6000.0
Q4-2,2025-04-06,m1,46762.526659849,46762.526659849,10673.887502073005,57436.414161922,2296.88498555716,6000.0,6000.0
Q4-2,2025-04-07,m1,46684.719685332544,46684.719685332544,6854.255440615241,53538.975125947785,1693.4985392612311,6000.0,6000.0
Q4-2,2025-04-08,m1,46766.686149904766,46766.686149904766,16332.64993257248,63099.336082477246,3464.8362078598366,6000.0,6000.0
Q4-2,2025-04-09,m1,46948.48254318837,46948.48254318837,11690.353146232712,58638.83568942109,2793.960142188067,6000.0,6000.0
Q4-2,2025-04-10,m1,47195.55817360747,47195.55817360747,13522.20747660833,60717.7656502158,2956.269869915058,6000.0,6000.0
Q4-2,2025-04-11,m1,22353.646443504822,22353.646443504822,2022.0965607206194,24375.743004225442,951.4851404829894,6000.0,6000.0
Q4-2,2025-04-12,m1,20680.78918551054,20680.78918551054,3196.741245965157,23877.530431475698,1168.4771503743136,6000.0,6000.0
Q4-2,2025-04-13,m1,45569.785162843764,45569.785162843764,12633.610206475876,58203.39536931964,2725.5934008355653,6000.0,6000.0
Q4-2,2025-04-14,m1,45270.783015207475,45270.783015207475,8326.568410080548,53597.35142528803,2033.7135283308496,6000.0,6000.0
Q4-2,2025-04-15,m1,45308.933938671165,45308.933938671165,8383.897526132027,53692.831464803196,1808.8991105772936,6000.0,6000.0
Q4-2,2025-04-16,m1,45311.87764328549,45311.87764328549,11116.663994878421,56428.54163816391,2661.014636182467,6000.0,6000.0
Q4-2,2025-04-17,m1,45030.12456783824,45030.12456783824,12424.913304417363,57455.037872255605,2608.2589917918212,6000.0,6000.0
Q4-2,2025-04-18,m1,21458.543399583614,21458.543399583614,2082.574153661858,23541.117553245473,1063.0455375738984,6000.0,6000.0
Q4-2,2025-04-19,m1,19992.421055358518,19992.421055358518,4159.676087951192,24152.09714330971,1545.8104449600864,6000.0,6000.0
Q4-2,2025-04-20,m1,43935.73182960569,43935.73182960569,13723.30627069766,57659.038100303354,3037.666445221778,6000.0,6000.0
Q4-2,2025-04-21,m1,43859.65657679197,43859.65657679197,9102.79028136981,52962.44685816178,2256.7403307144073,6000.0,6000.0
Q4-2,2025-04-22,m1,43801.052658788896,43801.052658788896,10373.10295102464,54174.15560981353,2456.1450163531986,6000.0,6000.0
Q4-2,2025-04-23,m1,44614.38202032547,44614.38202032547,9399.656821182316,54014.03884150779,2215.61765086482,6000.0,6000.0
Q4-2,2025-04-24,m1,43696.61155299613,43696.61155299613,10650.485322878427,54347.09687587456,2220.2825264436547,6000.0,6000.0
Q4-2,2025-04-25,m1,20560.426285934213,20560.426285934213,1690.2193770741173,22250.64566300833,803.5665558423343,6000.0,6000.0
Q4-2,2025-04-26,m1,19771.248489155834,19771.248489155834,3712.45227973035,23483.700768886185,1287.470935853377,6000.0,6000.0
Q4-2,2025-04-27,m1,42592.25642307954,42592.25642307954,15355.433600872033,57947.690023951574,3423.0819917524045,6000.0,6000.0
Q4-2,2025-04-28,m1,42929.81635653139,42929.81635653139,19292.16692843446,62221.98328496585,4299.382797396208,6000.0,6000.0
Q4-2,2025-04-29,m1,42548.540305195485,42548.540305195485,10593.747494125895,53142.28779932138,2467.010043925531,6000.0,6000.0
Q4-2,2025-04-30,m1,42049.48305928151,42049.48305928151,8347.467281068768,50396.95034035028,2007.5260210208016,6000.0,6000.0
Q4-2,2025-05-01,m1,42737.61583826547,42737.61583826547,32979.27491220182,75716.89075046728,6920.323270253193,6000.0,6000.0
Q4-2,2025-05-02,m1,21637.762438040292,21637.762438040292,9049.106966929661,30686.869404969955,2747.992482475987,6000.0,6000.0
Q4-2,2025-05-03,m1,20612.28559036087,20612.28559036087,12225.02606440596,32837.31165476683,3277.142375520669,6000.0,6000.0
Q4-2,2025-05-04,m1,44852.5528476735,44852.5528476735,16938.610743519625,61791.16359119312,3752.7249158263994,6000.0,6000.0
Q4-2,2025-05-05,m1,45232.344134706,45232.344134706,23417.879452623456,68650.22358732946,5118.787725631363,6000.0,6000.0
Q4-2,2025-05-06,m1,46116.00436269924,46116.00436269924,19728.073106148768,65844.077468848,4366.5019740791795,6000.0,6000.0
Q4-2,2025-05-07,m1,45715.84607532159,45715.84607532159,22609.504506585683,68325.35058190727,4773.662703418652,6000.0,6000.0
Q4-2,2025-05-08,m1,46465.81891579701,46465.81891579701,14683.469588765924,61149.28850456294,3101.5526875493697,6000.0,6000.0
Q4-2,2025-05-09,m1,22914.224796956012,22914.224796956012,2940.157809973427,25854.382606929437,1002.9308228618901,6000.0,6000.0
Q4-2,2025-05-10,m1,20962.581270581883,20962.581270581883,8618.27921297693,29580.860483558812,2516.890453286181,6000.0,6000.0
Q4-2,2025-05-11,m1,46093.7621122674,46093.7621122674,14477.305478594422,60571.06759086183,3272.759960122774,6000.0,6000.0
Q4-2,2025-05-12,m1,46098.76857502197,46098.76857502197,10671.226224867578,56769.994799889544,2472.893291606233,6000.0,6000.0
Q4-2,2025-05-13,m1,45620.30649705655,45620.30649705655,10165.070768400506,55785.37726545705,2098.044561707062,6000.0,6000.0
Q4-2,2025-05-14,m1,44978.26969855449,44978.26969855449,11889.535978320757,56867.80567687524,2670.8558148964385,6000.0,6000.0
Q4-2,2025-05-15,m1,45125.55586345676,45125.55586345676,13398.109153040254,58523.66501649701,3101.1176489442655,6000.0,6000.0
Q4-2,2025-05-16,m1,22608.00139492248,22608.00139492248,3374.6643472298024,25982.665742152283,1353.3382622998035,6000.0,6000.0
Q4-2,2025-05-17,m1,21023.547967350078,21023.547967350078,7263.249144039935,28286.797111390013,2194.7051899358203,6000.0,6000.0
Q4-2,2025-05-18,m1,44548.18138270382,44548.18138270382,12507.24690285213,57055.42828555595,3060.0664676087013,6000.0,6000.0
Q4-2,2025-05-19,m1,44691.34500472994,44691.34500472994,9708.490934677237,54399.835939407174,2110.293372330164,6000.0,6000.0
Q4-2,2025-05-20,m1,44502.56530641411,44502.56530641411,11328.741511976272,55831.30681839038,2530.287118004265,6000.0,6000.0
Q4-2,2025-05-21,m1,43947.66431918727,43947.66431918727,15849.68263949305,59797.346958680326,3765.1443969265206,6000.0,6000.0
Q4-2,2025-05-22,m1,44078.343220565206,44078.343220565206,10506.145299443142,54584.48852000835,2277.970512547847,6000.0,6000.0
Q4-2,2025-05-23,m1,22050.595515967852,22050.595515967852,2478.928959159957,24529.524475127808,1128.7776083289816,6000.0,6000.0
Q4-2,2025-05-24,m1,20824.028637954307,20824.028637954307,4870.722275451456,25694.750913405762,1615.2543161687804,6000.0,6000.0
Q4-2,2025-05-25,m1,44136.330143250554,44136.330143250554,11926.791879406814,56063.122022657364,2682.3168316466804,6000.0,6000.0
Q4-2,2025-05-26,m1,43811.18437820947,43811.18437820947,13597.692245093347,57408.87662330282,3091.1811648753355,6000.0,6000.0
Q4-2,2025-05-27,m1,44603.69097033143,44603.69097033143,9252.939582437852,53856.63055276928,2191.47519171065,6000.0,6000.0
Q4-2,2025-05-28,m1,44172.39634947236,44172.39634947236,13962.134425185446,58134.530774657804,3100.168896768627,6000.0,6000.0
Q4-2,2025-05-29,m1,44807.05607585443,44807.05607585443,16675.527556207515,61482.58363206194,3493.8140588941424,6000.0,6000.0
Q4-2,2025-05-30,m1,22518.264091041343,22518.264091041343,1288.7758161069164,23807.03990714826,633.0386773552825,6000.0,6000.0
Q4-2,2025-05-31,m1,20664.694641932307,20664.694641932307,5429.007309558692,26093.701951491,1998.7335498344005,6000.0,6000.0
Q4-2,2025-06-01,m1,46896.620111197655,46896.620111197655,65474.72937122724,112371.34948242489,14326.532948691103,6000.0,6000.0
Q4-2,2025-06-02,m1,48295.434507908445,48295.434507908445,63679.62601693387,111975.06052484232,13671.870991386715,6000.0,6000.0
Q4-2,2025-06-03,m1,51722.56249312975,51722.56249312975,39998.35250604131,91720.91499917106,8700.961837144452,6000.0,6000.0
Q4-2,2025-06-04,m1,52229.5069395826,52229.5069395826,36687.19031178033,88916.69725136293,8207.4328144461,6000.0,6000.0
Q4-2,2025-06-05,m1,54451.156953446174,54451.156953446174,36270.16087825624,90721.31783170241,7476.170631144669,6000.0,6000.0
Q4-2,2025-06-06,m1,28401.359016874252,28401.359016874252,9900.741653897883,38302.10067077214,3334.315231329916,6000.0,6000.0
Q4-2,2025-06-07,m1,24601.343192227105,24601.343192227105,20735.473533839147,45336.81672606625,5600.985366117153,6000.0,6000.0
Q4-2,2025-06-08,m1,55240.215243870436,55240.215243870436,23352.27330708974,78592.48855096017,4497.894077216331,6000.0,6000.0
Q4-2,2025-06-09,m1,57970.25320395529,57970.25320395529,23548.540199979572,81518.79340393486,4514.203824525957,6000.0,6000.0
Q4-2,2025-06-10,m1,58393.512959375206,58393.512959375206,19593.467780345993,77986.9807397212,4169.7382152595155,6000.0,6000.0
Q4-2,2025-06-11,m1,59977.21258876147,59977.21258876147,30964.59256014925,90941.80514891072,6016.271721730027,6000.0,6000.0
Q4-2,2025-06-12,m1,62380.53068342207,62380.53068342207,13669.83731727861,76050.36800070068,2759.4332436382992,6000.0,6000.0
Q4-2,2025-06-13,m1,31178.66117177967,31178.66117177967,2501.956412728806,33680.61758450847,1162.1834463183463,6000.0,6000.0
Q4-2,2025-06-14,m1,27077.672300367096,27077.672300367096,10077.374781238654,37155.04708160575,3138.9830230071116,6000.0,6000.0
Q4-2,2025-06-15,m1,56822.58227580045,56822.58227580045,21376.7525413356,78199.33481713606,4011.633333890656,6000.0,6000.0
Q4-2,2025-06-16,m1,59825.982988106145,59825.982988106145,16050.19820404923,75876.18119215537,3459.7035556743385,6000.0,6000.0
Q4-2,2025-06-17,m1,60460.27152143796,60460.27152143796,24016.889035387496,84477.16055682546,4976.638860073923,6000.0,6000.0
Q4-2,2025-06-18,m1,61145.62076884354,61145.62076884354,10414.866496767421,71560.48726561097,2225.6354849991203,6000.0,6000.0
Q4-2,2025-06-19,m1,58658.05192544413,58658.05192544413,15297.200156096462,73955.25208154059,2996.690366748022,6000.0,6000.0
Q4-2,2025-06-20,m1,30692.73746814972,30692.73746814972,1076.5090835232145,31769.246551672935,536.5457371962251,6000.0,6000.0
Q4-2,2025-06-21,m1,26440.091359136648,26440.091359136648,7565.931820660893,34006.02317979754,2363.4776169904253,6000.0,6000.0
Q4-2,2025-06-22,m1,56232.48493083879,56232.48493083879,16918.39650743807,73150.88143827686,3431.110066992174,6000.0,6000.0
Q4-2,2025-06-23,m1,57665.23387998871,57665.23387998871,14109.273100396314,71774.50698038502,2937.5104492444198,6000.0,6000.0
Q4-2,2025-06-24,m1,59173.02614742371,59173.02614742371,34523.501772232295,93696.52791965602,6991.784847285179,6000.0,6000.0
Q4-2,2025-06-25,m1,58204.32229979693,58204.32229979693,14214.018485638235,72418.34078543517,3181.196764317681,6000.0,6000.0
Q4-2,2025-06-26,m1,57069.158041670074,57069.158041670074,13632.29802422878,70701.45606589885,2829.711928701654,6000.0,6000.0
Q4-2,2025-06-27,m1,28221.934385007025,28221.934385007025,2012.374016100494,30234.30840110752,800.9120694867302,6000.0,6000.0
Q4-2,2025-06-28,m1,25852.726495136514,25852.726495136514,5983.1237728363085,31835.850267972823,2090.4332776162873,6000.0,6000.0
Q4-2,2025-06-29,m1,56361.42431124042,56361.42431124042,18368.515889518974,74729.94020075939,3753.568884838177,6000.0,6000.0
Q4-2,2025-06-30,m1,58580.448875308866,58580.448875308866,11938.075249852845,70518.52412516171,2671.9787466087455,6000.0,6000.0
Q4-2,2025-07-01,m1,66178.11961027994,66178.11961027994,43200.206078544936,109378.32568882487,9910.380851338887,6000.0,6000.0
Q4-2,2025-07-02,m1,65482.29173230016,65482.29173230016,38908.72999786791,104391.02173016807,8601.220739979952,6000.0,6000.0
Q4-2,2025-07-03,m1,66714.89516952299,66714.89516952299,44822.48265100036,111537.37782052335,8720.044280410799,6000.0,6000.0
Q4-2,2025-07-04,m1,35605.94355531864,35605.94355531864,20315.332847198348,55921.27640251699,5612.424120814034,6000.0,6000.0
Q4-2,2025-07-05,m1,33155.56042828594,33155.56042828594,20490.41612542772,53645.97655371366,5810.713982266752,6000.0,6000.0
Q4-2,2025-07-06,m1,64823.73628934242,64823.73628934242,59914.73989890126,124738.47618824369,11268.303498180616,6000.0,6000.0
Q4-2,2025-07-07,m1,69942.92264139862,69942.92264139862,16518.28209814486,86461.20473954348,3095.9265836510826,6000.0,6000.0
Q4-2,2025-07-08,m1,72205.0185971323,72205.0185971323,19380.330653875084,91585.34925100737,3561.8800497218062,6000.0,6000.0
Q4-2,2025-07-09,m1,70732.53785372007,70732.53785372007,14184.51327556944,84917.05112928951,2248.253630091341,6000.0,6000.0
Q4-2,2025-07-10,m1,70689.52092766095,70689.52092766095,14667.761505711464,85357.28243337241,2728.406965955239,6000.0,6000.0
Q4-2,2025-07-11,m1,40068.318470627906,40068.318470627906,3480.175136334195,43548.4936069621,1274.136932115196,6000.0,6000.0
Q4-2,2025-07-12,m1,35732.7182843428,35732.7182843428,10311.245715220184,46043.963999562984,3151.783626612945,6000.0,6000.0
Q4-2,2025-07-13,m1,68457.89338419876,68457.89338419876,15283.282115228765,83741.17549942753,2359.6620139191964,6000.0,6000.0
Q4-2,2025-07-14,m1,68783.64427039343,68783.64427039343,14819.58138281256,83603.22565320598,2637.414818529009,6000.0,6000.0
Q4-2,2025-07-15,m1,69536.21728918553,69536.21728918553,10894.084947690742,80430.30223687628,2036.1145356432794,6000.0,6000.0
Q4-2,2025-07-16,m1,67501.01684548453,67501.01684548453,17687.784574635865,85188.80142012039,3498.035227080983,6000.0,6000.0
Q4-2,2025-07-17,m1,67352.69793006132,67352.69793006132,24757.040033810437,92109.73796387175,4670.5371439924365,6000.0,6000.0
Q4-2,2025-07-18,m1,39197.74547307394,39197.74547307394,2560.1617274614637,41757.9072005354,1047.6801127681783,6000.0,6000.0
Q4-2,2025-07-19,m1,35859.210694197835,35859.210694197835,7973.949269010338,43833.15996320817,2336.367722045424,6000.0,6000.0
Q4-2,2025-07-20,m1,67123.97025560256,67123.97025560256,13230.142293588737,80354.1125491913,2421.6178772253406,6000.0,6000.0
Q4-2,2025-07-21,m1,67801.67940599476,67801.67940599476,19098.267109182263,86899.94651517703,3795.998718236558,6000.0,6000.0
Q4-2,2025-07-22,m1,69082.44029359374,69082.44029359374,12613.905837866818,81696.34613146055,2602.609291048927,6000.0,6000.0
Q4-2,2025-07-23,m1,67572.26430741549,67572.26430741549,21599.21501345823,89171.47932087372,4093.033132986012,6000.0,6000.0
Q4-2,2025-07-24,m1,68386.69344068204,68386.69344068204,18561.223415392215,86947.91685607425,3777.0888793978793,6000.0,6000.0
Q4-2,2025-07-25,m1,38980.42414640136,38980.42414640136,1669.7037807931415,40650.1279271945,643.8399123252063,6000.0,6000.0
Q4-2,2025-07-26,m1,36420.75826366841,36420.75826366841,4725.904332733584,41146.66259640199,1652.840935980018,6000.0,6000.0
Q4-2,2025-07-27,m1,67518.17287376635,67518.17287376635,22603.28971356785,90121.4625873342,4367.3268691199855,6000.0,6000.0
Q4-2,2025-07-28,m1,67879.26898076091,67879.26898076091,25144.580890623547,93023.84987138446,4891.080432975639,6000.0,6000.0
Q4-2,2025-07-29,m1,68586.33039262681,68586.33039262681,16583.15361241797,85169.48400504478,3033.79520191593,6000.0,6000.0
Q4-2,2025-07-30,m1,68728.17184380592,68728.17184380592,18936.286664304032,87664.45850810995,3809.1660092897623,6000.0,6000.0
Q4-2,2025-07-31,m1,69052.49294050969,69052.49294050969,17745.80931156233,86798.30225207203,3193.1617457067605,6000.0,6000.0
Q4-2,2025-08-01,m1,38278.32253251194,38278.32253251194,1239.1088460247943,39517.431378536734,365.87548585423093,6000.0,6000.0
Q4-2,2025-08-02,m1,36177.93463731845,36177.93463731845,3095.372904867958,39273.30754218641,906.7556024632614,6000.0,6000.0
Q4-2,2025-08-03,m1,66845.01732333923,66845.01732333923,10601.939785863126,77446.95710920235,2050.4441200149786,6000.0,6000.0
Q4-2,2025-08-04,m1,65729.49715589618,65729.49715589618,8863.300160629475,74592.79731652566,2030.6694512968209,6000.0,6000.0
Q4-2,2025-08-05,m1,65495.87784915393,65495.87784915393,7964.015903617481,73459.8937527714,1822.2736349866404,6000.0,6000.0
Q4-2,2025-08-06,m1,64679.7982119231,64679.7982119231,20891.40089238915,85571.19910431225,4257.72505809287,6000.0,6000.0
Q4-2,2025-08-07,m1,64730.56370333716,64730.56370333716,12625.515140880423,77356.07884421758,2724.450460633736,6000.0,6000.0
Q4-2,2025-08-08,m1,36494.913836348016,36494.913836348016,1635.4712955748255,38130.38513192284,637.6978804237523,6000.0,6000.0
Q4-2,2025-08-09,m1,35049.5554293241,35049.5554293241,4769.017347587995,39818.57277691209,1687.55531814536,6000.0,6000.0
Q4-2,2025-08-10,m1,63094.08821681072,63094.08821681072,16479.33380617388,79573.4220229846,3361.160398720064,6000.0,6000.0
Q4-2,2025-08-11,m1,62816.75465389109,62816.75465389109,16406.924885356257,79223.67953924734,3484.4962918611845,6000.0,6000.0
Q4-2,2025-08-12,m1,63788.16366053004,63788.16366053004,18566.67072726215,82354.83438779219,3760.061907181005,6000.0,6000.0
Q4-2,2025-08-13,m1,63972.97987041972,63972.97987041972,11051.934974018346,75024.91484443806,2237.822059861075,6000.0,6000.0
Q4-2,2025-08-14,m1,63623.028258563,63623.028258563,22081.440318896133,85704.46857745913,4348.687973537203,6000.0,6000.0
Q4-2,2025-08-15,m1,36749.07358543104,36749.07358543104,3807.583246106135,40556.65683153718,1597.7711062621133,6000.0,6000.0
Q4-2,2025-08-16,m1,34922.56693141107,34922.56693141107,5282.559676179945,40205.12660759102,1647.9044244453376,6000.0,6000.0
Q4-2,2025-08-17,m1,63031.211064660354,63031.211064660354,16223.866936746483,79255.07800140683,3223.2896570243074,6000.0,6000.0
Q4-2,2025-08-18,m1,63808.80031748578,63808.80031748578,18304.940202400547,82113.74051988633,3527.6170656434306,6000.0,6000.0
Q4-2,2025-08-19,m1,63825.16502831345,63825.16502831345,12460.934568056067,76286.09959636952,2575.9862541673647,6000.0,6000.0
Q4-2,2025-08-20,m1,64164.927761779894,64164.927761779894,28290.19537291546,92455.12313469536,5556.445117859763,6000.0,6000.0
Q4-2,2025-08-21,m1,63892.09657434315,63892.09657434315,12474.625839458895,76366.72241380205,2506.6957661214788,6000.0,6000.0
Q4-2,2025-08-22,m1,36759.31415103626,36759.31415103626,3669.878261547283,40429.19241258354,1271.1198835090588,6000.0,6000.0
Q4-2,2025-08-23,m1,35136.280330877154,35136.280330877154,3716.6554032982904,38852.935734175444,1354.8765251685454,6000.0,6000.0
Q4-2,2025-08-24,m1,63302.747582705626,63302.747582705626,21432.00400214386,84734.7515848495,4361.703277333729,6000.0,6000.0
Q4-2,2025-08-25,m1,64725.59311093473,64725.59311093473,21257.116912285186,85982.71002321992,4441.884533504169,6000.0,6000.0
Q4-2,2025-08-26,m1,64848.715245393716,64848.715245393716,14190.443552630672,79039.1587980244,2823.720769510485,6000.0,6000.0
Q4-2,2025-08-27,m1,64865.08299181852,64865.08299181852,20199.857730796757,85064.94072261528,3771.408053596066,6000.0,6000.0
Q4-2,2025-08-28,m1,64645.42340518217,64645.42340518217,19779.2084885826,84424.63189376477,3981.4027189565186,6000.0,6000.0
Q4-2,2025-08-29,m1,37591.898255170534,37591.898255170534,3233.625045833697,40825.52330100423,1090.396837000119,6000.0,6000.0
Q4-2,2025-08-30,m1,35561.345673002004,35561.345673002004,5804.857502907686,41366.203175909686,2010.5091001477379,6000.0,6000.0
Q4-2,2025-08-31,m1,63434.96236545149,63434.96236545149,15493.012876282053,78927.97524173354,3126.7281165889567,6000.0,6000.0
Q4-2,2025-09-01,m1,56890.00441760223,56890.00441760223,253.05367348408276,57143.058091086314,52.995975901189354,6000.0,6000.0
Q4-2,2025-09-02,m1,54790.31064271662,54790.31064271662,4296.024820423739,59086.335463140356,831.2475031112093,6000.0,6000.0
Q4-2,2025-09-03,m1,55082.02552666319,55082.02552666319,3600.5478201543638,58682.57334681755,750.1957387262618,6000.0,6000.0
Q4-2,2025-09-04,m1,52539.45260418036,52539.45260418036,9254.537402576218,61793.990006756576,1852.899779058457,6000.0,6000.0
Q4-2,2025-09-05,m1,28850.713742628133,28850.713742628133,78.21806689979167,28928.931809527923,30.60783793024177,6000.0,6000.0
Q4-2,2025-09-06,m1,25489.88262192327,25489.88262192327,4352.597300565636,29842.479922488907,1991.2310511756516,6000.0,6000.0
Q4-2,2025-09-07,m1,49830.221587047956,49830.221587047956,11590.151778892794,61420.37336594075,2117.3393643535765,6000.0,6000.0
Q4-2,2025-09-08,m1,48805.15586562839,48805.15586562839,24082.800582025604,72887.956447654,5108.343318838686,6000.0,6000.0
Q4-2,2025-09-09,m1,49553.59347830009,49553.59347830009,17191.358983933616,66744.9524622337,3463.5076540533,6000.0,6000.0
Q4-2,2025-09-10,m1,50120.113418272944,50120.113418272944,23939.936668793714,74060.05008706666,5011.779716863215,6000.0,6000.0
Q4-2,2025-09-11,m1,50314.993202157304,50314.993202157304,16407.93416242601,66722.92736458332,3164.011663897759,6000.0,6000.0
Q4-2,2025-09-12,m1,27354.386461303166,27354.386461303166,1854.271103135829,29208.657564438996,673.3474968501389,6000.0,6000.0
Q4-2,2025-09-13,m1,25525.553445736514,25525.553445736514,4175.838499457448,29701.391945193962,1932.259567795049,6000.0,6000.0
Q4-2,2025-09-14,m1,50936.511572437084,50936.511572437084,18468.770077081714,69405.2816495188,3702.3591482126685,6000.0,6000.0
Q4-2,2025-09-15,m1,51153.842702124835,51153.842702124835,16627.59199896246,67781.4347010873,3401.418775985506,6000.0,6000.0
Q4-2,2025-09-16,m1,51393.19103766397,51393.19103766397,18078.56956077908,69471.76059844306,3908.297609309393,6000.0,6000.0
Q4-2,2025-09-17,m1,52030.59221860953,52030.59221860953,16447.406340357407,68477.99855896694,3417.7988297118964,6000.0,6000.0
Q4-2,2025-09-18,m1,50935.611689932455,50935.611689932455,19487.5823500429,70423.19403997535,3933.038846675176,6000.0,6000.0
Q4-2,2025-09-19,m1,28679.591250715806,28679.591250715806,1475.9937277969075,30155.584978512714,750.0695346737384,6000.0,6000.0
Q4-2,2025-09-20,m1,26000.6950097449,26000.6950097449,4797.200541141929,30797.89555088683,1865.5930386039786,6000.0,6000.0
Q4-2,2025-09-21,m1,52960.59331275412,52960.59331275412,13256.652376109061,66217.24568886319,2640.707758692531,6000.0,6000.0
Q4-2,2025-09-22,m1,52866.47452995928,52866.47452995928,17691.57317126952,70558.0477012288,3861.3080665372877,6000.0,6000.0
Q4-2,2025-09-23,m1,52843.6383702381,52843.6383702381,21672.94150622998,74516.57987646808,4359.766426479089,6000.0,6000.0
Q4-2,2025-09-24,m1,53238.60467656884,53238.60467656884,16026.107240537305,69264.71191710615,3601.69857502441,6000.0,6000.0
Q4-2,2025-09-25,m1,53334.39313168843,53334.39313168843,15869.379496491441,69203.77262817987,3613.341196995525,6000.0,6000.0
Q4-2,2025-09-26,m1,28459.62388933738,28459.62388933738,594.6580816785929,29054.281971015975,232.89076673324118,6000.0,6000.0
Q4-2,2025-09-27,m1,26628.080831685933,26628.080831685933,5111.531835552814,31739.612667238747,1768.2214487022638,6000.0,6000.0
Q4-2,2025-09-28,m1,53001.67518212853,53001.67518212853,19554.789456417882,72556.46463854641,4036.611299961008,6000.0,6000.0
Q4-2,2025-09-29,m1,53599.01135843257,53599.01135843257,19326.668859579207,72925.68021801178,4027.890792800994,6000.0,6000.0
Q4-2,2025-09-30,m1,53973.694874140856,53973.694874140856,24957.152778849315,78930.84765299017,5206.214593129205,6000.0,6000.0
Q4-2,2025-10-01,m1,52871.10282312414,52871.10282312414,4949.895519921656,57820.9983430458,1262.7604617631741,6000.0,6000.0
Q4-2,2025-10-02,m1,49494.02862296169,49494.02862296169,8485.446002765204,57979.47462572689,1919.7209695689567,6000.0,6000.0
Q4-2,2025-10-03,m1,25449.98810941301,25449.98810941301,998.1763857261215,26448.16449513913,512.7539755792632,6000.0,6000.0
Q4-2,2025-10-04,m1,24290.191586319306,24290.191586319306,2894.1346802554367,27184.326266574742,1027.9745997337657,6000.0,6000.0
Q4-2,2025-10-05,m1,50019.636406910315,50019.636406910315,9538.875648851352,59558.51205576167,2048.7747012964624,6000.0,6000.0
Q4-2,2025-10-06,m1,51263.51585106259,51263.51585106259,9326.302145958105,60589.8179970207,1948.6355363032308,6000.0,6000.0
Q4-2,2025-10-07,m1,50511.753379913665,50511.753379913665,11633.71916453215,62145.472544445816,2449.156281571068,6000.0,6000.0
Q4-2,2025-10-08,m1,48300.34455909168,48300.34455909168,19341.438153419353,67641.78271251103,3990.878466873372,6000.0,6000.0
Q4-2,2025-10-09,m1,49605.44883236021,49605.44883236021,16465.910784914366,66071.35961727457,3519.217405758465,6000.0,6000.0
Q4-2,2025-10-10,m1,24977.671964337707,24977.671964337707,2217.152119256548,27194.824083594256,1046.9370698938992,6000.0,6000.0
Q4-2,2025-10-11,m1,23682.286661888473,23682.286661888473,4607.435929824154,28289.722591712627,1559.9998450299336,6000.0,6000.0
Q4-2,2025-10-12,m1,49294.66382671038,49294.66382671038,17516.391026415455,66811.05485312582,3540.311713719738,6000.0,6000.0
Q4-2,2025-10-13,m1,51372.76218603001,51372.76218603001,11573.80618035034,62946.56836638035,2379.071501100567,6000.0,6000.0
Q4-2,2025-10-14,m1,52109.07494255978,52109.07494255978,14883.66760839069,66992.74255095047,3234.95331386015,6000.0,6000.0
Q4-2,2025-10-15,m1,50541.1958581855,50541.1958581855,20224.258647944873,70765.45450613037,4259.256453558489,6000.0,6000.0
Q4-2,2025-10-16,m1,51102.68658741072,51102.68658741072,29006.072858872325,80108.75944628305,6052.488082097792,6000.0,6000.0
Q4-2,2025-10-17,m1,26368.810274881314,26368.810274881314,1685.6771130620043,28054.487387943318,902.6925278814663,6000.0,6000.0
Q4-2,2025-10-18,m1,24141.338655679276,24141.338655679276,2830.3526477670534,26971.69130344633,1224.61351667571,6000.0,6000.0
Q4-2,2025-10-19,m1,51709.75224082105,51709.75224082105,29356.592840366244,81066.34508118729,6028.459656227824,6000.0,6000.0
Q4-2,2025-10-20,m1,54365.816314935,54365.816314935,15730.465966860304,70096.2822817953,3135.0595275293026,6000.0,6000.0
Q4-2,2025-10-21,m1,54878.93012997404,54878.93012997404,12371.81867037046,67250.7488003445,2695.703827550344,6000.0,6000.0
Q4-2,2025-10-22,m1,52807.76341174531,52807.76341174531,28079.10247494912,80886.86588669443,5486.811032280049,6000.0,6000.0
Q4-2,2025-10-23,m1,53589.69305939306,53589.69305939306,16806.416217984246,70396.10927737731,3457.0969354169224,6000.0,6000.0
Q4-2,2025-10-24,m1,26062.046746564803,26062.046746564803,3031.462953592785,29093.50970015759,1212.706495067962,6000.0,6000.0
Q4-2,2025-10-25,m1,24852.356890899628,24852.356890899628,3751.5702692131485,28603.927160112777,1213.423543684049,6000.0,6000.0
Q4-2,2025-10-26,m1,54972.43949305736,54972.43949305736,12554.794386701175,67527.23387975854,2571.890401310916,6000.0,6000.0
Q4-2,2025-10-27,m1,56054.91869565853,56054.91869565853,14545.741238028215,70600.65993368675,3121.3305448336514,6000.0,6000.0
Q4-2,2025-10-28,m1,56754.99846820072,56754.99846820072,12186.522004296656,68941.52047249737,2595.8057990457864,6000.0,6000.0
Q4-2,2025-10-29,m1,55027.4406258301,55027.4406258301,25655.731651943704,80683.1722777738,5238.19867990074,6000.0,6000.0
Q4-2,2025-10-30,m1,55871.80717722417,55871.80717722417,16478.90733217127,72350.71450939545,3516.272334625903,6000.0,6000.0
Q4-2,2025-10-31,m1,27388.15086552094,27388.15086552094,1518.7103451496118,28906.86121067055,669.5647588897743,6000.0,6000.0
Q4-2,2025-11-01,m1,24612.463165967456,24612.463165967456,4438.432166531031,29050.895332498487,1568.9191231201744,6000.0,6000.0
Q4-2,2025-11-02,m1,56088.46721698933,56088.46721698933,22699.2082932791,78787.67551026843,4420.382893185969,6000.0,6000.0
Q4-2,2025-11-03,m1,57891.32253821321,57891.32253821321,11269.423190637115,69160.74572885032,2507.3908120607093,6000.0,6000.0
Q4-2,2025-11-04,m1,58224.0434986252,58224.0434986252,12214.893071185003,70438.9365698102,2484.561325213086,6000.0,6000.0
Q4-2,2025-11-05,m1,58388.2318317989,58388.2318317989,15029.196870638807,73417.4287024377,3305.449821923656,6000.0,6000.0
Q4-2,2025-11-06,m1,59142.39549459657,59142.39549459657,19817.879450974477,78960.27494557104,4038.1748159571434,6000.0,6000.0
Q4-2,2025-11-07,m1,28491.36050513535,28491.36050513535,1673.6021577076087,30164.96266284296,737.6531077251233,6000.0,6000.0
Q4-2,2025-11-08,m1,25816.917940640516,25816.917940640516,3260.828157946021,29077.746098586536,1062.3993669234555,6000.0,6000.0
Q4-2,2025-11-09,m1,58785.45668676155,58785.45668676155,19401.6591167064,78187.11580346795,3922.966117738403,6000.0,6000.0
Q4-2,2025-11-10,m1,60178.96860700667,60178.96860700667,20594.756280739275,80773.72488774595,4000.655963242325,6000.0,6000.0
Q4-2,2025-11-11,m1,60770.4990506599,60770.4990506599,11596.554412884347,72367.05346354425,2465.053124612086,6000.0,6000.0
Q4-2,2025-11-12,m1,60746.16963327036,60746.16963327036,13618.423562026397,74364.59319529675,2748.375555938829,6000.0,6000.0
Q4-2,2025-11-13,m1,60877.811900924076,60877.811900924076,16092.371009719624,76970.18291064369,3356.914638646947,6000.0,6000.0
Q4-2,2025-11-14,m1,29149.806524074556,29149.806524074556,695.7731411040787,29845.579665178637,373.6667257732717,6000.0,6000.0
Q4-2,2025-11-15,m1,26151.38564480896,26151.38564480896,4802.372592621211,30953.75823743017,1455.223383273631,6000.0,6000.0
Q4-2,2025-11-16,m1,61400.60171992154,61400.60171992154,20633.552808985238,82034.15452890677,4061.5718935277328,6000.0,6000.0
Q4-2,2025-11-17,m1,62505.419076455495,62505.419076455495,10310.679189981138,72816.09826643663,2055.378566170489,6000.0,6000.0
Q4-2,2025-11-18,m1,61866.16807637669,61866.16807637669,14466.044031374786,76332.21210775147,2882.011506247485,6000.0,6000.0
Q4-2,2025-11-19,m1,62574.67788161505,62574.67788161505,18886.107545464896,81460.78542707994,3902.970224722821,6000.0,6000.0
Q4-2,2025-11-20,m1,62941.9334410797,62941.9334410797,14323.465020400696,77265.39846148039,3015.062215631955,6000.0,6000.0
Q4-2,2025-11-21,m1,30139.32663383294,30139.32663383294,1874.287387840745,32013.614021673686,927.9593469869686,6000.0,6000.0
Q4-2,2025-11-22,m1,26563.635345942406,26563.635345942406,6871.332184099425,33434.96753004183,2116.8822165029515,6000.0,6000.0
Q4-2,2025-11-23,m1,63587.44263152906,63587.44263152906,18600.47609577389,82187.91872730295,3624.303901556535,6000.0,6000.0
Q4-2,2025-11-24,m1,63575.85196363152,63575.85196363152,11999.864646616388,75575.71661024791,2494.2174767607485,6000.0,6000.0
Q4-2,2025-11-25,m1,63082.080003850686,63082.080003850686,15776.182616549177,78858.26262039987,3101.745954157756,6000.0,6000.0
Q4-2,2025-11-26,m1,63647.241049218996,63647.241049218996,16287.947109601133,79935.18815882012,3250.1446699774883,6000.0,6000.0
Q4-2,2025-11-27,m1,64116.70607493203,64116.70607493203,13929.515667003676,78046.2217419357,2901.1673213219037,6000.0,6000.0
Q4-2,2025-11-28,m1,30269.97384010058,30269.97384010058,1576.6218253483994,31846.595665448982,662.822182516987,6000.0,6000.0
Q4-2,2025-11-29,m1,27454.758340567325,27454.758340567325,4997.018307785576,32451.7766483529,1681.6916454759457,6000.0,6000.0
Q4-2,2025-11-30,m1,64864.42205388239,64864.42205388239,24842.88916525861,89707.311219141,4912.251590752177,6000.0,6000.0
Q4-2,2025-12-01,m1,71208.04368838978,71208.04368838978,46742.894971634145,117950.93866002392,9529.767285162005,6000.0,6000.0
Q4-2,2025-12-02,m1,74514.3519208543,74514.3519208543,43181.98138458982,117696.33330544412,8470.004846385595,6000.0,6000.0
Q4-2,2025-12-03,m1,75624.33609868743,75624.33609868743,30909.679799814192,106534.01589850162,6600.599156612357,6000.0,6000.0
Q4-2,2025-12-04,m1,76849.5188009115,76849.5188009115,27157.609073684664,104007.12787459616,5217.751778104588,6000.0,6000.0
Q4-2,2025-12-05,m1,36943.27024903039,36943.27024903039,5450.19354260061,42393.463791631,2276.356589868682,6000.0,6000.0
Q4-2,2025-12-06,m1,31766.584939500965,31766.584939500965,14857.41509319557,46624.00003269654,4665.631002391567,6000.0,6000.0
Q4-2,2025-12-07,m1,80984.27729255919,80984.27729255919,13332.33338493083,94316.61067749001,2461.3507491291793,6000.0,6000.0
Q4-2,2025-12-08,m1,81958.62882956072,81958.62882956072,8360.812502018383,90319.4413315791,1460.1850535628782,6000.0,6000.0
Q4-2,2025-12-09,m1,82073.11258880436,82073.11258880436,13627.66857475678,95700.78116356114,2281.2229505470677,6000.0,6000.0
Q4-2,2025-12-10,m1,81989.22746011558,81989.22746011558,11285.422527795607,93274.6499879112,2294.4913933113994,6000.0,6000.0
Q4-2,2025-12-11,m1,79877.25797613864,79877.25797613864,11035.388289918908,90912.64626605755,2104.2909747111053,6000.0,6000.0
Q4-2,2025-12-12,m1,36912.69180278748,36912.69180278748,5190.840456277207,42103.53225906468,2074.340042915831,6000.0,6000.0
Q4-2,2025-12-13,m1,34148.48690555993,34148.48690555993,8366.962418459701,42515.44932401963,2640.916068605201,6000.0,6000.0
Q4-2,2025-12-14,m1,82233.95795767225,82233.95795767225,14014.66545279762,96248.62341046987,2407.691902916147,6000.0,6000.0
Q4-2,2025-12-15,m1,82470.80201949459,82470.80201949459,13360.16074349937,95830.96276299395,2434.31388159323,6000.0,6000.0
Q4-2,2025-12-16,m1,82250.09266069604,82250.09266069604,12409.37008840109,94659.46274909713,2199.431642194141,6000.0,6000.0
Q4-2,2025-12-17,m1,81626.57871148322,81626.57871148322,10931.944187429672,92558.5228989129,2140.5465178055074,6000.0,6000.0
Q4-2,2025-12-18,m1,81115.87866089158,81115.87866089158,14671.792016185416,95787.670677077,2591.036689665145,6000.0,6000.0
Q4-2,2025-12-19,m1,38103.785755997735,38103.785755997735,3838.892752979029,41942.678508976765,1570.5611837328618,6000.0,6000.0
Q4-2,2025-12-20,m1,34020.65307794829,34020.65307794829,7094.045707389764,41114.698785338056,2503.9037933834725,6000.0,6000.0
Q4-2,2025-12-21,m1,80917.64512241582,80917.64512241582,15814.073051523097,96731.71817393892,2969.204149937821,6000.0,6000.0
Q4-2,2025-12-22,m1,83195.67111632755,83195.67111632755,11484.993212476424,94680.66432880398,2083.208167662194,6000.0,6000.0
Q4-2,2025-12-23,m1,82335.2203761199,82335.2203761199,6270.612480005471,88605.83285612537,1105.5333174282646,6000.0,6000.0
Q4-2,2025-12-24,m1,79765.95038355887,79765.95038355887,16396.28760285196,96162.23798641082,2949.498947160747,6000.0,6000.0
Q4-2,2025-12-25,m1,79941.53786686776,79941.53786686776,14600.17704543241,94541.71491230017,2931.86883020196,6000.0,6000.0
Q4-2,2025-12-26,m1,37504.20001695177,37504.20001695177,4038.7920916874764,41542.99210863925,1511.3009688820991,6000.0,6000.0
Q4-2,2025-12-27,m1,33992.87998181518,33992.87998181518,5854.977810993589,39847.85779280877,1914.7275568893688,6000.0,6000.0
Q4-2,2025-12-28,m1,80905.28432077041,80905.28432077041,10304.279781712306,91209.56410248272,1901.8480742141123,6000.0,6000.0
Q4-2,2025-12-29,m1,81057.63891249573,81057.63891249573,7100.697651836415,88158.33656433214,1313.3130970189063,6000.0,6000.0
Q4-2,2025-12-30,m1,80396.65140451556,80396.65140451556,8946.603801033874,89343.25520554945,1557.9745732217502,6000.0,6000.0
Q4-2,2025-12-31,m1,79853.71670927369,79853.71670927369,18242.379876130217,98096.09658540391,3340.018768837169,6000.0,6000.0
Q4-2,2025-02-01,m2,19068.668624885722,19068.668624885722,2058.9892990431167,21127.65792392884,763.2592019885549,1200.0000000000068,1199.9999999999925
Q4-2,2025-02-02,m2,60948.59735455703,60948.59735455703,4773.721582032873,65722.3189365899,829.420121622425,1199.9999999999925,1199.9999999999975
Q4-2,2025-02-03,m2,58930.15360931633,58930.15360931633,8697.489355946474,67627.6429652628,1695.502376013207,1199.9999999999975,1200.0000000000036
Q4-2,2025-02-04,m2,58724.410779883736,58724.410779883736,15798.377277786625,74522.78805767036,2979.255058336392,1200.0000000000036,1200.0000000000045
Q4-2,2025-02-05,m2,58962.39555065456,58962.39555065456,12925.288489361908,71887.68404001647,2538.66592585107,1200.0000000000045,1200.0000000000114
Q4-2,2025-02-06,m2,58715.50901725507,58715.50901725507,12236.502166987317,70952.01118424238,2263.1059671803723,1200.0000000000114,1200.0000000000055
Q4-2,2025-02-07,m2,19888.294064297646,19888.294064297646,2548.9459315803815,22437.23999587803,974.9548676124172,1200.0000000000055,1199.9999999999955
Q4-2,2025-02-08,m2,16770.75778177625,16770.75778177625,4045.8926823661277,20816.650464142378,1500.3788161423704,1199.9999999999955,1199.9999999999934
Q4-2,2025-02-09,m2,56560.391087463344,56560.391087463344,12608.743670276202,69169.13475773955,2538.4413320103777,1199.9999999999934,1200.0000000000082
Q4-2,2025-02-10,m2,54854.8786089957,54854.8786089957,8389.006630827043,63243.88523982275,1790.5172527630657,1200.0000000000082,1200.0000000000061
Q4-2,2025-02-11,m2,54355.48562940907,54355.48562940907,10470.776577706158,64826.26220711523,1942.01288024286,1200.0000000000061,1200.0000000000055
Q4-2,2025-02-12,m2,54001.16211199551,54001.16211199551,11612.074827626375,65613.23693962189,2338.8012263359183,1200.0000000000055,1200.000000000001
Q4-2,2025-02-13,m2,52334.28783651281,52334.28783651281,8183.569701830028,60517.85753834284,1740.0517883713694,1200.000000000001,1200.0000000000077
Q4-2,2025-02-14,m2,17019.460496644242,17019.460496644242,3831.3358149952637,20850.796311639504,1535.8406454535523,1200.0000000000077,1200.0000000000027
Q4-2,2025-02-15,m2,15800.152367773906,15800.152367773906,5467.835133983892,21267.987501757798,1960.5117407355715,1200.0000000000027,1200.0000000000023
Q4-2,2025-02-16,m2,52250.62922188474,52250.62922188474,14105.917257991765,66356.5464798765,2810.11325600873,1200.0000000000023,1200.0000000000023
Q4-2,2025-02-17,m2,50513.74722530575,50513.74722530575,9242.36994964857,59756.11717495432,1979.5097505734138,1200.0000000000023,1200.0000000000005
Q4-2,2025-02-18,m2,48810.7345056044,48810.7345056044,12415.773383299926,61226.50788890432,2459.452320160749,1200.0000000000005,1200.0000000000132
Q4-2,2025-02-19,m2,48238.59973079982,48238.59973079982,19932.85930773543,68171.45903853525,4035.3126827964943,1200.0000000000132,1199.9999999999973
Q4-2,2025-02-20,m2,49433.02268762105,49433.02268762105,12868.962269315722,62301.98495693677,2505.428969256144,1199.9999999999973,1200.000000000005
Q4-2,2025-02-21,m2,16604.771494779576,16604.771494779576,3085.5133705543135,19690.284865333888,1382.6538685977025,1200.000000000005,1199.9999999999948
Q4-2,2025-02-22,m2,15023.852938914977,15023.852938914977,5417.078701187226,20440.931640102204,1886.9741047848288,1199.9999999999948,1200.00000000002
Q4-2,2025-02-23,m2,48766.341278574895,48766.341278574895,12393.015943785267,61159.357222360166,2560.0678477744277,1200.00000000002,1200.0000000000025
Q4-2,2025-02-24,m2,47187.80514431825,47187.80514431825,11593.172682314362,58780.97782663261,2329.5273566055494,1200.0000000000025,1200.000000000009
Q4-2,2025-02-25,m2,46338.6854118152,46338.6854118152,9306.465589057034,55645.15100087223,2050.3689446968324,1200.000000000009,1200.0000000000043
Q4-2,2025-02-26,m2,45487.65168608296,45487.65168608296,15954.724452916535,61442.37613899949,3463.6466238546996,1200.0000000000043,1200.0000000000036
Q4-2,2025-02-27,m2,44273.21647932989,44273.21647932989,16627.244960538617,60900.46143986851,3069.953612111142,1200.0000000000036,1200.0000000000007
Q4-2,2025-02-28,m2,15658.773988516163,15658.773988516163,1820.7414788267133,17479.515467342877,903.8292696625549,1200.0000000000007,1199.999999999993
Q4-2,2025-03-01,m2,14014.260613467532,14014.260613467532,4294.481901303548,18308.74251477108,1307.9365541815969,1199.999999999993,1200.0000000000045
Q4-2,2025-03-02,m2,44747.27362078948,44747.27362078948,33194.45596457839,77941.72958536787,7025.28477709771,1200.0000000000045,1200.0000000000014
Q4-2,2025-03-03,m2,43943.58934148614,43943.58934148614,34575.52280725558,78519.11214874173,7237.807509714894,1200.0000000000014,1199.9999999999977
Q4-2,2025-03-04,m2,45412.38813161991,45412.38813161991,14444.749962843043,59857.138094462956,3283.4166356250935,1199.9999999999977,1200.0000000000023
Q4-2,2025-03-05,m2,43939.06730170543,43939.06730170543,11252.327836106027,55191.39513781146,2336.287855944145,1200.0000000000023,1199.9999999999939
Q4-2,2025-03-06,m2,43390.246368562,43390.246368562,12003.928689243901,55394.1750578059,2637.061366344142,1199.9999999999939,1200.0000000000016
Q4-2,2025-03-07,m2,14268.230920137765,14268.230920137765,2310.203341669403,16578.434261807168,907.1054068722046,1200.0000000000016,1200.000000000011
Q4-2,2025-03-08,m2,13004.74161686568,13004.74161686568,2571.774218624277,15576.515835489958,977.492477597358,1200.000000000011,1200.0000000000032
Q4-2,2025-03-09,m2,44846.736538155594,44846.736538155594,9303.147471930615,54149.88401008621,2060.2122767563606,1200.0000000000032,1200.0
Q4-2,2025-03-10,m2,43745.4426829672,43745.4426829672,18138.027690311843,61883.470373279044,4260.462116636363,1200.0,1200.0000000000018
Q4-2,2025-03-11,m2,42884.02190603595,42884.02190603595,11552.965083813364,54436.98698984932,2593.3367824283564,1200.0000000000018,1199.9999999999968
Q4-2,2025-03-12,m2,41072.30040575532,41072.30040575532,12587.564037586682,53659.864443342,2913.1317649013154,1199.9999999999968,1199.999999999995
Q4-2,2025-03-13,m2,41295.4926814301,41295.4926814301,27640.103863674354,68935.59654510446,6199.399142911803,1199.999999999995,1199.9999999999982
Q4-2,2025-03-14,m2,13314.205827648584,13314.205827648584,2034.1884226329175,15348.3942502815,880.349321270775,1199.9999999999982,1200.0000000000018
Q4-2,2025-03-15,m2,12198.373842744864,12198.373842744864,7570.29210606169,19768.665948806556,2372.0559717505053,1200.0000000000018,1199.9999999999927
Q4-2,2025-03-16,m2,42180.99706527479,42180.99706527479,11890.573357956222,54071.57042323101,2669.9775977636928,1199.9999999999927,1199.999999999999
Q4-2,2025-03-17,m2,40394.79497196764,40394.79497196764,7916.077208308184,48310.87218027582,1789.8780529837431,1199.999999999999,1199.999999999996
Q4-2,2025-03-18,m2,39600.098144251264,39600.098144251264,14113.57790114491,53713.676045396176,2835.9933117741753,1199.999999999996,1200.0000000000018
Q4-2,2025-03-19,m2,38730.543097679474,38730.543097679474,11094.72990986433,49825.2730075438,2531.5627749920714,1200.0000000000018,1200.0000000000136
Q4-2,2025-03-20,m2,39477.90639026104,39477.90639026104,13644.447598937315,53122.35398919836,3162.24997761911,1200.0000000000136,1200.0000000000018
Q4-2,2025-03-21,m2,13288.654421452255,13288.654421452255,1779.7012801717635,15068.355701624017,813.9048304599271,1200.0000000000018,1199.999999999995
Q4-2,2025-03-22,m2,11248.714480448683,11248.714480448683,5554.829322636665,16803.543803085347,1840.4576435479119,1199.999999999995,1200.0000000000043
Q4-2,2025-03-23,m2,38194.25555539252,38194.25555539252,12621.067519902623,50815.32307529514,2807.156446726125,1200.0000000000043,1200.0000000000036
Q4-2,2025-03-24,m2,37224.46015211516,37224.46015211516,11588.31650141145,48812.77665352661,2697.52390356904,1200.0000000000036,1200.0000000000027
Q4-2,2025-03-25,m2,37078.63134454355,37078.63134454355,17503.24648524682,54581.87782979037,4235.759302008884,1200.0000000000027,1199.9999999999995
Q4-2,2025-03-26,m2,36702.62472727635,36702.62472727635,9729.317200578762,46431.941927855114,2308.504114454788,1199.9999999999995,1200.000000000002
Q4-2,2025-03-27,m2,36238.87378960615,36238.87378960615,14726.713742778438,50965.58753238459,3457.235018503291,1200.000000000002,1200.000000000001
Q4-2,2025-03-28,m2,12824.551992035438,12824.551992035438,2974.9816334724364,15799.533625507875,1045.0507494299184,1200.000000000001,1200.0000000000045
Q4-2,2025-03-29,m2,11240.53143513299,11240.53143513299,5383.429951839273,16623.961386972263,1701.1237647615962,1200.0000000000045,1200.0000000000066
Q4-2,2025-03-30,m2,34735.192374542195,34735.192374542195,11533.139001059284,46268.33137560148,2677.552016220632,1200.0000000000066,1200.0000000000045
Q4-2,2025-03-31,m2,35069.63677071755,35069.63677071755,16464.610313402452,51534.247084120005,3695.9312421654413,1200.0000000000045,1199.9999999999995
Q4-2,2025-04-01,m2,36034.43852990333,36034.43852990333,20811.32814515139,56845.76667505472,5335.011749838854,1199.9999999999995,1200.0000000000045
Q4-2,2025-04-02,m2,34120.588895873865,34120.588895873865,33442.0119159336,67562.60081180747,7653.9974111276215,1200.0000000000045,1199.9999999999948
Q4-2,2025-04-03,m2,35975.17516654338,35975.17516654338,13292.927240898869,49268.102407442246,3079.625071584468,1199.9999999999948,1199.9999999999952
Q4-2,2025-04-04,m2,12199.46711748639,12199.46711748639,2729.5759729747965,14929.043090461188,1088.3524073245999,1199.9999999999952,1200.0000000000086
Q4-2,2025-04-05,m2,10926.819958067692,10926.819958067692,6336.383517914781,17263.203475982475,2196.378536663245,1200.0000000000086,1199.9999999999936
Q4-2,2025-04-06,m2,34496.15993849309,34496.15993849309,11009.269451902679,45505.429390395766,2424.4590629042914,1199.9999999999936,1200.000000000013
Q4-2,2025-04-07,m2,34692.430139736636,34692.430139736636,7635.167189029041,42327.597328765674,1878.282295297915,1200.000000000013,1200.0000000000011
Q4-2,2025-04-08,m2,34419.35501959019,34419.35501959019,16332.64993257248,50752.00495216267,3464.8362078598366,1200.0000000000011,1199.9999999999973
Q4-2,2025-04-09,m2,33987.54370912354,33987.54370912354,21801.72512016903,55789.268829292574,5462.5056717112475,1199.9999999999973,1200.0000000000093
Q4-2,2025-04-10,m2,34249.36761690947,34249.36761690947,14381.465361258728,48630.8329781682,3135.4844302882952,1200.0000000000093,1200.000000000006
Q4-2,2025-04-11,m2,11906.026231225042,11906.026231225042,2174.779056541244,14080.805287766285,1007.3978566280059,1200.000000000006,1200.0000000000018
Q4-2,2025-04-12,m2,10351.279559529868,10351.279559529868,4044.3445292787164,14395.624088808585,1614.7559287771228,1200.0000000000018,1199.9999999999995
Q4-2,2025-04-13,m2,33523.15905028197,33523.15905028197,14729.423196853331,48252.5822471353,3216.5451872067742,1199.9999999999995,1200.0000000000086
Q4-2,2025-04-14,m2,32991.719331042834,32991.719331042834,8699.187868510078,41690.90719955291,2118.0156487831064,1200.0000000000086,1200.00000000001
Q4-2,2025-04-15,m2,32969.3373080794,32969.3373080794,10034.378338446997,43003.7156465264,2160.6888047511275,1200.00000000001,1199.9999999999961
Q4-2,2025-04-16,m2,33666.5019051843,33666.5019051843,13567.991644641781,47234.493549826075,3278.279267391755,1199.9999999999961,1200.000000000007
Q4-2,2025-04-17,m2,32702.729882719643,32702.729882719643,13290.07899488467,45992.808877604315,2835.3373507224387,1200.000000000007,1199.9999999999986
Q4-2,2025-04-18,m2,11271.823891440568,11271.823891440568,2935.511990818943,14207.335882259511,1368.9364332905632,1199.9999999999986,1200.000000000007
Q4-2,2025-04-19,m2,10108.897994680183,10108.897994680183,4903.210910359461,15012.108905039644,1788.7280147110719,1200.000000000007,1199.9999999999989
Q4-2,2025-04-20,m2,31869.02842267396,31869.02842267396,14990.783940070276,46859.81236274424,3304.5656980132917,1199.9999999999989,1199.9999999999955
Q4-2,2025-04-21,m2,31604.613387900936,31604.613387900936,9193.614025248877,40798.22741314981,2276.5909275446065,1199.9999999999955,1200.00000000001
Q4-2,2025-04-22,m2,31629.59863720555,31629.59863720555,12513.170443682167,44142.769080887716,3008.981455482416,1200.00000000001,1199.9999999999936
Q4-2,2025-04-23,m2,33021.686421617145,33021.686421617145,9692.614996805729,42714.301418422874,2303.7844175847144,1199.9999999999936,1200.0000000000073
Q4-2,2025-04-24,m2,31509.721266601897,31509.721266601897,10719.476680389895,42229.19794699179,2252.3597195750244,1200.0000000000073,1199.9999999999998
Q4-2,2025-04-25,m2,10412.19631492991,10412.19631492991,1892.8920251582974,12305.088340088207,882.3661857350949,1199.9999999999998,1200.0000000000016
Q4-2,2025-04-26,m2,9654.868085420385,9654.868085420385,4460.129259667162,14114.997345087548,1569.7247162667072,1200.0000000000016,1200.0000000000039
Q4-2,2025-04-27,m2,29895.770143815906,29895.770143815906,15653.600459819705,45549.37060363561,3503.0784870507614,1200.0000000000039,1200.0000000000048
Q4-2,2025-04-28,m2,30392.431883441295,30392.431883441295,36272.27382993069,66664.70571337198,8625.825685105532,1200.0000000000048,1200.0000000000095
Q4-2,2025-04-29,m2,30486.87034986286,30486.87034986286,10645.08630959416,41131.95665945702,2478.771513677711,1200.0000000000095,1200.000000000005
Q4-2,2025-04-30,m2,30661.872278635114,30661.872278635114,9166.459593834921,39828.33187247004,2201.4304916096853,1200.000000000005,1200.0000000000045
Q4-2,2025-05-01,m2,29333.542502686774,29333.542502686774,33823.55508212546,63157.09758481223,7113.306769736504,1200.0000000000045,1200.0000000000011
Q4-2,2025-05-02,m2,11250.0338131213,11250.0338131213,13990.531179651789,25240.56499277309,4487.934618590733,1200.0000000000011,1199.9999999999966
Q4-2,2025-05-03,m2,10370.744988871873,10370.744988871873,13322.877058365719,23693.622047237594,3699.4489980704825,1199.9999999999966,1199.9999999999968
Q4-2,2025-05-04,m2,32307.03190550461,32307.03190550461,21194.31583404333,53501.34773954794,5077.225595874258,1199.9999999999968,1200.000000000008
Q4-2,2025-05-05,m2,32402.62145791107,32402.62145791107,28798.008520985717,61200.62997889679,6309.127432885116,1200.000000000008,1200.0000000000077
Q4-2,2025-05-06,m2,33100.03355275475,33100.03355275475,22506.947764960198,55606.98131771495,4934.327647436342,1200.0000000000077,1200.0000000000095
Q4-2,2025-05-07,m2,33435.58889323154,33435.58889323154,24805.49298834683,58241.08188157837,5236.291818150661,1200.0000000000095,1200.000000000002
Q4-2,2025-05-08,m2,33253.96234877706,33253.96234877706,24644.749261736833,57898.71161051389,5933.295469371087,1200.000000000002,1199.9999999999998
Q4-2,2025-05-09,m2,12513.592678944218,12513.592678944218,3611.041157768095,16124.633836712313,1235.3955143943833,1199.9999999999998,1199.9999999999995
Q4-2,2025-05-10,m2,10704.138550806101,10704.138550806101,11866.140752511397,22570.279303317497,3539.7003092822597,1199.9999999999995,1199.9999999999945
Q4-2,2025-05-11,m2,33454.51158945508,33454.51158945508,22087.718177824674,55542.22976727976,5300.465897149308,1199.9999999999945,1200.0000000000011
Q4-2,2025-05-12,m2,33799.42040700723,33799.42040700723,15574.690010194554,49374.11041720178,4066.017388026344,1200.0000000000011,1200.0000000000032
Q4-2,2025-05-13,m2,32876.07164120778,32876.07164120778,13053.978515911322,45930.050157119105,2936.8256912422094,1200.0000000000032,1200.0000000000082
Q4-2,2025-05-14,m2,32764.748081822603,32764.748081822603,14343.986765988626,47108.734847811225,3363.586878227063,1200.0000000000082,1199.9999999999968
Q4-2,2025-05-15,m2,33034.844844232255,33034.844844232255,15143.228375684084,48178.07321991634,3503.725964048979,1199.9999999999968,1200.0000000000095
Q4-2,2025-05-16,m2,12204.016531010344,12204.016531010344,3374.664347229802,15578.680878240146,1353.3382622998029,1200.0000000000095,1199.9999999999966
Q4-2,2025-05-17,m2,10663.215747981438,10663.215747981438,9786.965299687927,20450.181047669364,3446.8238057826948,1199.9999999999966,1199.9999999999898
Q4-2,2025-05-18,m2,32654.414032666304,32654.414032666304,16793.432978413115,49447.847011079415,4442.808413538602,1199.9999999999898,1200.0000000000027
Q4-2,2025-05-19,m2,32309.278297610435,32309.278297610435,10232.478751602821,42541.75704921326,2223.266359945248,1200.0000000000027,1200.0000000000125
Q4-2,2025-05-20,m2,32079.873353376934,32079.873353376934,19957.74558676556,52037.61894014249,4706.990667815852,1200.0000000000125,1200.0000000000005
Q4-2,2025-05-21,m2,31861.17666339117,31861.17666339117,20635.792386197463,52496.96904958863,4808.381715754002,1200.0000000000005,1200.0000000000055
Q4-2,2025-05-22,m2,31893.67519737733,31893.67519737733,12638.978183359759,44532.65338073709,2784.524669919309,1200.0000000000055,1199.9999999999998
Q4-2,2025-05-23,m2,11753.767410422712,11753.767410422712,3145.3002961300654,14899.067706552778,1365.2259060273277,1199.9999999999998,1199.9999999999989
Q4-2,2025-05-24,m2,10790.793204499998,10790.793204499998,5376.603159362881,16167.39636386288,1787.984089824341,1199.9999999999989,1199.9999999999995
Q4-2,2025-05-25,m2,31619.112840851132,31619.112840851132,12628.592785032984,44247.70562588412,2889.751835836557,1199.9999999999995,1200.000000000006
Q4-2,2025-05-26,m2,31856.6737540119,31856.6737540119,21565.293009799887,53421.96676381178,5222.324572447405,1200.000000000006,1199.9999999999982
Q4-2,2025-05-27,m2,32129.464509120487,32129.464509120487,11148.1875706187,43277.652079739186,2616.502007003015,1199.9999999999982,1199.9999999999936
Q4-2,2025-05-28,m2,31710.48365626004,31710.48365626004,21038.673062653084,52749.156718913124,5122.938553014181,1199.9999999999936,1200.0000000000005
Q4-2,2025-05-29,m2,32174.66291998492,32174.66291998492,23079.03809942423,55253.70101940915,5187.973435778129,1200.0000000000005,1200.0000000000005
Q4-2,2025-05-30,m2,12342.933831635419,12342.933831635419,1922.936884413531,14265.87071604895,858.8653203387521,1200.0000000000005,1200.0000000000027
Q4-2,2025-05-31,m2,10239.101652290014,10239.101652290014,6185.585591606301,16424.687243896315,2237.5142051474713,1200.0000000000027,1200.0000000000018
Q4-2,2025-06-01,m2,34717.16295134443,34717.16295134443,92154.92202433289,126872.08497567731,20714.639122546236,1200.0000000000018,1199.999999999999
Q4-2,2025-06-02,m2,35789.14599786594,35789.14599786594,77307.88240917388,113097.02840703982,16940.359641260016,1199.999999999999,1200.0000000000089
Q4-2,2025-06-03,m2,39574.04800178886,39574.04800178886,48777.585014375036,88351.63301616389,11068.432434178481,1200.0000000000089,1200.0000000000061
Q4-2,2025-06-04,m2,39926.66481684211,39926.66481684211,51722.113166799216,91648.77798364132,12227.12792206679,1200.0000000000061,1200.0000000000102
Q4-2,2025-06-05,m2,43297.38234277013,43297.38234277013,40436.47256195,83733.85490472012,8883.77481248342,1200.0000000000102,1199.9999999999973
Q4-2,2025-06-06,m2,17121.24129317144,17121.24129317144,18889.546474576353,36010.787767747795,6178.681260935697,1199.9999999999973,1199.9999999999955
Q4-2,2025-06-07,m2,13843.336984744587,13843.336984744587,30055.861652938063,43899.19863768265,8420.185623145357,1199.9999999999955,1200.0000000000023
Q4-2,2025-06-08,m2,45674.048661086854,45674.048661086854,23352.273307089745,69026.3219681766,4497.894077216331,1200.0000000000023,1200.0000000000018
Q4-2,2025-06-09,m2,47711.95605059185,47711.95605059185,25362.443724452118,73074.39977504397,5078.581573537896,1200.0000000000018,1199.999999999989
Q4-2,2025-06-10,m2,48330.12432782908,48330.12432782908,20811.63029886526,69141.75462669434,4571.360936859221,1199.999999999989,1199.9999999999936
Q4-2,2025-06-11,m2,49529.02878024467,49529.02878024467,32107.2345485984,81636.26332884307,6250.016636264114,1199.9999999999936,1199.999999999999
Q4-2,2025-06-12,m2,52037.04084806613,52037.04084806613,13860.33712879047,65897.3779768566,2822.3592993296807,1199.999999999999,1199.9999999999986
Q4-2,2025-06-13,m2,20069.004713372327,20069.004713372327,4422.77246793958,24491.777181311907,1634.2180920229866,1199.9999999999986,1199.9999999999986
Q4-2,2025-06-14,m2,16087.354929474139,16087.354929474139,10932.120141696443,27019.475071170582,3516.267670260773,1199.9999999999986,1200.0000000000032
Q4-2,2025-06-15,m2,46959.67781907026,46959.67781907026,23767.029534057547,70726.7073531278,4631.771667160496,1200.0000000000032,1200.000000000008
Q4-2,2025-06-16,m2,50065.63455338165,50065.63455338165,16396.107385485004,66461.74193886665,3568.7215022200435,1200.000000000008,1199.999999999995
Q4-2,2025-06-17,m2,50604.73801302482,50604.73801302482,24643.62730761016,75248.36532063498,5167.443691570781,1199.999999999995,1199.9999999999982
Q4-2,2025-06-18,m2,51728.62513722245,51728.62513722245,11232.418258659924,62961.04339588237,2490.950852942833,1199.9999999999982,1200.0000000000007
Q4-2,2025-06-19,m2,48849.90589608427,48849.90589608427,15333.419292941733,64183.325189026,3008.6438772580136,1200.0000000000007,1200.0000000000002
Q4-2,2025-06-20,m2,19914.720436409967,19914.720436409967,1076.509083523214,20991.229519933182,536.545737196225,1200.0000000000002,1199.9999999999936
Q4-2,2025-06-21,m2,15682.365349477393,15682.365349477393,8802.738035072382,24485.103384549773,2742.2928954089098,1199.9999999999936,1199.9999999999993
Q4-2,2025-06-22,m2,46512.164456893835,46512.164456893835,17266.728947751006,63778.89340464484,3533.8673471371512,1199.9999999999993,1200.0
Q4-2,2025-06-23,m2,47503.38557921011,47503.38557921011,14109.273100396316,61612.65867960642,2937.51044924442,1200.0,1199.9999999999943
Q4-2,2025-06-24,m2,49285.72056030479,49285.72056030479,38836.62934578754,88122.34990609234,8079.119990987616,1199.9999999999943,1199.9999999999932
Q4-2,2025-06-25,m2,48309.00947128213,48309.00947128213,15308.855145537158,63617.864616819286,3454.1189455165304,1199.9999999999932,1199.999999999992
Q4-2,2025-06-26,m2,46323.383189482905,46323.383189482905,14778.46538961484,61101.84857909774,3080.237342098274,1199.999999999992,1199.9999999999955
Q4-2,2025-06-27,m2,17256.320914778367,17256.320914778367,2187.859900385268,19444.180815163636,868.5161273673694,1199.9999999999955,1199.9999999999975
Q4-2,2025-06-28,m2,15130.282313257834,15130.282313257834,10549.475705700774,25679.758018958608,3549.683953932501,1199.9999999999975,1199.9999999999989
Q4-2,2025-06-29,m2,46897.875166472404,46897.875166472404,20666.47037642619,67564.34554289859,4427.080942238866,1199.9999999999989,1199.9999999999964
Q4-2,2025-06-30,m2,48207.60094319328,48207.60094319328,13326.801786987477,61534.40273018076,3027.025036761631,1199.9999999999964,1199.9999999999986
Q4-2,2025-07-01,m2,53803.13474223663,53803.13474223663,43370.19080421374,97173.32554645036,9962.567091496483,1199.9999999999986,1199.9999999999948
Q4-2,2025-07-02,m2,53132.42069424076,53132.42069424076,38908.72999786791,92041.15069210867,8601.220739979954,1199.9999999999948,1199.9999999999927
Q4-2,2025-07-03,m2,54773.632006744156,54773.632006744156,47547.385185581225,102321.01719232538,9391.18523369038,1199.9999999999927,1199.999999999998
Q4-2,2025-07-04,m2,22206.027406491496,22206.027406491496,20446.249804406645,42652.277210898144,5637.023323596503,1199.999999999998,1200.0000000000014
Q4-2,2025-07-05,m2,20172.096201555636,20172.096201555636,21979.932086790028,42152.02828834567,6339.2352456315875,1200.0000000000014,1199.9999999999916
Q4-2,2025-07-06,m2,52480.07040556781,52480.07040556781,61065.48809003305,113545.55849560085,11484.525509261843,1199.9999999999916,1199.999999999992
Q4-2,2025-07-07,m2,57539.86447471903,57539.86447471903,16721.403026455784,74261.2675011748,3135.2396802199164,1199.999999999992,1199.9999999999955
Q4-2,2025-07-08,m2,59369.94995690032,59369.94995690032,19380.330653875084,78750.2806107754,3561.8800497218067,1199.9999999999955,1199.9999999999961
Q4-2,2025-07-09,m2,57725.11998693773,57725.11998693773,14356.991169070972,72082.1111560087,2287.4016642275706,1199.9999999999961,1199.9999999999923
Q4-2,2025-07-10,m2,57320.24307057382,57320.24307057382,14667.761505711464,71988.00457628528,2728.406965955239,1199.9999999999923,1199.9999999999902
Q4-2,2025-07-11,m2,26475.765642067443,26475.765642067443,9645.670590321144,36121.43623238859,3121.8945442009644,1199.9999999999902,1200.000000000003
Q4-2,2025-07-12,m2,22406.31863508489,22406.31863508489,12777.429981093394,35183.74861617828,3948.6510445966105,1200.000000000003,1200.0000000000073
Q4-2,2025-07-13,m2,54790.154355810475,54790.154355810475,15283.282115228765,70073.43647103924,2359.6620139191964,1200.0000000000073,1199.9999999999945
Q4-2,2025-07-14,m2,54354.939611630834,54354.939611630834,16082.53090536726,70437.47051699809,2923.0887126769767,1199.9999999999945,1199.9999999999993
Q4-2,2025-07-15,m2,55900.70398710175,55900.70398710175,18358.744544594498,74259.44853169625,4201.645690999307,1199.9999999999993,1200.0
Q4-2,2025-07-16,m2,54924.02597272674,54924.02597272674,18396.300745298653,73320.32671802539,3646.9805108376254,1200.0,1199.999999999997
Q4-2,2025-07-17,m2,53911.508163744875,53911.508163744875,25915.446762840642,79826.95492658552,4877.686360902481,1199.999999999997,1199.999999999989
Q4-2,2025-07-18,m2,25561.533591950058,25561.533591950058,5891.435550352776,31452.969142302834,2040.6354574621703,1199.999999999989,1200.0000000000043
Q4-2,2025-07-19,m2,22525.631335234717,22525.631335234717,8655.599239477357,31181.230574712074,2555.3263176242754,1200.0000000000043,1200.0000000000043
Q4-2,2025-07-20,m2,53113.12551406406,53113.12551406406,17668.808227759473,70781.93374182354,3618.3078546112442,1200.0000000000043,1199.9999999999986
Q4-2,2025-07-21,m2,54578.428878241015,54578.428878241015,22057.54059077811,76635.96946901912,4638.269601355384,1199.9999999999986,1199.9999999999948
Q4-2,2025-07-22,m2,55669.52502465165,55669.52502465165,15092.91383890015,70762.4388635518,3144.108278871322,1199.9999999999948,1199.999999999991
Q4-2,2025-07-23,m2,54421.19807637266,54421.19807637266,22976.783936434134,77397.9820128068,4464.501593869255,1199.999999999991,1199.999999999997
Q4-2,2025-07-24,m2,55083.531082187415,55083.531082187415,22617.01514234775,77700.54622453517,4617.277510184728,1199.999999999997,1199.999999999993
Q4-2,2025-07-25,m2,25598.00427960417,25598.00427960417,2901.128803461716,28499.133083065888,1038.8319279578914,1199.999999999993,1200.0000000000018
Q4-2,2025-07-26,m2,23056.41175638477,23056.41175638477,6557.713739061015,29614.125495445784,2439.943543338629,1200.0000000000018,1199.9999999999995
Q4-2,2025-07-27,m2,54132.01691806665,54132.01691806665,22766.06789581906,76898.08481388571,4393.911579597073,1199.9999999999995,1199.9999999999984
Q4-2,2025-07-28,m2,54813.0730324503,54813.0730324503,31855.76678767593,86668.83982012623,6705.818552184324,1199.9999999999984,1200.000000000001
Q4-2,2025-07-29,m2,55683.94496634308,55683.94496634308,21614.25860933212,77298.2035756752,4350.044454496279,1200.000000000001,1199.9999999999984
Q4-2,2025-07-30,m2,55460.2490097024,55460.2490097024,21843.637819406747,77303.88682910915,4463.8496047225635,1199.9999999999984,1199.9999999999882
Q4-2,2025-07-31,m2,55438.27376337319,55438.27376337319,20178.99344492796,75617.26720830114,3714.165854414409,1199.9999999999882,1199.9999999999916
Q4-2,2025-08-01,m2,24815.645300162472,24815.645300162472,1449.2830931075096,26264.928393269984,435.0231243088174,1199.9999999999916,1200.000000000002
Q4-2,2025-08-02,m2,22965.999777773133,22965.999777773133,3712.695030343509,26678.69480811664,1121.7093861876092,1200.000000000002,1200.0000000000002
Q4-2,2025-08-03,m2,52773.012025928445,52773.012025928445,10601.939785863126,63374.95181179157,2050.4441200149786,1200.0000000000002,1199.9999999999914
Q4-2,2025-08-04,m2,52551.57200708649,52551.57200708649,8863.300160629475,61414.87216771596,2030.6694512968206,1199.9999999999914,1199.9999999999966
Q4-2,2025-08-05,m2,51700.820751201165,51700.820751201165,8140.763321166789,59841.58407236796,1852.879248415092,1199.9999999999966,1199.9999999999927
Q4-2,2025-08-06,m2,51008.44883920926,51008.44883920926,22251.21622647799,73259.66506568725,4509.00612975279,1199.9999999999927,1199.999999999997
Q4-2,2025-08-07,m2,50265.92392882761,50265.92392882761,12625.515140880423,62891.43906970803,2724.4504606337355,1199.999999999997,1199.999999999994
Q4-2,2025-08-08,m2,23367.888374693197,23367.888374693197,2076.0253285145436,25443.91370320774,785.5792770965634,1199.999999999994,1200.0000000000039
Q4-2,2025-08-09,m2,21883.13371925453,21883.13371925453,5064.111231042199,26947.24495029673,1787.9470387598567,1200.0000000000039,1199.9999999999982
Q4-2,2025-08-10,m2,47262.83680104061,47262.83680104061,30609.75629712596,77872.59309816657,6441.476501547464,1199.9999999999982,1200.0000000000023
Q4-2,2025-08-11,m2,48256.572078260244,48256.572078260244,17590.663833691084,65847.23591195133,3729.3872306767094,1200.0000000000023,1199.9999999999966
Q4-2,2025-08-12,m2,49291.791171933524,49291.791171933524,25604.149175893508,74895.94034782704,5141.6836574245735,1199.9999999999966,1199.9999999999982
Q4-2,2025-08-13,m2,49156.088572473454,49156.088572473454,19287.846414192023,68443.93498666548,3939.835279084333,1199.9999999999982,1200.0000000000032
Q4-2,2025-08-14,m2,48486.15252373541,48486.15252373541,23870.299195570125,72356.45171930554,4810.407373108829,1200.0000000000032,1199.9999999999964
Q4-2,2025-08-15,m2,23313.265363632072,23313.265363632072,4271.903745653297,27585.16910928537,1769.8779058891712,1199.9999999999964,1200.000000000005
Q4-2,2025-08-16,m2,21763.94353399072,21763.94353399072,6187.102814609227,27951.04634859995,1875.2294005431809,1200.000000000005,1200.000000000003
Q4-2,2025-08-17,m2,47558.91036161751,47558.91036161751,16839.71709569017,64398.62745730768,3354.424358357377,1200.000000000003,1199.9999999999964
Q4-2,2025-08-18,m2,48628.23774576192,48628.23774576192,20718.539933611923,69346.77767937384,3963.478068338228,1199.9999999999964,1200.0
Q4-2,2025-08-19,m2,49017.42277358686,49017.42277358686,13707.717604095033,62725.14037768189,2925.368540510607,1200.0,1199.9999999999961
Q4-2,2025-08-20,m2,48630.369795215214,48630.369795215214,38521.82204677686,87152.19184199208,8042.492352923371,1199.9999999999961,1199.9999999999995
Q4-2,2025-08-21,m2,49091.07081133107,49091.07081133107,17380.530197234668,66471.60100856573,3552.4955854791533,1199.9999999999995,1199.9999999999993
Q4-2,2025-08-22,m2,23614.887520392294,23614.887520392294,6668.568819660382,30283.456340052675,2219.2692352895483,1199.9999999999993,1200.0000000000032
Q4-2,2025-08-23,m2,21910.106426655642,21910.106426655642,7146.158277418748,29056.26470407439,2281.0802308593325,1200.0000000000032,1200.000000000003
Q4-2,2025-08-24,m2,47745.885892006976,47745.885892006976,23447.70230585769,71193.58819786466,4704.625494893603,1200.000000000003,1199.999999999999
Q4-2,2025-08-25,m2,49343.0720019121,49343.0720019121,31591.676004796114,80934.74800670822,7047.531152769107,1199.999999999999,1199.9999999999989
Q4-2,2025-08-26,m2,49821.834476775504,49821.834476775504,14246.451221624015,64068.285698399515,2835.7164150434346,1199.9999999999989,1199.9999999999968
Q4-2,2025-08-27,m2,49511.2456429264,49511.2456429264,21524.231560151024,71035.47720307742,4071.5595569327543,1199.9999999999968,1200.0000000000011
Q4-2,2025-08-28,m2,49202.25071457292,49202.25071457292,33188.24844371078,82390.4991582837,6886.59895792377,1200.0000000000011,1200.0000000000018
Q4-2,2025-08-29,m2,24132.263281098592,24132.263281098592,4286.934530858734,28419.197811957325,1562.594984793769,1200.0000000000018,1199.999999999999
Q4-2,2025-08-30,m2,22156.078865925057,22156.078865925057,7133.741896611576,29289.820762536634,2458.1759965031947,1199.999999999999,1200.0000000000023
Q4-2,2025-08-31,m2,47314.753430675686,47314.753430675686,22168.613787949493,69483.36721862518,4799.83252692496,1200.0000000000023,1200.000000000001
Q4-2,2025-09-01,m2,43980.89001774927,43980.89001774927,2316.984547332493,46297.87456508176,666.3393801498237,1200.000000000001,1199.9999999999952
Q4-2,2025-09-02,m2,41592.23727712807,41592.23727712807,4948.125540801141,46540.36281792921,971.1951027284857,1199.9999999999952,1199.9999999999957
Q4-2,2025-09-03,m2,42381.79225416518,42381.79225416518,3600.5478201543638,45982.340074319545,750.1957387262618,1199.9999999999957,1199.9999999999964
Q4-2,2025-09-04,m2,39411.0349290269,39411.0349290269,9380.026360742457,48791.06128976936,1876.5955627132685,1199.9999999999964,1199.999999999994
Q4-2,2025-09-05,m2,17772.27714147586,17772.27714147586,78.21806689979167,17850.49520837565,30.60783793024177,1199.999999999994,1200.0000000000014
Q4-2,2025-09-06,m2,14554.469195468278,14554.469195468278,6357.733905297589,20912.203100765866,2549.253744660161,1200.0000000000014,1200.0000000000032
Q4-2,2025-09-07,m2,36153.3641009413,36153.3641009413,13669.632424303922,49822.99652524522,2655.4306892751256,1200.0000000000032,1200.0000000000005
Q4-2,2025-09-08,m2,35375.42403684135,35375.42403684135,32638.548410204312,68013.97244704567,6978.514252122577,1200.0000000000005,1199.999999999995
Q4-2,2025-09-09,m2,36047.764209504785,36047.764209504785,17274.875020688938,53322.63923019372,3479.916528178631,1199.999999999995,1200.000000000004
Q4-2,2025-09-10,m2,36823.86745242978,36823.86745242978,34189.78351962546,71013.65097205524,7300.76024997563,1200.000000000004,1200.0000000000034
Q4-2,2025-09-11,m2,36975.92977141691,36975.92977141691,16407.93416242601,53383.86393384292,3164.0116638977584,1200.0000000000034,1200.000000000006
Q4-2,2025-09-12,m2,16244.218168726547,16244.218168726547,2425.5457374646758,18669.763906191223,877.1562890577329,1200.000000000006,1200.0000000000045
Q4-2,2025-09-13,m2,14599.903707205714,14599.903707205714,4673.3730837509065,19273.27679095662,2099.874268736775,1200.0000000000045,1200.0000000000075
Q4-2,2025-09-14,m2,37299.04195054603,37299.04195054603,25774.89472350009,63073.93667404612,5525.5552361479395,1200.0000000000075,1199.9999999999968
Q4-2,2025-09-15,m2,37394.95883762982,37394.95883762982,16885.64476190117,54280.603599530994,3456.155243203578,1199.9999999999968,1200.0000000000036
Q4-2,2025-09-16,m2,37092.12290486474,37092.12290486474,22709.088054858774,59801.21095972351,5424.0457167159875,1200.0000000000036,1199.9999999999923
Q4-2,2025-09-17,m2,38504.723409573686,38504.723409573686,19576.16268938942,58080.88609896311,4139.471488836449,1199.9999999999923,1199.9999999999998
Q4-2,2025-09-18,m2,36864.32105128446,36864.32105128446,22745.347938802253,59609.66899008671,4648.403669880769,1199.9999999999998,1199.9999999999973
Q4-2,2025-09-19,m2,17146.082760690653,17146.082760690653,3422.6956167155413,20568.778377406194,1514.910710248469,1199.9999999999973,1200.0
Q4-2,2025-09-20,m2,14703.464446306398,14703.464446306398,7736.853003368917,22440.317449675313,2750.3587144401954,1200.0,1200.0000000000061
Q4-2,2025-09-21,m2,39206.08396927655,39206.08396927655,15927.875186036941,55133.959155313496,3549.5023295637966,1200.0000000000061,1200.0000000000095
Q4-2,2025-09-22,m2,38867.33216435823,38867.33216435823,20249.40627958376,59116.73844394199,4716.306521940396,1200.0000000000095,1199.999999999998
Q4-2,2025-09-23,m2,38566.293284696076,38566.293284696076,26962.60659924505,65528.89988394112,5652.006677358533,1199.999999999998,1200.0000000000077
Q4-2,2025-09-24,m2,39676.14871120571,39676.14871120571,17354.412974358544,57030.56168556425,4144.051836742739,1200.0000000000077,1200.0000000000039
Q4-2,2025-09-25,m2,39294.86814290093,39294.86814290093,16386.489486438073,55681.35762933901,3806.315392481159,1200.0000000000039,1199.9999999999934
Q4-2,2025-09-26,m2,16891.460391942976,16891.460391942976,2615.567407977165,19507.027799920143,991.749211312461,1199.9999999999934,1200.0000000000007
Q4-2,2025-09-27,m2,15111.453907633993,15111.453907633993,7925.480016449061,23036.933924083052,2833.8953705093613,1200.0000000000007,1199.999999999995
Q4-2,2025-09-28,m2,39631.517033842254,39631.517033842254,26848.606925873282,66480.12395971554,5691.86539460295,1199.999999999995,1200.000000000002
Q4-2,2025-09-29,m2,39790.75746552655,39790.75746552655,22331.820953243816,62122.57841877037,4797.755382476997,1200.000000000002,1199.9999999999973
Q4-2,2025-09-30,m2,40081.31407021354,40081.31407021354,30246.1712914594,70327.48536167294,6440.188457172793,1199.9999999999973,1199.9999999999977
Q4-2,2025-10-01,m2,39529.33794395422,39529.33794395422,4949.895519921656,44479.23346387588,1262.7604617631744,1199.9999999999977,1200.000000000004
Q4-2,2025-10-02,m2,35480.449889675394,35480.449889675394,8537.572167758874,44018.02205743427,1930.5254394608983,1200.000000000004,1200.000000000001
Q4-2,2025-10-03,m2,14154.021301414778,14154.021301414778,1081.6164760843512,15235.637777499129,541.7917658553133,1200.000000000001,1200.0000000000086
Q4-2,2025-10-04,m2,13134.552506122465,13134.552506122465,3782.3109636219397,16916.863469744407,1390.828459498709,1200.0000000000086,1200.0000000000039
Q4-2,2025-10-05,m2,36740.06966308378,36740.06966308378,9617.110548524628,46357.18021160841,2066.42698010361,1200.0000000000039,1199.9999999999934
Q4-2,2025-10-06,m2,37641.32717046555,37641.32717046555,9993.359330520336,47634.68650098589,2124.468108217805,1199.9999999999934,1200.0000000000055
Q4-2,2025-10-07,m2,36673.73009487179,36673.73009487179,12757.570495202135,49431.30059007392,2778.141053618634,1200.0000000000055,1200.0000000000095
Q4-2,2025-10-08,m2,34445.120474973235,34445.120474973235,20811.151727391305,55256.27220236454,4524.243935489276,1200.0000000000095,1200.0000000000132
Q4-2,2025-10-09,m2,35127.46206218758,35127.46206218758,17909.380164604663,53036.84222679224,3939.9207893918115,1200.0000000000132,1200.0000000000023
Q4-2,2025-10-10,m2,13768.69645634358,13768.69645634358,2217.1521192565488,15985.848575600128,1046.9370698938997,1200.0000000000023,1200.0000000000011
Q4-2,2025-10-11,m2,12535.32739729929,12535.32739729929,5817.515968385179,18352.843365684468,2073.463464609591,1200.0000000000011,1200.0000000000014
Q4-2,2025-10-12,m2,35197.28723659656,35197.28723659656,20651.063992179028,55848.35122877559,4326.919110861326,1200.0000000000014,1199.9999999999995
Q4-2,2025-10-13,m2,37330.4850811471,37330.4850811471,11925.974168226654,49256.45924937375,2464.532232798725,1199.9999999999995,1199.999999999987
Q4-2,2025-10-14,m2,38055.04602924458,38055.04602924458,17139.94748273985,55194.99351198443,3742.872011999295,1199.999999999987,1200.000000000002
Q4-2,2025-10-15,m2,35840.45957867193,35840.45957867193,32217.09182493898,68057.55140361091,7352.685915766498,1200.000000000002,1200.0000000000002
Q4-2,2025-10-16,m2,36670.67646465197,36670.67646465197,34674.695893235854,71345.37235788783,7345.973038849917,1200.0000000000002,1199.9999999999998
Q4-2,2025-10-17,m2,14718.491631789537,14718.491631789537,1958.6309441775684,16677.122575967107,1063.5769674441135,1199.9999999999998,1199.999999999994
Q4-2,2025-10-18,m2,13018.873097542486,13018.873097542486,4289.754391823195,17308.62748936568,1791.498282705321,1199.999999999994,1200.0000000000014
Q4-2,2025-10-19,m2,37964.72056696621,37964.72056696621,31977.019489557373,69941.74005652359,6615.314391078252,1200.0000000000014,1199.9999999999934
Q4-2,2025-10-20,m2,40774.141670415476,40774.141670415476,19758.562201956272,60532.70387237175,4082.4784811247664,1199.9999999999934,1199.9999999999989
Q4-2,2025-10-21,m2,42081.495451384035,42081.495451384035,17448.929385471885,59530.42483685592,4244.088808647733,1199.9999999999989,1199.999999999995
Q4-2,2025-10-22,m2,39245.420733527666,39245.420733527666,32825.00266886312,72070.42340239079,6764.892590118913,1199.999999999995,1199.99999999999
Q4-2,2025-10-23,m2,39646.53470934354,39646.53470934354,19821.49992712165,59468.03463646519,4245.958928264028,1199.99999999999,1199.9999999999977
Q4-2,2025-10-24,m2,14634.59986887157,14634.59986887157,3031.4629535927843,17666.062822464355,1212.7064950679612,1199.9999999999977,1200.0000000000014
Q4-2,2025-10-25,m2,13653.341458993664,13653.341458993664,5011.952195335405,18665.29365432907,1599.9064056769696,1200.0000000000014,1200.0000000000005
Q4-2,2025-10-26,m2,41876.75212429039,41876.75212429039,14073.49324299808,55950.24536728847,3026.616127358012,1200.0000000000005,1200.0000000000043
Q4-2,2025-10-27,m2,42545.20603738139,42545.20603738139,14545.741238028215,57090.947275409606,3121.3305448336514,1200.0000000000043,1200.0000000000086
Q4-2,2025-10-28,m2,43597.3018381389,43597.3018381389,14589.49147245237,58186.79331059127,3232.3529385397737,1200.0000000000086,1199.9999999999995
Q4-2,2025-10-29,m2,41316.182930016745,41316.182930016745,37663.33384251538,78979.51677253212,8508.598051975732,1199.9999999999995,1199.999999999992
Q4-2,2025-10-30,m2,42852.78510328159,42852.78510328159,17148.185112792366,60000.970216073954,3665.257482008716,1199.999999999992,1200.0000000000036
Q4-2,2025-10-31,m2,15298.624442661592,15298.624442661592,3895.008017378506,19193.6324600401,1716.8173757587044,1200.0000000000036,1199.9999999999986
Q4-2,2025-11-01,m2,13290.202579856263,13290.202579856263,5809.89828607136,19100.100865927623,1995.424955477656,1199.9999999999986,1199.9999999999995
Q4-2,2025-11-02,m2,43218.94342675615,43218.94342675615,25620.134369892014,68839.07779664817,5234.819669636043,1199.9999999999995,1200.0000000000032
Q4-2,2025-11-03,m2,45614.041814559685,45614.041814559685,16065.843651412435,61679.88546597212,4032.6570292557494,1200.0000000000032,1199.999999999997
Q4-2,2025-11-04,m2,46342.67737902404,46342.67737902404,12339.731547592406,58682.408926616445,2530.7360282425134,1199.999999999997,1200.0000000000055
Q4-2,2025-11-05,m2,46390.04009367881,46390.04009367881,15752.044472065318,62142.084565744124,3548.3331744871966,1200.0000000000055,1200.0000000000025
Q4-2,2025-11-06,m2,46582.68677869771,46582.68677869771,25591.719472510806,72174.40625120851,5551.44629699646,1200.0000000000025,1199.9999999999964
Q4-2,2025-11-07,m2,15928.078683251817,15928.078683251817,2055.8327863233617,17983.911469575178,823.6272627459573,1199.9999999999964,1200.0000000000061
Q4-2,2025-11-08,m2,13998.135056206364,13998.135056206364,4286.390636267686,18284.52569247405,1338.0632233140236,1200.0000000000061,1199.9999999999973
Q4-2,2025-11-09,m2,46769.798577985355,46769.798577985355,20588.923184529714,67358.72176251507,4318.278868209379,1199.9999999999973,1200.0000000000039
Q4-2,2025-11-10,m2,48517.84569946,48517.84569946,24121.752341931966,72639.59804139196,5049.042873837139,1200.0000000000039,1200.0000000000011
Q4-2,2025-11-11,m2,48730.47968491596,48730.47968491596,12095.046909191686,60825.52659410765,2567.582001237737,1200.0000000000011,1200.000000000009
Q4-2,2025-11-12,m2,48648.23996953596,48648.23996953596,14187.789707910179,62836.029677446146,2870.1822958344237,1200.000000000009,1200.0000000000082
Q4-2,2025-11-13,m2,49167.610798227084,49167.610798227084,20094.373758221318,69261.9845564484,4614.560931880688,1200.0000000000082,1200.000000000005
Q4-2,2025-11-14,m2,16539.51893287885,16539.51893287885,1491.0477678087132,18030.566700687563,654.1500320654222,1200.000000000005,1200.00000000001
Q4-2,2025-11-15,m2,14478.986680611004,14478.986680611004,7086.123444041628,21565.11012465263,2022.4626812553545,1200.00000000001,1200.0000000000114
Q4-2,2025-11-16,m2,50096.69294369326,50096.69294369326,21540.24145794015,71636.9344016334,4353.361548752497,1200.0000000000114,1200.0000000000032
Q4-2,2025-11-17,m2,51015.39403981758,51015.39403981758,10390.291370712219,61405.6854105298,2072.9549197882106,1200.0000000000032,1199.9999999999973
Q4-2,2025-11-18,m2,50921.13039906059,50921.13039906059,16945.42157170432,67866.55197076491,3647.9213727510164,1199.9999999999973,1200.000000000008
Q4-2,2025-11-19,m2,51658.450290057954,51658.450290057954,19673.992790519107,71332.44308057707,4140.6095031650275,1200.000000000008,1200.0000000000007
Q4-2,2025-11-20,m2,51763.48710901769,51763.48710901769,14996.377285920937,66759.86439493863,3208.0462853095214,1200.0000000000007,1200.000000000005
Q4-2,2025-11-21,m2,17234.06334826314,17234.06334826314,2175.955348789863,19410.018697053,1090.1693290164837,1200.000000000005,1200.000000000001
Q4-2,2025-11-22,m2,14500.473978064965,14500.473978064965,8033.42376281925,22533.897740884215,2394.6329135843043,1200.000000000001,1200.0000000000095
Q4-2,2025-11-23,m2,52666.66936657787,52666.66936657787,18793.985283983562,71460.65465056144,3684.1915759984045,1200.0000000000095,1200.000000000006
Q4-2,2025-11-24,m2,52362.20312267534,52362.20312267534,12010.24046144608,64372.443584121414,2496.3639010118227,1200.000000000006,1199.9999999999918
Q4-2,2025-11-25,m2,52201.19463159775,52201.19463159775,16271.544275258326,68472.73890685607,3254.5925453011105,1199.9999999999918,1199.999999999994
Q4-2,2025-11-26,m2,52816.59028104608,52816.59028104608,17771.447653864627,70588.03793491071,3678.6007104340006,1199.999999999994,1200.0000000000048
Q4-2,2025-11-27,m2,53507.89009705062,53507.89009705062,14171.293032090878,67679.1831291415,2953.6344008501455,1200.0000000000048,1200.000000000002
Q4-2,2025-11-28,m2,16964.119456605677,16964.119456605677,2280.613773628337,19244.733230234015,901.7689713156509,1200.000000000002,1199.9999999999975
Q4-2,2025-11-29,m2,14920.649787094422,14920.649787094422,14170.068311841413,29090.718098935835,4448.15228921312,1199.9999999999975,1199.9999999999873
Q4-2,2025-11-30,m2,54213.12653630362,54213.12653630362,26216.893937473484,80430.02047377711,5344.657576509312,1199.9999999999873,1200.0000000000068
Q4-2,2025-12-01,m2,58564.96036927872,58564.96036927872,46977.86184753556,105542.82221681428,9606.121889497257,1200.0000000000068,1200.0000000000066
Q4-2,2025-12-02,m2,62076.98654202609,62076.98654202609,43181.98138458982,105258.96792661591,8470.004846385595,1200.0000000000066,1200.0000000000068
Q4-2,2025-12-03,m2,63021.23572204939,63021.23572204939,30909.679799814192,93930.91552186359,6600.599156612356,1200.0000000000068,1200.0000000000002
Q4-2,2025-12-04,m2,63912.31292417843,63912.31292417843,27157.60907368466,91069.9219978631,5217.751778104588,1200.0000000000002,1200.000000000003
Q4-2,2025-12-05,m2,22957.050544035214,22957.050544035214,8949.728762619041,31906.779306654254,2968.621481070099,1200.000000000003,1199.9999999999945
Q4-2,2025-12-06,m2,19166.615209497617,19166.615209497617,20613.793606609437,39780.408816107054,6063.956174534269,1199.9999999999945,1200.000000000002
Q4-2,2025-12-07,m2,67973.23983055042,67973.23983055042,13332.33338493083,81305.57321548124,2461.3507491291793,1200.000000000002,1200.0000000000075
Q4-2,2025-12-08,m2,69504.34165597046,69504.34165597046,8360.812502018383,77865.15415798884,1460.1850535628778,1200.0000000000075,1200.0000000000055
Q4-2,2025-12-09,m2,68636.51992607798,68636.51992607798,13627.66857475678,82264.18850083476,2281.2229505470677,1200.0000000000055,1200.000000000011
Q4-2,2025-12-10,m2,69035.65699460458,69035.65699460458,11285.422527795607,80321.07952240019,2294.4913933114003,1200.000000000011,1200.0000000000061
Q4-2,2025-12-11,m2,66771.65180736256,66771.65180736256,11035.388289918908,77807.04009728147,2104.290974711105,1200.0000000000061,1200.0000000000061
Q4-2,2025-12-12,m2,23766.306711540703,23766.306711540703,8544.617311332928,32310.92402287363,3110.9031225533295,1200.0000000000061,1200.0000000000173
Q4-2,2025-12-13,m2,21820.5401219772,21820.5401219772,12483.650844942033,34304.19096691923,3411.5212849380514,1200.0000000000173,1199.9999999999868
Q4-2,2025-12-14,m2,68974.66935259418,68974.66935259418,14014.665452797617,82989.3348053918,2407.6919029161463,1199.9999999999868,1200.0000000000039
Q4-2,2025-12-15,m2,69855.49766313934,69855.49766313934,13360.16074349937,83215.6584066387,2434.31388159323,1200.0000000000039,1200.0000000000002
Q4-2,2025-12-16,m2,69510.97462037996,69510.97462037996,12409.370088401089,81920.34470878105,2199.431642194141,1200.0000000000002,1200.0000000000068
Q4-2,2025-12-17,m2,69044.2358174189,69044.2358174189,10931.94418742967,79976.18000484857,2140.546517805507,1200.0000000000068,1200.0000000000045
Q4-2,2025-12-18,m2,67643.33656776174,67643.33656776174,14671.792016185418,82315.12858394715,2591.0366896651453,1200.0000000000045,1200.0000000000089
Q4-2,2025-12-19,m2,25378.53253817377,25378.53253817377,4210.136723072881,29588.66926124665,1646.2175977996726,1200.0000000000089,1200.0000000000136
Q4-2,2025-12-20,m2,21731.07591248467,21731.07591248467,7533.936534265989,29265.01244675066,2582.238142297288,1200.0000000000136,1200.0000000000146
Q4-2,2025-12-21,m2,68139.77719782389,68139.77719782389,15814.073051523099,83953.85024934699,2969.204149937822,1200.0000000000146,1200.0000000000007
Q4-2,2025-12-22,m2,70233.15865977466,70233.15865977466,11484.993212476424,81718.1518722511,2083.2081676621933,1200.0000000000007,1200.000000000007
Q4-2,2025-12-23,m2,69458.19164771205,69458.19164771205,6270.612480005472,75728.80412771752,1105.5333174282646,1200.000000000007,1199.9999999999995
Q4-2,2025-12-24,m2,66702.2547219703,66702.2547219703,16396.28760285196,83098.54232482225,2949.498947160747,1199.9999999999995,1200.000000000001
Q4-2,2025-12-25,m2,67353.24113225064,67353.24113225064,14600.17704543241,81953.41817768305,2931.8688302019605,1200.000000000001,1200.000000000006
Q4-2,2025-12-26,m2,24911.39518690185,24911.39518690185,4413.940136427398,29325.335323329247,1633.4837910079177,1200.000000000006,1200.0000000000025
Q4-2,2025-12-27,m2,21361.558253497584,21361.558253497584,8072.515483492515,29434.0737369901,2321.1962935374895,1200.0000000000025,1199.9999999999895
Q4-2,2025-12-28,m2,67871.3279798002,67871.3279798002,10304.279781712308,78175.60776151251,1901.8480742141126,1199.9999999999895,1199.999999999997
Q4-2,2025-12-29,m2,68425.07668852102,68425.07668852102,7100.697651836415,75525.77434035743,1313.3130970189063,1199.999999999997,1200.000000000006
Q4-2,2025-12-30,m2,67297.87324112566,67297.87324112566,8946.603801033874,76244.47704215953,1557.97457322175,1200.000000000006,1200.000000000005
Q4-2,2025-12-31,m2,69154.00293777022,69154.00293777022,18242.379876130213,87396.38281390043,3340.018768837169,1200.000000000005,5999.999999999998
Q4-2,2025-02-01,m3,19749.982432945813,19749.982432945813,2058.9892990431167,21808.97173198893,763.2592019885549,1200.0000000000055,1200.0000000000023
Q4-2,2025-02-02,m3,61572.58309267402,61572.58309267402,4773.721582032872,66346.30467470689,829.4201216224247,1200.0000000000023,1199.9999999999984
Q4-2,2025-02-03,m3,59493.49832248191,59493.49832248191,8697.489355946476,68190.98767842838,1695.5023760132074,1199.9999999999984,1200.0000000000005
Q4-2,2025-02-04,m3,59253.68955720708,59253.68955720708,15798.377277786625,75052.0668349937,2979.255058336392,1200.0000000000005,1200.0000000000036
Q4-2,2025-02-05,m3,59398.57897486293,59398.57897486293,12925.28848936191,72323.86746422484,2538.66592585107,1200.0000000000036,1200.0
Q4-2,2025-02-06,m3,59375.70405535772,59375.70405535772,12236.502166987317,71612.20622234503,2263.1059671803723,1200.0,1200.000000000008
Q4-2,2025-02-07,m3,20138.242356622566,20138.242356622566,2548.9459315803815,22687.188288202946,974.954867612417,1200.000000000008,1199.9999999999939
Q4-2,2025-02-08,m3,17035.386759865447,17035.386759865447,4045.892682366127,21081.279442231575,1500.3788161423697,1199.9999999999939,1199.9999999999905
Q4-2,2025-02-09,m3,57176.19871157153,57176.19871157153,12608.743670276202,69784.94238184774,2538.4413320103777,1199.9999999999905,1199.9999999999984
Q4-2,2025-02-10,m3,55300.43009998466,55300.43009998466,8389.006630827043,63689.43673081171,1790.5172527630652,1199.9999999999984,1200.0000000000089
Q4-2,2025-02-11,m3,54809.306277021475,54809.306277021475,10470.77657770616,65280.08285472763,1942.0128802428603,1200.0000000000089,1200.0000000000107
Q4-2,2025-02-12,m3,54519.56679951591,54519.56679951591,11612.074827626377,66131.6416271423,2338.8012263359187,1200.0000000000107,1200.0000000000018
Q4-2,2025-02-13,m3,53093.293182271686,53093.293182271686,8183.569701830025,61276.86288410171,1740.0517883713683,1200.0000000000018,1200.0000000000045
Q4-2,2025-02-14,m3,17279.89259601201,17279.89259601201,3739.3996226511354,21019.292218663148,1511.0442808776727,1200.0000000000045,1200.0000000000098
Q4-2,2025-02-15,m3,16066.633230410487,16066.633230410487,5460.243593840375,21526.876824250863,1958.4971402808062,1200.0000000000098,1200.0000000000064
Q4-2,2025-02-16,m3,52648.56308170024,52648.56308170024,14105.917257991765,66754.480339692,2810.11325600873,1200.0000000000064,1200.0
Q4-2,2025-02-17,m3,50875.81968566438,50875.81968566438,9242.369949648571,60118.18963531295,1979.509750573414,1200.0,1200.000000000001
Q4-2,2025-02-18,m3,49404.21810805664,49404.21810805664,12415.773383299927,61819.991491356566,2459.4523201607485,1200.000000000001,1200.000000000016
Q4-2,2025-02-19,m3,48692.08215765613,48692.08215765613,19932.85930773543,68624.94146539156,4035.312682796494,1200.000000000016,1200.0000000000016
Q4-2,2025-02-20,m3,49779.31282349699,49779.31282349699,12868.96226931572,62648.27509281271,2505.428969256144,1200.0000000000016,1200.0000000000039
Q4-2,2025-02-21,m3,16927.853868464925,16927.853868464925,3065.6929636893774,19993.5468321543,1377.5957068355651,1200.0000000000039,1199.999999999995
Q4-2,2025-02-22,m3,15224.645345010998,15224.645345010998,4944.272303056648,20168.917648067647,1724.557117734475,1199.999999999995,1200.000000000011
Q4-2,2025-02-23,m3,49224.092747572744,49224.092747572744,12393.015943785267,61617.10869135801,2560.0678477744277,1200.000000000011,1200.000000000006
Q4-2,2025-02-24,m3,47674.057037109014,47674.057037109014,11593.17268231436,59267.229719423376,2329.527356605549,1200.000000000006,1200.0000000000098
Q4-2,2025-02-25,m3,46728.553107116335,46728.553107116335,9306.465589057032,56035.01869617337,2050.368944696832,1200.0000000000098,1200.0000000000023
Q4-2,2025-02-26,m3,45982.81812080843,45982.81812080843,15954.724452916535,61937.54257372496,3463.646623854699,1200.0000000000023,1199.9999999999977
Q4-2,2025-02-27,m3,44671.661465163095,44671.661465163095,16627.244960538614,61298.90642570171,3069.9536121111414,1199.9999999999977,1200.000000000004
Q4-2,2025-02-28,m3,15924.920500747645,15924.920500747645,1812.9570876584326,17737.877588406078,901.6818514092363,1200.000000000004,1199.9999999999864
Q4-2,2025-03-01,m3,14117.189075810002,14117.189075810002,4385.961223203587,18503.15029901359,1349.915789163883,1199.9999999999864,1199.9999999999966
Q4-2,2025-03-02,m3,45234.518455990874,45234.518455990874,33194.45596457839,78428.97442056926,7025.28477709771,1199.9999999999966,1199.9999999999984
Q4-2,2025-03-03,m3,44378.11925745303,44378.11925745303,34575.52280725558,78953.6420647086,7237.807509714894,1199.9999999999984,1199.9999999999945
Q4-2,2025-03-04,m3,45729.37996903992,45729.37996903992,14444.749962843045,60174.12993188296,3283.4166356250935,1199.9999999999945,1199.9999999999977
Q4-2,2025-03-05,m3,44347.946873443754,44347.946873443754,11252.327836106026,55600.274709549776,2336.2878559441456,1199.9999999999977,1199.9999999999945
Q4-2,2025-03-06,m3,43672.24482020692,43672.24482020692,12003.928689243901,55676.17350945082,2637.061366344141,1199.9999999999945,1200.0000000000002
Q4-2,2025-03-07,m3,14535.380938237242,14535.380938237242,2091.6401569659647,16627.021095203207,848.1277344225908,1200.0000000000002,1200.0000000000064
Q4-2,2025-03-08,m3,13321.640317644407,13321.640317644407,2571.7742186242776,15893.414536268685,977.492477597358,1200.0000000000064,1200.000000000007
Q4-2,2025-03-09,m3,45254.518457370315,45254.518457370315,9303.147471930615,54557.66592930093,2060.2122767563615,1200.000000000007,1200.0000000000036
Q4-2,2025-03-10,m3,44135.02812667185,44135.02812667185,18138.027690311843,62273.055816983695,4260.462116636363,1200.0000000000036,1200.0000000000036
Q4-2,2025-03-11,m3,43423.63984566109,43423.63984566109,11552.965083813364,54976.60492947446,2593.336782428357,1200.0000000000036,1199.999999999996
Q4-2,2025-03-12,m3,41550.54080661274,41550.54080661274,12587.564037586684,54138.10484419943,2913.1317649013154,1199.999999999996,1199.999999999995
Q4-2,2025-03-13,m3,41962.75995746879,41962.75995746879,27640.103863674354,69602.86382114314,6199.399142911803,1199.999999999995,1199.999999999998
Q4-2,2025-03-14,m3,13839.64119565146,13839.64119565146,2034.188422632917,15873.829618284377,880.3493212707747,1199.999999999998,1200.0
Q4-2,2025-03-15,m3,12427.437164289364,12427.437164289364,7843.930621678203,20271.367785967566,2526.3021293567344,1200.0,1199.9999999999952
Q4-2,2025-03-16,m3,42680.30319569615,42680.30319569615,11890.573357956222,54570.87655365237,2669.9775977636928,1199.9999999999952,1200.0000000000014
Q4-2,2025-03-17,m3,40909.09527824294,40909.09527824294,7916.077208308184,48825.17248655112,1789.8780529837431,1200.0000000000014,1199.9999999999945
Q4-2,2025-03-18,m3,40050.39280250882,40050.39280250882,14113.57790114491,54163.97070365373,2835.993311774174,1199.9999999999945,1200.0000000000014
Q4-2,2025-03-19,m3,39547.76977341728,39547.76977341728,11094.72990986433,50642.49968328161,2531.5627749920714,1200.0000000000014,1200.0000000000095
Q4-2,2025-03-20,m3,40006.82728255646,40006.82728255646,13644.447598937317,53651.27488149378,3162.2499776191107,1200.0000000000095,1199.9999999999977
Q4-2,2025-03-21,m3,13432.005700113823,13432.005700113823,1761.6406119469657,15193.646312060788,809.041314040162,1199.9999999999977,1199.9999999999975
Q4-2,2025-03-22,m3,11586.142988387353,11586.142988387353,4833.1440276284975,16419.28701601585,1625.1314812205164,1199.9999999999975,1200.0000000000023
Q4-2,2025-03-23,m3,38718.977362008336,38718.977362008336,12621.06751990262,51340.04488191096,2807.1564467261246,1200.0000000000023,1200.000000000002
Q4-2,2025-03-24,m3,37669.48048140503,37669.48048140503,11588.31650141145,49257.79698281648,2697.52390356904,1200.000000000002,1199.9999999999964
Q4-2,2025-03-25,m3,37603.85636557441,37603.85636557441,17503.24648524682,55107.102850821226,4235.759302008884,1199.9999999999964,1199.9999999999989
Q4-2,2025-03-26,m3,36973.7221804164,36973.7221804164,9729.317200578762,46703.039380995164,2308.5041144547877,1199.9999999999989,1200.0000000000005
Q4-2,2025-03-27,m3,36633.54209379844,36633.54209379844,14726.71374277844,51360.25583657688,3457.235018503291,1200.0000000000005,1199.9999999999995
Q4-2,2025-03-28,m3,13032.106169064853,13032.106169064853,3036.7769056014604,16068.883074666313,1045.0507494299188,1199.9999999999995,1200.0000000000023
Q4-2,2025-03-29,m3,11476.522535023185,11476.522535023185,5252.033994246969,16728.556529270154,1651.33904331837,1200.0000000000023,1199.9999999999993
Q4-2,2025-03-30,m3,35032.47239548818,35032.47239548818,11533.139001059282,46565.61139654746,2677.552016220632,1199.9999999999993,1200.0000000000025
Q4-2,2025-03-31,m3,35383.120454554875,35383.120454554875,16464.610313402452,51847.73076795733,3695.9312421654413,1200.0000000000025,1200.0000000000039
Q4-2,2025-04-01,m3,36679.43170080709,36679.43170080709,20811.328145151387,57490.75984595847,5335.011749838854,1200.0000000000039,1199.9999999999973
Q4-2,2025-04-02,m3,34529.80098951109,34529.80098951109,33442.0119159336,67971.81290544469,7653.9974111276215,1199.9999999999973,1199.9999999999995
Q4-2,2025-04-03,m3,36951.84834224473,36951.84834224473,13292.927240898865,50244.77558314359,3079.6250715844676,1199.9999999999995,1200.0000000000068
Q4-2,2025-04-04,m3,12317.02552854739,12317.02552854739,2637.2609613005498,14954.28648984794,1055.2659914234914,1200.0000000000068,1200.0000000000039
Q4-2,2025-04-05,m3,11168.102202136986,11168.102202136986,5274.484528392024,16442.58673052901,1985.6870402153452,1200.0000000000039,1200.0000000000014
Q4-2,2025-04-06,m3,34861.47274035892,34861.47274035892,11009.26945190268,45870.742192261605,2424.459062904292,1200.0000000000014,1200.000000000012
Q4-2,2025-04-07,m3,35129.341477413334,35129.341477413334,7635.167189029042,42764.50866644237,1878.2822952979157,1200.000000000012,1200.0000000000039
Q4-2,2025-04-08,m3,35023.49411618254,35023.49411618254,16332.64993257248,51356.14404875502,3464.8362078598375,1200.0000000000039,1199.9999999999932
Q4-2,2025-04-09,m3,34414.01429615988,34414.01429615988,21801.72512016903,56215.739416328914,5462.5056717112475,1199.9999999999932,1200.0000000000118
Q4-2,2025-04-10,m3,34668.200601577206,34668.200601577206,14381.465361258728,49049.665962835934,3135.4844302882957,1200.0000000000118,1200.000000000009
Q4-2,2025-04-11,m3,12046.466541623606,12046.466541623606,2128.6318314508844,14175.09837307449,987.1932922276733,1200.000000000009,1200.0000000000064
Q4-2,2025-04-12,m3,10710.267044109589,10710.267044109589,4090.9863292112427,14801.253373320831,1738.3713332834034,1200.0000000000064,1199.9999999999995
Q4-2,2025-04-13,m3,34091.181841807396,34091.181841807396,14729.423196853328,48820.605038660724,3216.5451872067742,1199.9999999999995,1200.0000000000016
Q4-2,2025-04-14,m3,33554.52041342833,33554.52041342833,8699.187868510078,42253.70828193841,2118.0156487831064,1200.0000000000016,1200.000000000004
Q4-2,2025-04-15,m3,33458.163212133535,33458.163212133535,10034.378338446997,43492.54155058053,2160.688804751128,1200.000000000004,1200.0000000000005
Q4-2,2025-04-16,m3,33944.89053491106,33944.89053491106,13567.991644641785,47512.88217955284,3278.2792673917556,1200.0000000000005,1200.0000000000055
Q4-2,2025-04-17,m3,33036.210704111894,33036.210704111894,13290.078994884669,46326.28969899657,2835.3373507224387,1200.0000000000055,1199.999999999996
Q4-2,2025-04-18,m3,11442.496787002969,11442.496787002969,2676.6117879193025,14119.108574922271,1336.1870088978008,1199.999999999996,1200.0000000000057
Q4-2,2025-04-19,m3,10328.415143731567,10328.415143731567,4893.559249890597,15221.974393622164,1778.277029785006,1200.0000000000057,1200.0
Q4-2,2025-04-20,m3,32251.258403125074,32251.258403125074,14990.783940070274,47242.042343195346,3304.5656980132917,1200.0,1200.000000000001
Q4-2,2025-04-21,m3,32178.138360324705,32178.138360324705,9193.61402524888,41371.752385573585,2276.5909275446074,1200.000000000001,1200.000000000012
Q4-2,2025-04-22,m3,32014.848224341695,32014.848224341695,12513.170443682167,44528.01866802386,3008.981455482416,1200.000000000012,1199.999999999995
Q4-2,2025-04-23,m3,33525.9331857882,33525.9331857882,9692.614996805729,43218.54818259393,2303.7844175847144,1199.999999999995,1200.0000000000114
Q4-2,2025-04-24,m3,31830.698831029844,31830.698831029844,10719.476680389895,42550.17551141974,2252.359719575025,1200.0000000000114,1200.000000000006
Q4-2,2025-04-25,m3,10617.546617837623,10617.546617837623,2039.2584311949222,12656.805049032544,935.2442225980373,1200.000000000006,1200.0000000000025
Q4-2,2025-04-26,m3,10011.838265992537,10011.838265992537,4233.466825312649,14245.305091305187,1493.8165417497032,1200.0000000000025,1200.0000000000016
Q4-2,2025-04-27,m3,30409.030119058058,30409.030119058058,15653.600459819705,46062.63057887776,3503.0784870507605,1200.0000000000016,1200.000000000004
Q4-2,2025-04-28,m3,30917.129361759824,30917.129361759824,36272.27382993069,67189.40319169051,8625.825685105534,1200.000000000004,1200.0000000000127
Q4-2,2025-04-29,m3,31207.229931898975,31207.229931898975,10645.08630959416,41852.316241493136,2478.7715136777115,1200.0000000000127,1200.0000000000005
Q4-2,2025-04-30,m3,31079.856737483125,31079.856737483125,9166.459593834921,40246.31633131805,2201.4304916096853,1200.0000000000005,1200.0000000000016
Q4-2,2025-05-01,m3,29901.95084828099,29901.95084828099,33823.55508212546,63725.50593040645,7113.306769736505,1200.0000000000016,1199.9999999999964
Q4-2,2025-05-02,m3,11540.815817879513,11540.815817879513,13229.823673741192,24770.639491620706,4459.616245615965,1199.9999999999964,1200.0
Q4-2,2025-05-03,m3,10715.658228825603,10715.658228825603,13461.50855220732,24177.166781032924,3754.77898932149,1200.0,1199.999999999999
Q4-2,2025-05-04,m3,32653.941113507877,32653.941113507877,21194.315834043322,53848.2569475512,5077.225595874258,1199.999999999999,1200.0000000000005
Q4-2,2025-05-05,m3,32878.96390739622,32878.96390739622,28798.00852098572,61676.97242838194,6309.127432885116,1200.0000000000005,1200.0000000000084
Q4-2,2025-05-06,m3,33544.268933348656,33544.268933348656,22506.947764960198,56051.216698308854,4934.327647436342,1200.0000000000084,1200.000000000004
Q4-2,2025-05-07,m3,33818.18802051272,33818.18802051272,24805.49298834683,58623.68100885955,5236.291818150661,1200.000000000004,1200.0000000000048
Q4-2,2025-05-08,m3,33711.41756692966,33711.41756692966,24644.749261736833,58356.16682866649,5933.295469371087,1200.0000000000048,1199.999999999999
Q4-2,2025-05-09,m3,12583.989220539233,12583.989220539233,3492.0590424720403,16076.048263011275,1261.5818658744695,1199.999999999999,1199.999999999997
Q4-2,2025-05-10,m3,10914.637452973519,10914.637452973519,10232.95813745922,21147.59559043274,3088.3470316952594,1199.999999999997,1199.9999999999982
Q4-2,2025-05-11,m3,33756.75078324265,33756.75078324265,22087.718177824674,55844.46896106732,5300.465897149308,1199.9999999999982,1199.9999999999945
Q4-2,2025-05-12,m3,34243.50509993546,34243.50509993546,15574.690010194554,49818.19511013001,4066.0173880263446,1199.9999999999945,1200.0000000000014
Q4-2,2025-05-13,m3,33437.89352797354,33437.89352797354,13053.978515911323,46491.87204388486,2936.8256912422103,1200.0000000000014,1200.0000000000036
Q4-2,2025-05-14,m3,33134.166462296474,33134.166462296474,14343.986765988626,47478.1532282851,3363.586878227063,1200.0000000000036,1199.9999999999982
Q4-2,2025-05-15,m3,33464.26874782278,33464.26874782278,15143.228375684084,48607.497123506866,3503.7259640489788,1199.9999999999982,1200.0000000000082
Q4-2,2025-05-16,m3,12329.64259608063,12329.64259608063,3388.2861878347367,15717.928783915366,1358.0961528359312,1200.0000000000082,1200.0000000000007
Q4-2,2025-05-17,m3,10868.983898861043,10868.983898861043,9793.507216743616,20662.49111560466,3848.7265101532166,1200.0000000000007,1199.9999999999955
Q4-2,2025-05-18,m3,33025.83148745462,33025.83148745462,16793.432978413115,49819.26446586773,4442.808413538602,1199.9999999999955,1199.9999999999995
Q4-2,2025-05-19,m3,33039.10139695262,33039.10139695262,10232.478751602821,43271.58014855544,2223.266359945248,1199.9999999999995,1200.000000000007
Q4-2,2025-05-20,m3,32444.67650843211,32444.67650843211,19957.74558676556,52402.42209519767,4706.990667815852,1200.000000000007,1200.0000000000005
Q4-2,2025-05-21,m3,32379.734420758134,32379.734420758134,20635.792386197463,53015.5268069556,4808.381715754002,1200.0000000000005,1200.0000000000055
Q4-2,2025-05-22,m3,32336.454312786875,32336.454312786875,12638.978183359759,44975.432496146634,2784.524669919309,1200.0000000000055,1199.9999999999998
Q4-2,2025-05-23,m3,11907.085822046382,11907.085822046382,2891.6889361983817,14798.774758244763,1316.611204209196,1199.9999999999998,1199.9999999999977
Q4-2,2025-05-24,m3,10908.557849484898,10908.557849484898,5391.839120701434,16300.396970186332,1802.1984050640692,1199.9999999999977,1200.0000000000002
Q4-2,2025-05-25,m3,32141.331968120336,32141.331968120336,12628.592785032983,44769.92475315332,2889.751835836556,1200.0000000000002,1200.000000000008
Q4-2,2025-05-26,m3,32538.73729745281,32538.73729745281,21565.293009799887,54104.0303072527,5222.324572447405,1200.000000000008,1200.0000000000005
Q4-2,2025-05-27,m3,32491.262296377226,32491.262296377226,11148.1875706187,43639.44986699593,2616.502007003015,1200.0000000000005,1200.0000000000014
Q4-2,2025-05-28,m3,32292.495647585725,32292.495647585725,21038.673062653084,53331.16871023881,5122.938553014181,1200.0000000000014,1200.000000000003
Q4-2,2025-05-29,m3,32621.79129680439,32621.79129680439,23079.03809942423,55700.82939622862,5187.973435778129,1200.000000000003,1199.9999999999995
Q4-2,2025-05-30,m3,12474.917053400231,12474.917053400231,1814.941421595655,14289.858474995886,854.8864558016851,1199.9999999999995,1199.9999999999986
Q4-2,2025-05-31,m3,10647.351482390084,10647.351482390084,6399.582946063196,17046.934428453278,2339.102567029229,1199.9999999999986,1200.0000000000045
Q4-2,2025-06-01,m3,35179.23476656004,35179.23476656004,92154.92202433289,127334.15679089293,20714.63912254624,1200.0000000000045,1200.000000000003
Q4-2,2025-06-02,m3,36328.93678423016,36328.93678423016,77307.88240917388,113636.81919340404,16940.359641260016,1200.000000000003,1200.00000000001
Q4-2,2025-06-03,m3,39882.62268606025,39882.62268606025,48777.58501437503,88660.20770043528,11068.432434178481,1200.00000000001,1199.9999999999989
Q4-2,2025-06-04,m3,40492.01106458179,40492.01106458179,51722.11316679921,92214.12423138099,12227.12792206679,1199.9999999999989,1200.0000000000061
Q4-2,2025-06-05,m3,43632.484599095,43632.484599095,40436.47256195,84068.957161045,8883.774812483418,1200.0000000000061,1200.0000000000045
Q4-2,2025-06-06,m3,17214.431022847406,17214.431022847406,18793.337921215403,36007.76894406281,6348.232708905921,1200.0000000000045,1200.0000000000005
Q4-2,2025-06-07,m3,13918.251663952877,13918.251663952877,28220.967243007326,42139.2189069602,8092.8081504457605,1200.0000000000005,1199.9999999999986
Q4-2,2025-06-08,m3,46005.38523767538,46005.38523767538,23352.27330708974,69357.65854476512,4497.894077216331,1199.9999999999986,1199.9999999999984
Q4-2,2025-06-09,m3,48218.341219479975,48218.341219479975,25362.443724452118,73580.78494393209,5078.581573537896,1199.9999999999984,1199.9999999999916
Q4-2,2025-06-10,m3,48805.87803404659,48805.87803404659,20811.63029886526,69617.50833291185,4571.360936859221,1199.9999999999916,1199.9999999999952
Q4-2,2025-06-11,m3,50274.265847294184,50274.265847294184,32107.2345485984,82381.50039589258,6250.016636264113,1199.9999999999952,1199.999999999997
Q4-2,2025-06-12,m3,52356.20792138192,52356.20792138192,13860.337128790472,66216.5450501724,2822.3592993296807,1199.999999999997,1200.0000000000002
Q4-2,2025-06-13,m3,20326.948742226108,20326.948742226108,4422.772467939579,24749.721210165688,1634.2180920229862,1200.0000000000002,1199.9999999999986
Q4-2,2025-06-14,m3,16271.875488136277,16271.875488136277,10660.082101921607,26931.957590057886,3405.657342114139,1199.9999999999986,1200.0000000000018
Q4-2,2025-06-15,m3,47299.89019930044,47299.89019930044,23767.02953405755,71066.919733358,4631.771667160496,1200.0000000000018,1200.000000000008
Q4-2,2025-06-16,m3,50499.579345766266,50499.579345766266,16396.107385485004,66895.68673125128,3568.7215022200435,1200.000000000008,1199.9999999999932
Q4-2,2025-06-17,m3,51020.128004643295,51020.128004643295,24643.62730761016,75663.75531225346,5167.44369157078,1199.9999999999932,1199.999999999995
Q4-2,2025-06-18,m3,51979.515807560805,51979.515807560805,11232.418258659924,63211.934066220725,2490.9508529428335,1199.999999999995,1200.0000000000002
Q4-2,2025-06-19,m3,49163.14779700029,49163.14779700029,15333.419292941737,64496.56708994202,3008.643877258014,1200.0000000000002,1199.9999999999923
Q4-2,2025-06-20,m3,20158.000321201747,20158.000321201747,1076.5090835232143,21234.509404724962,536.545737196225,1199.9999999999923,1200.0
Q4-2,2025-06-21,m3,15771.268127995834,15771.268127995834,8608.282110648193,24379.550238644028,2650.0461960759912,1200.0,1199.9999999999998
Q4-2,2025-06-22,m3,46876.40828891499,46876.40828891499,17266.728947751006,64143.13723666599,3533.8673471371517,1199.9999999999998,1199.9999999999977
Q4-2,2025-06-23,m3,47832.549003602544,47832.549003602544,14109.273100396316,61941.82210399886,2937.51044924442,1199.9999999999977,1199.9999999999907
Q4-2,2025-06-24,m3,49861.39245423491,49861.39245423491,38836.62934578754,88698.02180002246,8079.119990987615,1199.9999999999907,1199.9999999999925
Q4-2,2025-06-25,m3,48701.78368718596,48701.78368718596,15308.85514553716,64010.638832723125,3454.1189455165304,1199.9999999999925,1199.9999999999964
Q4-2,2025-06-26,m3,47017.60864253041,47017.60864253041,14778.46538961484,61796.07403214525,3080.2373420982744,1199.9999999999964,1199.9999999999934
Q4-2,2025-06-27,m3,17425.576669927843,17425.576669927843,2187.859900385268,19613.43657031311,868.5161273673692,1199.9999999999934,1199.9999999999975
Q4-2,2025-06-28,m3,15264.896893890103,15264.896893890103,9225.472046358525,24490.368940248627,3084.035924124045,1199.9999999999975,1200.000000000003
Q4-2,2025-06-29,m3,47500.94968466036,47500.94968466036,20666.470376426187,68167.42006108654,4427.080942238866,1200.000000000003,1199.9999999999964
Q4-2,2025-06-30,m3,49011.96832025594,49011.96832025594,13326.801786987477,62338.770107243414,3027.0250367616313,1199.9999999999964,1199.9999999999943
Q4-2,2025-07-01,m3,54381.03520064904,54381.03520064904,43370.19080421374,97751.22600486278,9962.567091496483,1199.9999999999943,1199.9999999999905
Q4-2,2025-07-02,m3,53594.60404519526,53594.60404519526,38908.72999786791,92503.33404306317,8601.220739979952,1199.9999999999905,1199.9999999999957
Q4-2,2025-07-03,m3,55094.56528371657,55094.56528371657,47547.385185581225,102641.9504692978,9391.18523369038,1199.9999999999957,1200.0000000000005
Q4-2,2025-07-04,m3,22297.071460862644,22297.071460862644,20446.249804406645,42743.32126526929,5637.023323596503,1200.0000000000005,1200.0000000000016
Q4-2,2025-07-05,m3,20267.516925150383,20267.516925150383,21441.631544389937,41709.14846954032,6147.15030918057,1200.0000000000016,1199.9999999999957
Q4-2,2025-07-06,m3,52994.15008370941,52994.15008370941,61065.48809003305,114059.63817374247,11484.525509261844,1199.9999999999957,1199.9999999999955
Q4-2,2025-07-07,m3,58080.44562313177,58080.44562313177,16721.403026455784,74801.84864958755,3135.2396802199164,1199.9999999999955,1199.9999999999932
Q4-2,2025-07-08,m3,60079.71051868669,60079.71051868669,19380.330653875084,79460.04117256177,3561.8800497218062,1199.9999999999932,1199.9999999999982
Q4-2,2025-07-09,m3,58176.72374847923,58176.72374847923,14356.99116907097,72533.7149175502,2287.4016642275706,1199.9999999999982,1199.9999999999964
Q4-2,2025-07-10,m3,58085.724855147266,58085.724855147266,14667.761505711465,72753.48636085873,2728.4069659552392,1199.9999999999964,1200.0000000000007
Q4-2,2025-07-11,m3,26578.18997098491,26578.18997098491,8073.520406707779,34651.71037769269,2920.317246525302,1200.0000000000007,1200.0
Q4-2,2025-07-12,m3,22576.65161498808,22576.65161498808,12557.074606088565,35133.72622107665,3895.5106807857696,1200.0,1200.0000000000032
Q4-2,2025-07-13,m3,55146.39144219225,55146.39144219225,15283.282115228765,70429.67355742102,2359.662013919196,1200.0000000000032,1199.9999999999984
Q4-2,2025-07-14,m3,54655.91396402696,54655.91396402696,16082.53090536726,70738.44486939421,2923.0887126769762,1199.9999999999984,1199.9999999999986
Q4-2,2025-07-15,m3,56298.525985764325,56298.525985764325,18358.744544594498,74657.27053035883,4201.645690999307,1199.9999999999986,1199.9999999999966
Q4-2,2025-07-16,m3,55450.35421541704,55450.35421541704,18396.300745298657,73846.6549607157,3646.9805108376254,1199.9999999999966,1199.9999999999948
Q4-2,2025-07-17,m3,54610.69085520641,54610.69085520641,25915.446762840642,80526.13761804705,4877.68636090248,1199.9999999999948,1199.999999999991
Q4-2,2025-07-18,m3,25783.207573578326,25783.207573578326,5416.836996618489,31200.044570196813,1968.028738431793,1199.999999999991,1200.0000000000045
Q4-2,2025-07-19,m3,22743.95943291342,22743.95943291342,8685.84533487886,31429.80476779228,2556.0059429422263,1200.0000000000045,1200.0000000000011
Q4-2,2025-07-20,m3,53649.74880534061,53649.74880534061,17668.808227759473,71318.55703310008,3618.307854611244,1200.0000000000011,1199.9999999999993
Q4-2,2025-07-21,m3,54827.78826876104,54827.78826876104,22057.54059077811,76885.32885953915,4638.269601355385,1199.9999999999993,1199.9999999999973
Q4-2,2025-07-22,m3,55980.72664791632,55980.72664791632,15092.91383890015,71073.64048681647,3144.108278871322,1199.9999999999973,1199.9999999999945
Q4-2,2025-07-23,m3,54637.496460868315,54637.496460868315,22976.783936434134,77614.28039730244,4464.501593869255,1199.9999999999945,1199.9999999999977
Q4-2,2025-07-24,m3,55346.79520639338,55346.79520639338,22617.01514234775,77963.81034874113,4617.277510184729,1199.9999999999977,1199.9999999999948
Q4-2,2025-07-25,m3,25761.509283141575,25761.509283141575,1939.2704163696221,27700.779699511197,732.7661911113654,1199.9999999999948,1200.0000000000011
Q4-2,2025-07-26,m3,23371.635754841176,23371.635754841176,6338.460790815719,29710.096545656896,2487.5966389551318,1200.0000000000011,1199.9999999999945
Q4-2,2025-07-27,m3,54525.33479765171,54525.33479765171,22766.06789581906,77291.40269347077,4393.911579597073,1199.9999999999945,1199.9999999999952
Q4-2,2025-07-28,m3,55174.33309295986,55174.33309295986,31855.76678767593,87030.0998806358,6705.818552184324,1199.9999999999952,1199.9999999999986
Q4-2,2025-07-29,m3,55963.83789527674,55963.83789527674,21614.25860933212,77578.09650460885,4350.044454496279,1199.9999999999986,1200.0000000000039
Q4-2,2025-07-30,m3,55753.7742295935,55753.7742295935,21843.63781940675,77597.41204900025,4463.8496047225635,1200.0000000000039,1199.9999999999952
Q4-2,2025-07-31,m3,55975.51250282285,55975.51250282285,20178.99344492796,76154.50594775082,3714.1658544144093,1199.9999999999952,1199.9999999999923
Q4-2,2025-08-01,m3,24940.814494260892,24940.814494260892,1449.2830931075096,26390.0975873684,435.0231243088174,1199.9999999999923,1200.000000000002
Q4-2,2025-08-02,m3,23134.230537797426,23134.230537797426,3503.024774356008,26637.255312153433,1043.998783915882,1200.000000000002,1200.000000000006
Q4-2,2025-08-03,m3,53198.71149321819,53198.71149321819,10601.939785863126,63800.651279081314,2050.4441200149786,1200.000000000006,1199.9999999999966
Q4-2,2025-08-04,m3,53025.388488296674,53025.388488296674,8863.300160629475,61888.68864892615,2030.6694512968209,1199.9999999999966,1200.0000000000018
Q4-2,2025-08-05,m3,52079.75543270755,52079.75543270755,8140.763321166789,60220.518753874334,1852.879248415092,1200.0000000000018,1199.999999999997
Q4-2,2025-08-06,m3,51412.73500061146,51412.73500061146,22251.21622647799,73663.95122708945,4509.00612975279,1199.999999999997,1199.9999999999968
Q4-2,2025-08-07,m3,50677.691173898565,50677.691173898565,12625.515140880423,63303.20631477899,2724.450460633736,1199.9999999999968,1199.9999999999984
Q4-2,2025-08-08,m3,23497.61318419363,23497.61318419363,2066.093196587433,25563.706380781063,793.1777328267624,1199.9999999999984,1200.0000000000073
Q4-2,2025-08-09,m3,21959.733634084958,21959.733634084958,5279.117781171731,27238.85141525669,1871.858403632399,1200.0000000000073,1200.000000000001
Q4-2,2025-08-10,m3,47571.483195520406,47571.483195520406,30609.75629712596,78181.23949264636,6441.476501547464,1200.000000000001,1200.0000000000007
Q4-2,2025-08-11,m3,48635.06714446417,48635.06714446417,17590.663833691084,66225.73097815525,3729.38723067671,1200.0000000000007,1199.999999999997
Q4-2,2025-08-12,m3,49637.800730703515,49637.800730703515,25604.149175893508,75241.94990659703,5141.6836574245735,1199.999999999997,1199.9999999999986
Q4-2,2025-08-13,m3,49487.78658642803,49487.78658642803,19287.846414192023,68775.63300062006,3939.8352790843333,1199.9999999999986,1200.0000000000039
Q4-2,2025-08-14,m3,49027.97900710421,49027.97900710421,23870.29919557012,72898.27820267432,4810.407373108828,1200.0000000000039,1199.9999999999982
Q4-2,2025-08-15,m3,23397.827754656115,23397.827754656115,4283.668425898442,27681.496180554557,1781.6436185612924,1199.9999999999982,1200.000000000005
Q4-2,2025-08-16,m3,21923.895710703015,21923.895710703015,5498.451068177441,27422.346778880456,1728.222620887119,1200.000000000005,1200.0000000000023
Q4-2,2025-08-17,m3,47887.76972947299,47887.76972947299,16839.71709569017,64727.486825163156,3354.424358357377,1200.0000000000023,1199.9999999999968
Q4-2,2025-08-18,m3,48974.1555734118,48974.1555734118,20718.539933611923,69692.69550702372,3963.478068338228,1199.9999999999968,1199.9999999999986
Q4-2,2025-08-19,m3,49340.48762375636,49340.48762375636,13707.717604095033,63048.20522785139,2925.368540510607,1199.9999999999986,1199.9999999999957
Q4-2,2025-08-20,m3,49228.179604451034,49228.179604451034,38521.82204677687,87750.00165122791,8042.492352923371,1199.9999999999957,1199.9999999999986
Q4-2,2025-08-21,m3,49394.112169442466,49394.112169442466,17380.530197234668,66774.64236667713,3552.4955854791524,1199.9999999999986,1199.9999999999984
Q4-2,2025-08-22,m3,23835.154209570963,23835.154209570963,5266.60300206415,29101.757211635115,1969.364867416121,1199.9999999999984,1200.0000000000014
Q4-2,2025-08-23,m3,22229.527577176817,22229.527577176817,5409.735010401466,27639.262587578283,2044.7288171554696,1200.0000000000014,1200.0000000000005
Q4-2,2025-08-24,m3,48132.93863741157,48132.93863741157,23447.70230585769,71580.64094326926,4704.625494893604,1200.0000000000005,1200.0000000000002
Q4-2,2025-08-25,m3,49830.3887036807,49830.3887036807,31591.676004796114,81422.06470847681,7047.531152769108,1200.0000000000002,1200.0
Q4-2,2025-08-26,m3,50371.202853386356,50371.202853386356,14246.451221624015,64617.654075010374,2835.7164150434346,1200.0,1200.000000000001
Q4-2,2025-08-27,m3,50139.68866369089,50139.68866369089,21524.231560151024,71663.92022384191,4071.5595569327547,1200.000000000001,1200.0000000000016
Q4-2,2025-08-28,m3,49806.310880036006,49806.310880036006,33188.24844371078,82994.55932374678,6886.59895792377,1200.0000000000016,1199.9999999999998
Q4-2,2025-08-29,m3,24306.246071704954,24306.246071704954,4018.8774793511047,28325.12355105606,1522.147665187556,1199.9999999999998,1199.9999999999993
Q4-2,2025-08-30,m3,22432.904079232747,22432.904079232747,6608.024990646616,29040.929069879363,2319.048525795025,1199.9999999999993,1200.0000000000014
Q4-2,2025-08-31,m3,47795.24971507282,47795.24971507282,22168.613787949493,69963.86350302232,4799.83252692496,1200.0000000000014,1200.000000000003
Q4-2,2025-09-01,m3,44494.744610966314,44494.744610966314,2316.984547332493,46811.72915829881,666.3393801498237,1200.000000000003,1199.9999999999936
Q4-2,2025-09-02,m3,42017.06811761448,42017.06811761448,4948.125540801141,46965.19365841562,971.1951027284857,1199.9999999999936,1199.9999999999966
Q4-2,2025-09-03,m3,42980.089565001326,42980.089565001326,3600.5478201543647,46580.63738515569,750.195738726262,1199.9999999999966,1199.9999999999998
Q4-2,2025-09-04,m3,40093.77426598889,40093.77426598889,9380.026360742457,49473.80062673135,1876.5955627132685,1199.9999999999998,1200.0000000000014
Q4-2,2025-09-05,m3,17985.234550520792,17985.234550520792,111.06573622087741,18096.30028674167,63.11419054883231,1200.0000000000014,1200.000000000001
Q4-2,2025-09-06,m3,14887.93150304678,14887.93150304678,5717.378576317792,20605.31007936457,2389.49672833841,1200.000000000001,1200.0
Q4-2,2025-09-07,m3,36902.58633559811,36902.58633559811,13669.632424303922,50572.21875990203,2655.4306892751256,1200.0,1200.0000000000014
Q4-2,2025-09-08,m3,35848.10945732758,35848.10945732758,32638.548410204312,68486.65786753189,6978.514252122577,1200.0000000000014,1200.0000000000011
Q4-2,2025-09-09,m3,36531.22094967213,36531.22094967213,17274.875020688938,53806.09597036107,3479.916528178631,1200.0000000000011,1200.000000000006
Q4-2,2025-09-10,m3,37361.170874774274,37361.170874774274,34189.78351962546,71550.95439439974,7300.76024997563,1200.000000000006,1199.9999999999957
Q4-2,2025-09-11,m3,37708.31007336617,37708.31007336617,16407.93416242601,54116.24423579218,3164.0116638977584,1199.9999999999957,1200.0000000000095
Q4-2,2025-09-12,m3,16576.230619254424,16576.230619254424,2231.2909198274474,18807.52153908187,817.1487293865325,1200.0000000000095,1200.000000000001
Q4-2,2025-09-13,m3,14807.583314182046,14807.583314182046,4543.508593348233,19351.09190753028,2076.712148026303,1200.000000000001,1200.0000000000036
Q4-2,2025-09-14,m3,37819.43780933507,37819.43780933507,25774.89472350009,63594.33253283516,5525.5552361479395,1200.0000000000036,1200.0000000000107
Q4-2,2025-09-15,m3,37875.79705501356,37875.79705501356,16885.64476190117,54761.441816914725,3456.155243203578,1200.0000000000107,1200.0000000000034
Q4-2,2025-09-16,m3,37658.57748906399,37658.57748906399,22709.088054858777,60367.66554392276,5424.0457167159875,1200.0000000000034,1199.9999999999943
Q4-2,2025-09-17,m3,39173.42219661518,39173.42219661518,19576.162689389417,58749.584886004595,4139.471488836449,1199.9999999999943,1200.0000000000011
Q4-2,2025-09-18,m3,37434.90732696821,37434.90732696821,22745.347938802253,60180.255265770465,4648.403669880769,1200.0000000000011,1199.9999999999968
Q4-2,2025-09-19,m3,17453.89166837035,17453.89166837035,3352.3525303076176,20806.244198677967,1688.301564037913,1199.9999999999968,1199.9999999999995
Q4-2,2025-09-20,m3,14985.003769277027,14985.003769277027,5852.305831846072,20837.3096011231,2258.8327982438445,1199.9999999999995,1199.9999999999995
Q4-2,2025-09-21,m3,39828.807763647404,39828.807763647404,15927.875186036941,55756.68294968434,3549.5023295637975,1199.9999999999995,1200.0000000000077
Q4-2,2025-09-22,m3,39360.01800992314,39360.01800992314,20249.40627958376,59609.4242895069,4716.306521940396,1200.0000000000077,1199.9999999999998
Q4-2,2025-09-23,m3,39152.11062303644,39152.11062303644,26962.60659924505,66114.71722228148,5652.006677358533,1199.9999999999998,1200.000000000007
Q4-2,2025-09-24,m3,40177.91503830895,40177.91503830895,17354.412974358544,57532.328012667494,4144.0518367427385,1200.000000000007,1200.0000000000023
Q4-2,2025-09-25,m3,39702.46931976607,39702.46931976607,16386.489486438073,56088.958806204144,3806.315392481159,1200.0000000000023,1200.000000000001
Q4-2,2025-09-26,m3,17290.091016662693,17290.091016662693,2954.3226223990578,20244.41363906175,1280.7618980160673,1200.000000000001,1199.9999999999936
Q4-2,2025-09-27,m3,15386.40916540176,15386.40916540176,6867.134812198416,22253.543977600173,2781.6441163455006,1199.9999999999936,1200.0000000000057
Q4-2,2025-09-28,m3,40092.654251365806,40092.654251365806,26848.606925873286,66941.2611772391,5691.86539460295,1200.0000000000057,1200.000000000005
Q4-2,2025-09-29,m3,40225.81710897101,40225.81710897101,22331.820953243812,62557.63806221482,4797.755382476997,1200.000000000005,1199.9999999999957
Q4-2,2025-09-30,m3,40721.97127435532,40721.97127435532,30246.1712914594,70968.14256581472,6440.188457172793,1199.9999999999957,1199.9999999999975
Q4-2,2025-10-01,m3,40081.52458346347,40081.52458346347,4949.895519921654,45031.42010338513,1262.7604617631741,1199.9999999999975,1200.0000000000095
Q4-2,2025-10-02,m3,35832.162723866015,35832.162723866015,8537.572167758874,44369.73489162489,1930.5254394608978,1200.0000000000095,1199.9999999999986
Q4-2,2025-10-03,m3,14356.075052514356,14356.075052514356,1081.6164760843512,15437.691528598707,541.7917658553131,1199.9999999999986,1200.0000000000073
Q4-2,2025-10-04,m3,13368.292600120687,13368.292600120687,3478.895907739653,16847.18850786034,1365.6166657117114,1200.0000000000073,1200.0000000000039
Q4-2,2025-10-05,m3,37092.04751609577,37092.04751609577,9617.11054852463,46709.1580646204,2066.42698010361,1200.0000000000039,1199.9999999999975
Q4-2,2025-10-06,m3,38257.13322659979,38257.13322659979,9993.359330520338,48250.49255712013,2124.468108217805,1199.9999999999975,1200.000000000005
Q4-2,2025-10-07,m3,37107.75430251911,37107.75430251911,12757.570495202135,49865.324797721245,2778.141053618634,1200.000000000005,1200.0000000000002
Q4-2,2025-10-08,m3,34938.38780431463,34938.38780431463,20811.15172739131,55749.539531705945,4524.243935489276,1200.0000000000002,1200.0000000000111
Q4-2,2025-10-09,m3,35619.95051477055,35619.95051477055,17909.380164604663,53529.33067937521,3939.920789391812,1200.0000000000111,1199.9999999999955
Q4-2,2025-10-10,m3,14115.596197078823,14115.596197078823,2217.1521192565488,16332.748316335372,1046.9370698938997,1199.9999999999955,1200.0000000000043
Q4-2,2025-10-11,m3,12803.503638042583,12803.503638042583,5300.04703006242,18103.550668105003,2000.1088618475799,1200.0000000000043,1200.0000000000025
Q4-2,2025-10-12,m3,35621.39947737291,35621.39947737291,20651.063992179028,56272.463469551934,4326.919110861327,1200.0000000000025,1200.0000000000005
Q4-2,2025-10-13,m3,37739.36063509918,37739.36063509918,11925.974168226654,49665.33480332584,2464.532232798725,1200.0000000000005,1199.9999999999945
Q4-2,2025-10-14,m3,38495.191181276154,38495.191181276154,17139.94748273985,55635.138664016005,3742.872011999294,1199.9999999999945,1200.0000000000057
Q4-2,2025-10-15,m3,36093.41304983804,36093.41304983804,32217.09182493898,68310.50487477702,7352.685915766498,1200.0000000000057,1200.0000000000055
Q4-2,2025-10-16,m3,37094.20384915185,37094.20384915185,34674.695893235854,71768.8997423877,7345.973038849917,1200.0000000000055,1200.0000000000014
Q4-2,2025-10-17,m3,15029.547871451297,15029.547871451297,1879.8072891753359,16909.355160626634,1055.1319592683908,1200.0000000000014,1199.999999999995
Q4-2,2025-10-18,m3,13445.294752111271,13445.294752111271,3968.853885419057,17414.14863753033,1758.520089558896,1199.999999999995,1200.000000000002
Q4-2,2025-10-19,m3,38347.22350185458,38347.22350185458,31977.019489557373,70324.24299141196,6615.314391078253,1200.000000000002,1199.9999999999995
Q4-2,2025-10-20,m3,41189.886626810374,41189.886626810374,19758.562201956272,60948.448828766646,4082.4784811247664,1199.9999999999995,1199.9999999999952
Q4-2,2025-10-21,m3,42597.5817561126,42597.5817561126,17448.929385471885,60046.51114158449,4244.088808647733,1199.9999999999952,1199.9999999999952
Q4-2,2025-10-22,m3,39597.906301279545,39597.906301279545,32825.00266886312,72422.90897014266,6764.892590118913,1199.9999999999952,1199.9999999999964
Q4-2,2025-10-23,m3,40123.3745198082,40123.3745198082,19821.49992712165,59944.874446929854,4245.958928264028,1199.9999999999964,1200.0000000000016
Q4-2,2025-10-24,m3,14818.233792708304,14818.233792708304,3053.824116230702,17872.05790893901,1229.8152652576462,1200.0000000000016,1200.000000000007
Q4-2,2025-10-25,m3,13913.981722979333,13913.981722979333,4538.058646057832,18452.040369037168,1442.5282661052124,1200.000000000007,1199.9999999999984
Q4-2,2025-10-26,m3,42170.896463466735,42170.896463466735,14073.493242998084,56244.38970646482,3026.616127358012,1199.9999999999984,1200.000000000002
Q4-2,2025-10-27,m3,43071.354085891,43071.354085891,14545.741238028215,57617.09532391922,3121.330544833652,1200.000000000002,1200.0000000000011
Q4-2,2025-10-28,m3,43915.35163333882,43915.35163333882,14589.491472452368,58504.84310579119,3232.3529385397733,1200.0000000000011,1200.0000000000005
Q4-2,2025-10-29,m3,41662.15300083526,41662.15300083526,37663.33384251537,79325.48684335063,8508.598051975732,1200.0000000000005,1199.9999999999995
Q4-2,2025-10-30,m3,43454.552700973785,43454.552700973785,17148.185112792366,60602.73781376615,3665.2574820087166,1199.9999999999995,1200.0000000000077
Q4-2,2025-10-31,m3,15652.83717189348,15652.83717189348,4211.664747915677,19864.501919809158,2011.3941259969538,1200.0000000000077,1199.9999999999993
Q4-2,2025-11-01,m3,13573.161145579466,13573.161145579466,5101.752205679336,18674.9133512588,1783.3007467210018,1199.9999999999993,1200.0000000000011
Q4-2,2025-11-02,m3,43545.17203686215,43545.17203686215,25620.13436989201,69165.30640675416,5234.819669636042,1200.0000000000011,1200.0000000000075
Q4-2,2025-11-03,m3,45977.09880206536,45977.09880206536,16065.843651412435,62042.94245347779,4032.657029255749,1200.0000000000075,1200.0000000000043
Q4-2,2025-11-04,m3,46724.14868580314,46724.14868580314,12339.731547592404,59063.88023339555,2530.7360282425134,1200.0000000000043,1200.0000000000139
Q4-2,2025-11-05,m3,46751.3296675603,46751.3296675603,15752.04447206532,62503.374139625615,3548.333174487197,1200.0000000000139,1200.0000000000057
Q4-2,2025-11-06,m3,47163.67400733236,47163.67400733236,25591.719472510806,72755.39347984316,5551.44629699646,1200.0000000000057,1199.999999999993
Q4-2,2025-11-07,m3,16153.246713643795,16153.246713643795,2076.6657331782726,18229.91244682207,827.2115929443632,1199.999999999993,1200.0000000000089
Q4-2,2025-11-08,m3,14312.039470904841,14312.039470904841,4319.624837962116,18631.66430886696,1340.2461226473356,1200.0000000000089,1200.0000000000014
Q4-2,2025-11-09,m3,47233.82235044171,47233.82235044171,20588.923184529714,67822.74553497143,4318.278868209379,1200.0000000000014,1200.000000000004
Q4-2,2025-11-10,m3,49040.90907659179,49040.90907659179,24121.752341931966,73162.66141852376,5049.042873837141,1200.000000000004,1200.0000000000066
Q4-2,2025-11-11,m3,49271.19499733263,49271.19499733263,12095.046909191686,61366.241906524316,2567.5820012377367,1200.0000000000066,1200.000000000004
Q4-2,2025-11-12,m3,49372.312972964806,49372.312972964806,14187.789707910179,63560.10268087499,2870.1822958344237,1200.000000000004,1200.0000000000023
Q4-2,2025-11-13,m3,49485.97560031884,49485.97560031884,20094.37375822132,69580.34935854016,4614.560931880689,1200.0000000000023,1200.0000000000027
Q4-2,2025-11-14,m3,16913.74000851898,16913.74000851898,1731.7776657906084,18645.517674309587,714.8215809843268,1200.0000000000027,1200.000000000007
Q4-2,2025-11-15,m3,14806.930669770569,14806.930669770569,7799.3557562885835,22606.286426059152,2200.1205655632543,1200.000000000007,1200.0000000000107
Q4-2,2025-11-16,m3,50733.24904994808,50733.24904994808,21540.24145794015,72273.49050788823,4353.361548752497,1200.0000000000107,1200.0000000000052
Q4-2,2025-11-17,m3,51750.988579815705,51750.988579815705,10390.29137071222,62141.279950527925,2072.9549197882106,1200.0000000000052,1200.0000000000039
Q4-2,2025-11-18,m3,51427.407068821354,51427.407068821354,16945.42157170432,68372.82864052567,3647.921372751017,1200.0000000000039,1200.000000000004
Q4-2,2025-11-19,m3,52164.41090519537,52164.41090519537,19673.992790519107,71838.40369571449,4140.609503165027,1200.000000000004,1200.0000000000016
Q4-2,2025-11-20,m3,52611.55438302588,52611.55438302588,14996.377285920938,67607.93166894683,3208.0462853095214,1200.0000000000016,1200.0000000000055
Q4-2,2025-11-21,m3,17650.244237029074,17650.244237029074,2175.9553487898634,19826.199585818937,1090.169329016484,1200.0000000000055,1199.9999999999986
Q4-2,2025-11-22,m3,14811.449373992526,14811.449373992526,8376.075937559923,23187.525311552447,2477.1400589588948,1199.9999999999986,1200.0000000000005
Q4-2,2025-11-23,m3,53157.903752415106,53157.903752415106,18793.98528398356,71951.88903639867,3684.191575998404,1200.0000000000005,1200.0000000000075
Q4-2,2025-11-24,m3,52953.88563759597,52953.88563759597,12010.240461446076,64964.12609904205,2496.3639010118222,1200.0000000000075,1200.0000000000018
Q4-2,2025-11-25,m3,52657.581050906054,52657.581050906054,16271.544275258324,68929.12532616437,3254.5925453011105,1200.0000000000018,1199.999999999997
Q4-2,2025-11-26,m3,53226.052876095055,53226.052876095055,17771.447653864627,70997.50052995968,3678.6007104340006,1199.999999999997,1200.0000000000016
Q4-2,2025-11-27,m3,54165.201347783106,54165.201347783106,14171.293032090878,68336.49437987398,2953.634400850145,1200.0000000000016,1199.999999999999
Q4-2,2025-11-28,m3,17288.46399379966,17288.46399379966,2164.924246839222,19453.388240638884,872.3014402944805,1199.999999999999,1199.999999999998
Q4-2,2025-11-29,m3,15304.718739470642,15304.718739470642,14710.936921006254,30015.655660476896,4571.323721843192,1199.999999999998,1199.9999999999875
Q4-2,2025-11-30,m3,54584.756230010666,54584.756230010666,26216.893937473484,80801.65016748416,5344.657576509311,1199.9999999999875,1200.0000000000032
Q4-2,2025-12-01,m3,59501.50071949008,59501.50071949008,46977.86184753556,106479.36256702564,9606.121889497259,1200.0000000000032,1200.0000000000061
Q4-2,2025-12-02,m3,62380.861346610865,62380.861346610865,43181.98138458982,105562.84273120068,8470.004846385593,1200.0000000000061,1200.000000000009
Q4-2,2025-12-03,m3,63376.052807593645,63376.052807593645,30909.679799814192,94285.73260740784,6600.599156612356,1200.000000000009,1200.0000000000027
Q4-2,2025-12-04,m3,64093.11907853199,64093.11907853199,27157.60907368466,91250.72815221664,5217.751778104588,1200.0000000000027,1200.0000000000023
Q4-2,2025-12-05,m3,23255.35661651979,23255.35661651979,8949.728762619041,32205.085379138833,2968.621481070098,1200.0000000000023,1199.999999999996
Q4-2,2025-12-06,m3,19332.84378757682,19332.84378757682,20613.79360660944,39946.63739418626,6063.956174534269,1199.999999999996,1200.0000000000048
Q4-2,2025-12-07,m3,68307.06145480445,68307.06145480445,13332.33338493083,81639.39483973528,2461.3507491291793,1200.0000000000048,1200.000000000007
Q4-2,2025-12-08,m3,69783.49079850741,69783.49079850741,8360.812502018383,78144.30330052579,1460.1850535628778,1200.000000000007,1200.0000000000025
Q4-2,2025-12-09,m3,68872.1193782707,68872.1193782707,13627.66857475678,82499.78795302748,2281.2229505470677,1200.0000000000025,1200.0000000000045
Q4-2,2025-12-10,m3,69394.71711179131,69394.71711179131,11285.422527795608,80680.13963958692,2294.4913933114,1200.0000000000045,1200.0000000000064
Q4-2,2025-12-11,m3,67001.07748953663,67001.07748953663,11035.388289918908,78036.46577945554,2104.290974711105,1200.0000000000064,1200.0000000000057
Q4-2,2025-12-12,m3,24121.067139250474,24121.067139250474,8544.617311332928,32665.6844505834,3110.903122553329,1200.0000000000057,1200.0000000000127
Q4-2,2025-12-13,m3,22059.428677777287,22059.428677777287,12483.650844942033,34543.079522719316,3411.5212849380514,1200.0000000000127,1199.999999999994
Q4-2,2025-12-14,m3,69222.19273998686,69222.19273998686,14014.665452797617,83236.85819278448,2407.6919029161463,1199.999999999994,1200.0000000000025
Q4-2,2025-12-15,m3,70181.76424998319,70181.76424998319,13360.16074349937,83541.92499348255,2434.31388159323,1200.0000000000025,1200.0000000000027
Q4-2,2025-12-16,m3,69724.1702919947,69724.1702919947,12409.37008840109,82133.54038039579,2199.431642194141,1200.0000000000027,1200.000000000001
Q4-2,2025-12-17,m3,69385.83939073721,69385.83939073721,10931.944187429672,80317.78357816688,2140.5465178055074,1200.000000000001,1200.000000000007
Q4-2,2025-12-18,m3,67941.38763401785,67941.38763401785,14671.792016185418,82613.17965020327,2591.036689665146,1200.000000000007,1200.0000000000068
Q4-2,2025-12-19,m3,25987.181844452323,25987.181844452323,4210.136723072882,30197.318567525206,1646.2175977996726,1200.0000000000068,1200.0000000000093
Q4-2,2025-12-20,m3,22163.48701779917,22163.48701779917,7533.936534265989,29697.423552065156,2582.2381422972876,1200.0000000000093,1200.0000000000084
Q4-2,2025-12-21,m3,68439.51023756462,68439.51023756462,15814.073051523095,84253.58328908772,2969.2041499378215,1200.0000000000084,1200.0000000000082
Q4-2,2025-12-22,m3,70765.04225629626,70765.04225629626,11484.993212476424,82250.0354687727,2083.208167662194,1200.0000000000082,1200.0000000000073
Q4-2,2025-12-23,m3,69817.75928856806,69817.75928856806,6270.612480005471,76088.37176857353,1105.5333174282646,1200.0000000000073,1200.0000000000023
Q4-2,2025-12-24,m3,67014.15649462931,67014.15649462931,16396.28760285196,83410.44409748126,2949.498947160747,1200.0000000000023,1200.000000000003
Q4-2,2025-12-25,m3,67633.01443132313,67633.01443132313,14600.17704543241,82233.19147675554,2931.8688302019605,1200.000000000003,1200.0000000000036
Q4-2,2025-12-26,m3,25238.103574145818,25238.103574145818,4413.940136427399,29652.043710573216,1633.4837910079177,1200.0000000000036,1200.0000000000043
Q4-2,2025-12-27,m3,21857.813884029514,21857.813884029514,8072.515483492515,29930.32936752203,2321.1962935374904,1200.0000000000043,1199.9999999999889
Q4-2,2025-12-28,m3,68135.99429526378,68135.99429526378,10304.279781712306,78440.27407697609,1901.848074214112,1199.9999999999889,1199.9999999999989
Q4-2,2025-12-29,m3,68660.18087945615,68660.18087945615,7100.697651836415,75760.87853129256,1313.3130970189063,1199.9999999999989,1200.0000000000075
Q4-2,2025-12-30,m3,67636.76303935531,67636.76303935531,8946.603801033874,76583.36684038918,1557.9745732217505,1200.0000000000075,1200.000000000009
Q4-2,2025-12-31,m3,69607.48391579755,69607.48391579755,18242.379876130213,87849.86379192777,3340.018768837169,1200.000000000009,6000.000000000002
