family,date,method,plan_cost_yuan,contract_cost_yuan,emergency_cost_yuan,total_cost_yuan,emergency_kwh,soc_start_kwh,soc_end_kwh
Q4-3,2025-02-01,m1,31587.228524970044,31896.450273531365,1687.4474281260968,33583.897701657464,669.1824910087544,6000.0,6000.0
Q4-3,2025-02-02,m1,71470.47721122717,73245.50159391877,3215.330514392793,76460.83210831156,564.5377228775352,6000.0,6000.0
Q4-3,2025-02-03,m1,69123.7029967489,68449.06946293052,15230.457929944614,83679.52739287514,3103.010783348156,6000.0,6000.0
Q4-3,2025-02-04,m1,69008.37892570868,69599.70979011609,24017.07359562865,93616.78338574474,4742.363379867471,6000.0,6000.0
Q4-3,2025-02-05,m1,68976.86344682588,72705.63869590657,8376.501594582576,81082.14029048914,1708.4117989329986,6000.0,6000.0
Q4-3,2025-02-06,m1,68817.70697650051,67802.47835441362,26262.58380805276,94065.06216246638,5171.152461000751,6000.0,6000.0
Q4-3,2025-02-07,m1,32584.586336106677,32909.52063108447,1520.400351291777,34429.92098237625,742.8158731701681,6000.0,6000.0
Q4-3,2025-02-08,m1,29276.198158614145,30639.922750284502,2070.377277828152,32710.300028112655,989.9585277325787,6000.0,6000.0
Q4-3,2025-02-09,m1,66304.32867395155,68630.22175737843,15985.961150485207,84616.18290786364,3087.6175892635083,6000.0,6000.0
Q4-3,2025-02-10,m1,65367.89815213249,65349.584264156874,7282.932480390633,72632.51674454751,1569.600990104459,6000.0,6000.0
Q4-3,2025-02-11,m1,64865.21243635936,65193.43275597023,17345.68347600045,82539.11623197068,3504.948871124465,6000.0,6000.0
Q4-3,2025-02-12,m1,64724.517389253044,63723.50088983926,17079.068839979645,80802.5697298189,3427.237101801743,6000.0,6000.0
Q4-3,2025-02-13,m1,63340.90577685274,65002.452603477046,6744.995129803781,71747.44773328083,1462.1793251302452,6000.0,6000.0
Q4-3,2025-02-14,m1,30119.27746419934,31068.194024696946,2228.875302401786,33297.06932709873,1066.2318550701928,6000.0,6000.0
Q4-3,2025-02-15,m1,27960.926426000653,28794.024100540097,3209.5120419723617,32003.536142512457,1345.7079407313136,6000.0,6000.0
Q4-3,2025-02-16,m1,62587.35675324667,61151.894126908854,27011.59613917845,88163.4902660873,5567.79999150459,6000.0,6000.0
Q4-3,2025-02-17,m1,60850.373492671075,60134.861627677434,12334.224447826735,72469.08607550416,2567.7168181488355,6000.0,6000.0
Q4-3,2025-02-18,m1,59727.348026165026,63568.68774127641,8614.430365476836,72183.11810675325,1729.0615895194435,6000.0,6000.0
Q4-3,2025-02-19,m1,59554.71303629757,62369.123190962804,15815.65597521622,78184.77916617903,3161.557730548423,6000.0,6000.0
Q4-3,2025-02-20,m1,60441.55236152499,61521.5995222494,12150.80331229981,73672.40283454921,2335.914681714,6000.0,6000.0
Q4-3,2025-02-21,m1,28995.587061049766,30098.893879580595,2174.3078152277894,32273.201694808384,1152.3329707124394,6000.0,6000.0
Q4-3,2025-02-22,m1,27113.461472434337,27977.87995170825,2209.229226886908,30187.109178595158,1014.6109540697137,6000.0,6000.0
Q4-3,2025-02-23,m1,59303.47295583659,61068.2092276548,12780.67855942952,73848.88778708431,2816.997058740519,6000.0,6000.0
Q4-3,2025-02-24,m1,58317.30471395874,60247.43966944701,17591.157388663778,77838.59705811078,3629.254060797296,6000.0,6000.0
Q4-3,2025-02-25,m1,57918.28269409761,56920.3521815306,13975.453455191398,70895.805636722,2966.9127809837123,6000.0,6000.0
Q4-3,2025-02-26,m1,57183.112291708545,61026.23824504303,7558.445358027628,68584.68360307066,1669.713084043387,6000.0,6000.0
Q4-3,2025-02-27,m1,56537.84365045423,59368.183381471936,10851.690074208029,70219.87345567996,1989.4014880086688,6000.0,6000.0
Q4-3,2025-02-28,m1,27943.024878345303,29401.871347437424,1766.4657702101483,31168.33711764757,887.8698141399896,6000.0,6000.0
Q4-3,2025-03-01,m1,25717.22942837202,26070.107008888233,1710.4011952408173,27780.50820412905,683.0955266562515,6000.0,6000.0
Q4-3,2025-03-02,m1,55809.2930789532,59210.053067128996,25654.56885701682,84864.62192414582,5090.67807609802,6000.0,6000.0
Q4-3,2025-03-03,m1,55077.45179729583,56982.36764613396,26241.75874952961,83224.12639566357,5159.4278370727325,6000.0,6000.0
Q4-3,2025-03-04,m1,56197.46108982815,59715.30722217864,10581.283042278961,70296.5902644576,2377.208710127788,6000.0,6000.0
Q4-3,2025-03-05,m1,55824.75982249729,56439.77834118247,10226.685925026864,66666.46426620934,2134.321222248779,6000.0,6000.0
Q4-3,2025-03-06,m1,54745.00295366971,57264.1309643723,10823.424503328246,68087.55546770054,2419.1931865165598,6000.0,6000.0
Q4-3,2025-03-07,m1,25976.649097327947,26319.814386119386,1757.1404868271422,28076.954872946528,766.3577923553112,6000.0,6000.0
Q4-3,2025-03-08,m1,24208.085773685074,25336.70234423851,1936.5409492745252,27273.243293513035,778.7625701833142,6000.0,6000.0
Q4-3,2025-03-09,m1,55491.841012277524,56856.381158546865,7206.274908944732,64062.656067491596,1670.609737778303,6000.0,6000.0
Q4-3,2025-03-10,m1,54053.040411954076,57800.269703024926,9624.692196130447,67424.96189915537,2264.9414590695233,6000.0,6000.0
Q4-3,2025-03-11,m1,53605.39998458106,61835.46625729706,8517.857977945934,70353.324235243,1959.7017752590905,6000.0,6000.0
Q4-3,2025-03-12,m1,52873.10159516303,53236.51494279812,14625.659576265245,67862.17451906337,3393.022997308542,6000.0,6000.0
Q4-3,2025-03-13,m1,52404.37374954639,55073.09294232999,17835.37164687342,72908.46458920342,3654.2685098527177,6000.0,6000.0
Q4-3,2025-03-14,m1,24843.1824892159,25645.00248001701,1725.294266199868,27370.296746216878,746.765074681186,6000.0,6000.0
Q4-3,2025-03-15,m1,22913.375479409122,24113.831500290587,5501.015225869009,29614.846726159594,1676.155044556143,6000.0,6000.0
Q4-3,2025-03-16,m1,53078.18929202585,55822.89528199047,11476.441389501731,67299.3366714922,2659.2610734987447,6000.0,6000.0
Q4-3,2025-03-17,m1,51386.700887582374,53875.95436037109,4894.889057044681,58770.843417415774,1155.2720570604909,6000.0,6000.0
Q4-3,2025-03-18,m1,50603.641531224406,50945.577571172005,16129.628087617777,67075.20565878978,3194.6777283826914,6000.0,6000.0
Q4-3,2025-03-19,m1,50306.583474562125,56464.98414075116,7020.361687995183,63485.34582874634,1769.3169673693726,6000.0,6000.0
Q4-3,2025-03-20,m1,50755.96558749813,53101.28270225243,18712.874077885746,71814.15678013818,4457.86706353125,6000.0,6000.0
Q4-3,2025-03-21,m1,24386.653812451717,25537.046460891772,1438.4678546846108,26975.514315576384,681.9405916220405,6000.0,6000.0
Q4-3,2025-03-22,m1,21845.25322112597,22185.618177698012,4691.878413710148,26877.496591408162,1527.8205766008857,6000.0,6000.0
Q4-3,2025-03-23,m1,49709.43674099057,49486.31742851023,15996.495654214343,65482.81308272457,3606.2307021774513,6000.0,6000.0
Q4-3,2025-03-24,m1,49544.05282067983,51364.383628943506,8975.260337615726,60339.64396655923,2052.421915543553,6000.0,6000.0
Q4-3,2025-03-25,m1,49801.42982058923,50103.20259532953,15762.12847110943,65865.33106643896,3733.2127506466813,6000.0,6000.0
Q4-3,2025-03-26,m1,49526.03108967186,52352.31300566629,11120.747072208536,63473.06007787483,2845.7412133341295,6000.0,6000.0
Q4-3,2025-03-27,m1,48958.38028518151,48959.814181907444,14070.026504102818,63029.84068601026,3270.782093676671,6000.0,6000.0
Q4-3,2025-03-28,m1,23896.8994486389,24210.290815889548,2877.770365781753,27088.0611816713,939.5355292009368,6000.0,6000.0
Q4-3,2025-03-29,m1,21625.235860810702,22547.12364333424,4438.611986280617,26985.735629614857,1344.3450132560388,6000.0,6000.0
Q4-3,2025-03-30,m1,47504.29314829521,48129.54156513866,13678.117044080192,61807.65860921885,3168.7377176060927,6000.0,6000.0
Q4-3,2025-03-31,m1,47771.97030632669,51611.40118886068,9027.308248400775,60638.70943726145,2016.2283119871397,6000.0,6000.0
Q4-3,2025-04-01,m1,47740.097486891595,49301.30941262687,10613.331608241548,59914.64102086842,2377.2817698274957,6000.0,6000.0
Q4-3,2025-04-02,m1,46770.49464946319,48872.72831582964,18771.7380959762,67644.46641180584,3868.356485947532,6000.0,6000.0
Q4-3,2025-04-03,m1,48600.1661728223,48267.7337135611,19404.008501132106,67671.74221469321,4420.61324845322,6000.0,6000.0
Q4-3,2025-04-04,m1,22853.16413821958,23528.58558121189,2249.835827418483,25778.421408630373,901.2331023817387,6000.0,6000.0
Q4-3,2025-04-05,m1,21209.904486021147,22043.26918882018,4415.620995707193,26458.890184527372,1426.2512023533923,6000.0,6000.0
Q4-3,2025-04-06,m1,46762.526659849,49461.27368189372,7091.808412332716,56553.08209422643,1485.5594307051058,6000.0,6000.0
Q4-3,2025-04-07,m1,46684.719685332544,50367.983021163505,5901.3205432384975,56269.303564402006,1422.8851769380967,6000.0,6000.0
Q4-3,2025-04-08,m1,46766.68614990476,47226.33323844898,17811.89097196737,65038.224210416345,3907.9185681234403,6000.0,6000.0
Q4-3,2025-04-09,m1,46948.482543188366,48888.09369468483,13101.27743171819,61989.37112640302,3213.457326422743,6000.0,6000.0
Q4-3,2025-04-10,m1,47195.55817360747,47340.87130268728,18928.59556217139,66269.46686485867,4099.9379060073215,6000.0,6000.0
Q4-3,2025-04-11,m1,22353.646443504822,23896.230009500665,1863.0484607631142,25759.27847026378,884.070172583089,6000.0,6000.0
Q4-3,2025-04-12,m1,20680.78918551054,20967.647007543284,4038.262773589587,25005.909781132872,1361.849861620347,6000.0,6000.0
Q4-3,2025-04-13,m1,45569.785162843764,48128.365016044176,10204.413397798282,58332.77841384246,2166.904455819747,6000.0,6000.0
Q4-3,2025-04-14,m1,45270.78301520749,44098.95679897606,19291.274825049088,63390.23162402515,4528.472295847725,6000.0,6000.0
Q4-3,2025-04-15,m1,45308.933938671165,48399.54038365887,5921.732308253671,54321.27269191254,1233.794904996032,6000.0,6000.0
Q4-3,2025-04-16,m1,45311.87764328549,47644.39735814762,9363.577845630687,57007.975203778304,2196.6031065927764,6000.0,6000.0
Q4-3,2025-04-17,m1,45030.12456783824,48577.336350626894,11124.616765087047,59701.95311571394,2351.926261668546,6000.0,6000.0
Q4-3,2025-04-18,m1,21458.543399583614,22218.53731308094,2574.212060081388,24792.749373162325,1130.2603116022915,6000.0,6000.0
Q4-3,2025-04-19,m1,19992.421055358518,21399.55966973241,4075.803815545609,25475.36348527802,1493.5066505259879,6000.0,6000.0
Q4-3,2025-04-20,m1,43935.73182960569,47196.69172175942,9905.637701714379,57102.3294234738,2199.6650432760302,6000.0,6000.0
Q4-3,2025-04-21,m1,43859.65657679197,44303.427206992135,11324.8264689464,55628.25367593853,2703.477528446775,6000.0,6000.0
Q4-3,2025-04-22,m1,43801.052658788896,46139.80649390819,7687.10358631992,53826.91008022811,1775.3394889518893,6000.0,6000.0
Q4-3,2025-04-23,m1,44614.38202032547,50487.72123061128,7830.2805251440905,58318.001755755366,1844.0245046849132,6000.0,6000.0
Q4-3,2025-04-24,m1,43696.61155299614,45935.999730425545,9892.804015656973,55828.803746082514,1994.038894297042,6000.0,6000.0
Q4-3,2025-04-25,m1,20560.426285934213,20943.512916915402,1783.564155300643,22727.077072216045,792.9700016241691,6000.0,6000.0
Q4-3,2025-04-26,m1,19771.248489155834,20549.922719654645,3645.879727902966,24195.80244755761,1222.1030381755886,6000.0,6000.0
Q4-3,2025-04-27,m1,42592.25642307954,47860.77895604483,7797.765677089979,55658.54463313481,1883.274053484139,6000.0,6000.0
Q4-3,2025-04-28,m1,42929.81635653139,45447.759925698854,14626.41977565295,60074.17970135181,3447.9613886218785,6000.0,6000.0
Q4-3,2025-04-29,m1,42548.540305195485,47247.01267683511,5240.747670898985,52487.760347734096,1168.7074702606885,6000.0,6000.0
Q4-3,2025-04-30,m1,42049.48305928151,44570.53493242801,9156.018797553403,53726.55372998142,2094.510677307495,6000.0,6000.0
Q4-3,2025-05-01,m1,42737.61583826547,47380.19479009982,26068.423425128432,73448.61821522826,5410.786591017762,6000.0,6000.0
Q4-3,2025-05-02,m1,21637.762438040292,21938.048714786015,9912.03224308438,31850.080957870396,2839.3433284975235,6000.0,6000.0
Q4-3,2025-05-03,m1,20612.28559036087,21015.12300028298,12635.011151809016,33650.134152091996,3324.4401694095577,6000.0,6000.0
Q4-3,2025-05-04,m1,44852.5528476735,44714.504478912444,20453.00806611833,65167.512545030775,4476.3704369684765,6000.0,6000.0
Q4-3,2025-05-05,m1,45232.344134706,45033.63535143598,28633.17406933508,73666.80942077105,6163.345821733725,6000.0,6000.0
Q4-3,2025-05-06,m1,46116.00436269924,51401.945213825325,11958.943387626252,63360.888601451574,2822.2568321759245,6000.0,6000.0
Q4-3,2025-05-07,m1,45715.84607532159,49181.863283603474,19017.689838732083,68199.55312233555,3959.567239932714,6000.0,6000.0
Q4-3,2025-05-08,m1,46465.81891579701,48274.377486927326,12956.552038232825,61230.92952516015,2647.5286304699857,6000.0,6000.0
Q4-3,2025-05-09,m1,22914.224796956012,24006.64468935812,2453.8740639040925,26460.51875326221,853.5814413441451,6000.0,6000.0
Q4-3,2025-05-10,m1,20962.581270581883,21987.260649367978,9060.009425380638,31047.270074748616,2523.7274643578676,6000.0,6000.0
Q4-3,2025-05-11,m1,46093.7621122674,48583.5277588579,11993.940678153365,60577.468437011266,2712.469645392459,6000.0,6000.0
Q4-3,2025-05-12,m1,46098.76857502197,51454.6935344549,6281.78350188576,57736.47703634066,1528.3608691064815,6000.0,6000.0
Q4-3,2025-05-13,m1,45620.30649705655,47734.57414948982,11692.604317064577,59427.1784665544,2322.23995109076,6000.0,6000.0
Q4-3,2025-05-14,m1,44978.26969855449,47435.392940036305,13377.863956216377,60813.256896252686,2930.642915599604,6000.0,6000.0
Q4-3,2025-05-15,m1,45125.55586345676,46372.18468380662,15783.37213096179,62155.55681476841,3574.8593575053,6000.0,6000.0
Q4-3,2025-05-16,m1,22608.00139492248,23077.455671219708,4005.625385498057,27083.081056717765,1451.8364248286566,6000.0,6000.0
Q4-3,2025-05-17,m1,21023.547967350078,21598.411178484253,7568.76002348165,29167.171201965903,2241.9511323531647,6000.0,6000.0
Q4-3,2025-05-18,m1,44548.18138270382,45449.17722155918,12032.545121334844,57481.72234289402,2918.3596469000195,6000.0,6000.0
Q4-3,2025-05-19,m1,44691.34500472994,47333.018569327534,7975.764317881274,55308.78288720881,1715.732107565604,6000.0,6000.0
Q4-3,2025-05-20,m1,44502.56530641411,47777.45612673663,9683.666567626235,57461.122694362864,2006.7032681602996,6000.0,6000.0
Q4-3,2025-05-21,m1,43947.66431918727,49795.450874294074,9820.030776495056,59615.48165078913,2251.0982785282463,6000.0,6000.0
Q4-3,2025-05-22,m1,44078.343220565206,44599.424602640574,12355.64453825303,56955.0691408936,2559.9046689449424,6000.0,6000.0
Q4-3,2025-05-23,m1,22050.595515967852,23556.959456335237,2509.1519666031436,26066.111422938382,1119.7156808816353,6000.0,6000.0
Q4-3,2025-05-24,m1,20824.028637954307,21118.139160542778,5261.631234486655,26379.77039502943,1629.2356417992075,6000.0,6000.0
Q4-3,2025-05-25,m1,44136.330143250554,46355.32970947134,8811.691584328022,55167.021293799364,1943.7697381202765,6000.0,6000.0
Q4-3,2025-05-26,m1,43811.18437820948,49257.62690172294,8946.256564657699,58203.88346638064,2021.4978759207065,6000.0,6000.0
Q4-3,2025-05-27,m1,44603.69097033143,48011.886685429374,7755.243279480224,55767.129964909596,1859.9153440502123,6000.0,6000.0
Q4-3,2025-05-28,m1,44172.39634947236,46566.87358224078,10296.91899674448,56863.79257898526,2313.715575168036,6000.0,6000.0
Q4-3,2025-05-29,m1,44807.05607585443,47589.15523590119,13518.37493411014,61107.530170011334,2758.5264784671217,6000.0,6000.0
Q4-3,2025-05-30,m1,22518.26409104134,23506.131669250233,930.9005325627138,24437.03220181295,516.5952904048704,6000.0,6000.0
Q4-3,2025-05-31,m1,20664.694641932307,20553.461675144394,6534.961724733452,27088.423399877844,2210.758805739287,6000.0,6000.0
Q4-3,2025-06-01,m1,46896.620111197655,49394.23631252161,66006.38454818993,115400.62086071154,14602.447887322458,6000.0,6000.0
Q4-3,2025-06-02,m1,48295.434507908445,48736.965285384795,64702.84503434095,113439.81031972574,13802.933830601438,6000.0,6000.0
Q4-3,2025-06-03,m1,51722.56249312975,53733.34494018856,34630.880492098746,88364.2254322873,7523.542516254246,6000.0,6000.0
Q4-3,2025-06-04,m1,52229.5069395826,51828.22755409957,44045.74755699336,95873.97511109294,9733.27055538206,6000.0,6000.0
Q4-3,2025-06-05,m1,54451.156953446174,59619.17814495358,23791.8195172799,83410.99766223348,4919.709081631479,6000.0,6000.0
Q4-3,2025-06-06,m1,28401.359016874252,28738.552113895505,11401.008611199131,40139.560725094634,3607.343603164606,6000.0,6000.0
Q4-3,2025-06-07,m1,24601.343192227105,25470.22372638942,21177.625022265842,46647.84874865526,5626.42083710648,6000.0,6000.0
Q4-3,2025-06-08,m1,55240.215243870436,59345.64192239387,21983.887100635024,81329.5290230289,4144.805625649472,6000.0,6000.0
Q4-3,2025-06-09,m1,57970.25320395529,58133.90374541725,27799.41118632802,85933.31493174526,5220.661989644457,6000.0,6000.0
Q4-3,2025-06-10,m1,58393.512959375206,64118.41182189526,11738.590854136188,75857.00267603145,2611.1701312239325,6000.0,6000.0
Q4-3,2025-06-11,m1,59977.21258876147,65812.90005450854,25867.17869160173,91680.07874611027,5087.655137070445,6000.0,6000.0
Q4-3,2025-06-12,m1,62380.53068342207,64971.35266038961,13924.842558350612,78896.19521874022,2768.452946516687,6000.0,6000.0
Q4-3,2025-06-13,m1,31178.66117177967,32425.20685067154,1818.7518630912748,34243.95871376282,948.3399963059358,6000.0,6000.0
Q4-3,2025-06-14,m1,27077.672300367096,27825.272815749988,10583.57338069254,38408.84619644253,3152.375295567105,6000.0,6000.0
Q4-3,2025-06-15,m1,56822.58227580045,64863.98644436046,12488.075173529018,77352.06161788947,2297.2976334811474,6000.0,6000.0
Q4-3,2025-06-16,m1,59825.982988106145,65778.46506977723,15115.00019953001,80893.46526930724,3284.763726922793,6000.0,6000.0
Q4-3,2025-06-17,m1,60460.27152143796,67079.4386674682,21990.1820765323,89069.62074400051,4450.004104986844,6000.0,6000.0
Q4-3,2025-06-18,m1,61145.62076884353,66031.32083554882,8687.446234671392,74718.7670702202,1836.3205493463624,6000.0,6000.0
Q4-3,2025-06-19,m1,58658.05192544413,64385.32935037534,16447.048789770866,80832.3781401462,3135.9869496809797,6000.0,6000.0
Q4-3,2025-06-20,m1,30692.737468149717,31417.50265715427,1442.4926979982693,32859.99535515254,598.1944541614107,6000.0,6000.0
Q4-3,2025-06-21,m1,26440.091359136648,26804.82362018073,7316.849329011702,34121.672949192434,2267.806830352675,6000.0,6000.0
Q4-3,2025-06-22,m1,56232.48493083879,61679.37979420918,9432.39293653409,71111.77273074327,1968.99927324058,6000.0,6000.0
Q4-3,2025-06-23,m1,57665.23387998871,60681.539042808676,13184.978969049622,73866.5180118583,2708.30974014287,6000.0,6000.0
Q4-3,2025-06-24,m1,59173.02614742371,61730.13295820194,31837.162589050546,93567.29554725249,6533.524134947111,6000.0,6000.0
Q4-3,2025-06-25,m1,58204.32229979693,64876.84070480281,9922.962054313997,74799.8027591168,2205.7572726348667,6000.0,6000.0
Q4-3,2025-06-26,m1,57069.158041670074,62495.97130545743,15393.752254355346,77889.72355981277,3085.4355352299654,6000.0,6000.0
Q4-3,2025-06-27,m1,28221.934385007025,27903.007573216433,2272.4342030602947,30175.441776276726,883.612906708285,6000.0,6000.0
Q4-3,2025-06-28,m1,25852.726495136514,26342.10027322881,5874.304849099679,32216.40512232849,2011.7684335852018,6000.0,6000.0
Q4-3,2025-06-29,m1,56361.42431124042,64979.71975494962,15095.993208948144,80075.71296389776,3026.7445965768507,6000.0,6000.0
Q4-3,2025-06-30,m1,58580.448875308866,61412.613479633736,7121.140510313274,68533.75398994701,1664.4683076089275,6000.0,6000.0
Q4-3,2025-07-01,m1,66178.11961027994,73373.35596600013,38624.71636814915,111998.07233414928,8892.98512473415,6000.0,6000.0
Q4-3,2025-07-02,m1,65482.29173230016,68425.33107971487,41205.45248535785,109630.78356507272,8959.037176413447,6000.0,6000.0
Q4-3,2025-07-03,m1,66714.89516952299,70504.04943732735,41622.07184892812,112126.12128625548,8140.92207580319,6000.0,6000.0
Q4-3,2025-07-04,m1,35605.94355531864,36845.86423481835,20840.900861095615,57686.765095913965,5675.76740896632,6000.0,6000.0
Q4-3,2025-07-05,m1,33155.56042828594,33981.99498140978,20441.57478596962,54423.5697673794,5651.797393217948,6000.0,6000.0
Q4-3,2025-07-06,m1,64823.73628934242,77543.50868925896,43682.45502669123,121225.96371595019,8220.482557403151,6000.0,6000.0
Q4-3,2025-07-07,m1,69942.92264139862,71826.77107278864,15962.55290269645,87789.3239754851,2929.154504232662,6000.0,6000.0
Q4-3,2025-07-08,m1,72205.0185971323,75005.47543255455,13714.018747374477,88719.49417992902,2366.7748434369087,6000.0,6000.0
Q4-3,2025-07-09,m1,70732.53785372007,71583.6932360304,15715.957619052737,87299.65085508313,2481.5442039174654,6000.0,6000.0
Q4-3,2025-07-10,m1,70689.52092766095,75584.19604615269,12654.370347549077,88238.56639370177,2357.8084703055033,6000.0,6000.0
Q4-3,2025-07-11,m1,40068.318470627906,39979.233435700444,3969.840875537395,43949.07431123784,1340.8132726133197,6000.0,6000.0
Q4-3,2025-07-12,m1,35732.7182843428,37733.50903035763,10546.18474201252,48279.69377237015,3124.543671364646,6000.0,6000.0
Q4-3,2025-07-13,m1,68457.89338419876,66965.54843360884,33994.52463200911,100960.07306561795,6211.557356624248,6000.0,6000.0
Q4-3,2025-07-14,m1,68783.64427039343,72606.2367993135,11952.653892741717,84558.89069205521,2068.136042480358,6000.0,6000.0
Q4-3,2025-07-15,m1,69536.21728918553,69860.551303492,11474.291291340633,81334.84259483263,2172.660718612146,6000.0,6000.0
Q4-3,2025-07-16,m1,67501.01684548453,69452.24771270098,22806.19058830019,92258.43830100117,4351.582160297948,6000.0,6000.0
Q4-3,2025-07-17,m1,67352.69793006132,72792.38624569925,16757.81399849986,89550.2002441991,3186.721114868051,6000.0,6000.0
Q4-3,2025-07-18,m1,39197.74547307394,39405.58647607454,3169.952197481517,42575.53867355605,1222.4608240057557,6000.0,6000.0
Q4-3,2025-07-19,m1,35859.21069419784,36080.73664624381,9622.631856835142,45703.36850307895,2767.412232821481,6000.0,6000.0
Q4-3,2025-07-20,m1,67123.97025560256,70745.79765911259,8313.899934934074,79059.69759404667,1440.1971598797195,6000.0,6000.0
Q4-3,2025-07-21,m1,67801.67940599476,70384.14515433036,14597.591267369568,84981.73642169993,2926.480268165912,6000.0,6000.0
Q4-3,2025-07-22,m1,69082.44029359374,73790.96304114848,11619.329871110835,85410.29291225932,2342.735875846054,6000.0,6000.0
Q4-3,2025-07-23,m1,67572.26430741549,66496.8975858316,34965.551852038276,101462.44943786987,6765.869176942509,6000.0,6000.0
Q4-3,2025-07-24,m1,68386.69344068204,67749.85870374755,24599.323917727375,92349.18262147493,4872.082074902639,6000.0,6000.0
Q4-3,2025-07-25,m1,38980.42414640136,39654.331632162626,2011.3977380729589,41665.72937023558,683.3868051007523,6000.0,6000.0
Q4-3,2025-07-26,m1,36420.75826366841,37405.8505411881,4333.035467507483,41738.88600869558,1526.4948549704386,6000.0,6000.0
Q4-3,2025-07-27,m1,67518.17287376635,72190.57238971718,17628.55993813258,89819.13232784977,3430.8328117044903,6000.0,6000.0
Q4-3,2025-07-28,m1,67879.26898076091,72067.56247610363,15330.474616241816,87398.03709234545,3011.459734011133,6000.0,6000.0
Q4-3,2025-07-29,m1,68586.33039262681,77614.02984410952,8953.972490133261,86568.00233424279,1593.18204640012,6000.0,6000.0
Q4-3,2025-07-30,m1,68728.17184380592,81970.70557504716,7683.33735142535,89654.04292647251,1549.2653794873593,6000.0,6000.0
Q4-3,2025-07-31,m1,69052.49294050969,76320.28664839425,9454.776445176929,85775.06309357118,1685.8774304058154,6000.0,6000.0
Q4-3,2025-08-01,m1,38278.32253251194,38564.69851457544,1473.1343823272948,40037.832896902735,400.7752215403802,6000.0,6000.0
Q4-3,2025-08-02,m1,36177.93463731845,36529.781319198104,3664.1285371959793,40193.909856394086,985.2644984120603,6000.0,6000.0
Q4-3,2025-08-03,m1,66845.01732333923,69093.28584762495,9751.910161030131,78845.19600865508,1860.1444528497336,6000.0,6000.0
Q4-3,2025-08-04,m1,65729.49715589618,67910.37881051826,16735.14181705091,84645.52062756917,3625.737469731085,6000.0,6000.0
Q4-3,2025-08-05,m1,65495.87784915393,68806.38296307148,7840.470912104647,76646.85387517612,1757.6777499000054,6000.0,6000.0
Q4-3,2025-08-06,m1,64679.7982119231,66471.92063980682,31377.174030460665,97849.09467026748,6385.328711296474,6000.0,6000.0
Q4-3,2025-08-07,m1,64730.56370333716,66812.59945810291,11407.4916914499,78220.09114955281,2414.840793434915,6000.0,6000.0
Q4-3,2025-08-08,m1,36494.913836348016,36992.56858631499,1992.2226320658124,38984.79121838081,652.7892417018575,6000.0,6000.0
Q4-3,2025-08-09,m1,35049.5554293241,35681.66005851043,4908.84725902444,40590.50731753487,1636.5518876153446,6000.0,6000.0
Q4-3,2025-08-10,m1,63094.08821681072,64623.337065153384,16758.81916136032,81382.1562265137,3394.9717493189028,6000.0,6000.0
Q4-3,2025-08-11,m1,62816.75465389109,67337.74291815258,10100.450581847472,77438.19350000005,2160.8929740055883,6000.0,6000.0
Q4-3,2025-08-12,m1,63788.16366053004,67224.66519609638,12325.768043539407,79550.43323963578,2419.2017577816905,6000.0,6000.0
Q4-3,2025-08-13,m1,63972.97987041972,67494.32595669726,8711.770211718595,76206.09616841585,1772.6122103287944,6000.0,6000.0
Q4-3,2025-08-14,m1,63623.028258563,66686.78244408249,17797.752723078414,84484.53516716091,3458.1493819885663,6000.0,6000.0
Q4-3,2025-08-15,m1,36749.07358543104,36971.21076331637,3727.1167336783597,40698.32749699473,1545.1862070165007,6000.0,6000.0
Q4-3,2025-08-16,m1,34922.56693141107,35032.448245069565,7954.500845077011,42986.949090146576,2243.651174879248,6000.0,6000.0
Q4-3,2025-08-17,m1,63031.211064660354,64932.39032907162,12390.349562228877,77322.7398913005,2451.702033214643,6000.0,6000.0
Q4-3,2025-08-18,m1,63808.80031748578,64637.32227271712,20262.31913125938,84899.64140397651,3816.5845261940194,6000.0,6000.0
Q4-3,2025-08-19,m1,63825.16502831345,65289.115193639,12037.48935239562,77326.60454603462,2392.636120834084,6000.0,6000.0
Q4-3,2025-08-20,m1,64164.927761779894,67702.15929174068,18410.40893308785,86112.56822482853,3597.5777152135997,6000.0,6000.0
Q4-3,2025-08-21,m1,63892.096574343144,65054.03228796528,12373.847458627464,77427.87974659275,2423.005620673103,6000.0,6000.0
Q4-3,2025-08-22,m1,36759.31415103626,37086.28142703107,4258.650275293838,41344.93170232491,1389.5402160442186,6000.0,6000.0
Q4-3,2025-08-23,m1,35136.280330877154,36528.32943138007,3560.009429276075,40088.33886065615,1304.585169324623,6000.0,6000.0
Q4-3,2025-08-24,m1,63302.747582705626,66185.80602293313,15958.063890610538,82143.86991354366,3132.838328949598,6000.0,6000.0
Q4-3,2025-08-25,m1,64725.59311093473,64239.301611127536,28789.084588220234,93028.38619934776,6018.073370955496,6000.0,6000.0
Q4-3,2025-08-26,m1,64848.715245393716,67035.27112563109,14641.9399658347,81677.21109146578,2868.8019358805363,6000.0,6000.0
Q4-3,2025-08-27,m1,64865.08299181852,70676.05901520295,16120.232315103887,86796.29133030683,2953.199853459487,6000.0,6000.0
Q4-3,2025-08-28,m1,64645.42340518217,72060.10442639787,12970.518124460366,85030.62255085824,2645.1246739771204,6000.0,6000.0
Q4-3,2025-08-29,m1,37591.898255170534,37932.890421859556,3071.727062251182,41004.617484110735,999.2410839800291,6000.0,6000.0
Q4-3,2025-08-30,m1,35561.345673002004,36035.699943355794,6883.59607178684,42919.29601514264,2208.088511858826,6000.0,6000.0
Q4-3,2025-08-31,m1,63434.96236545149,67193.46385496625,16921.507011771668,84114.97086673792,3410.79270783365,6000.0,6000.0
Q4-3,2025-09-01,m1,56890.00441760222,57681.454547304835,488.5146327327071,58169.969180037544,89.69855896396605,6000.0,6000.0
Q4-3,2025-09-02,m1,54790.31064271662,57737.75525728422,2529.056092055035,60266.81134933925,478.6501849819606,6000.0,6000.0
Q4-3,2025-09-03,m1,55082.02552666319,57480.54433718436,946.3912744078581,58426.93561159221,166.4999230912088,6000.0,6000.0
Q4-3,2025-09-04,m1,52539.45260418036,54950.44901802558,5420.556240906867,60371.00525893245,1063.6112435973632,6000.0,6000.0
Q4-3,2025-09-05,m1,28850.713742628133,29337.554485470955,21.452427305767262,29359.006912776724,12.147467330559039,6000.0,6000.0
Q4-3,2025-09-06,m1,25489.88262192327,25971.119135305093,4228.527944835175,30199.64708014027,1847.4836434667632,6000.0,6000.0
Q4-3,2025-09-07,m1,49830.221587047956,53846.918815134806,6569.1280878916,60416.04690302641,1165.2373626441647,6000.0,6000.0
Q4-3,2025-09-08,m1,48805.15586562839,51933.29250932707,16770.489101748215,68703.78161107528,3401.328622171471,6000.0,6000.0
Q4-3,2025-09-09,m1,49553.59347830009,53433.25157499855,11972.218626369046,65405.47020136759,2231.2000418451507,6000.0,6000.0
Q4-3,2025-09-10,m1,50120.113418272944,53156.10058081292,18437.889682465553,71593.99026327848,3820.1541059119286,6000.0,6000.0
Q4-3,2025-09-11,m1,50314.993202157304,52703.51810940236,16361.135936490278,69064.65404589263,3293.344030379909,6000.0,6000.0
Q4-3,2025-09-12,m1,27354.386461303166,28028.575105861055,1775.3347965241169,29803.90990238517,610.2022967387943,6000.0,6000.0
Q4-3,2025-09-13,m1,25525.553445736514,26431.26167601106,3114.208698092782,29545.470374103843,1586.536750345535,6000.0,6000.0
Q4-3,2025-09-14,m1,50936.51157243709,50626.100292676434,23344.121219076766,73970.2215117532,4596.037632888936,6000.0,6000.0
Q4-3,2025-09-15,m1,51153.842702124835,54293.15391490922,11789.3767476829,66082.53066259212,2312.082259525192,6000.0,6000.0
Q4-3,2025-09-16,m1,51393.19103766397,52435.93340935296,19806.28756788785,72242.22097724081,4434.296332523154,6000.0,6000.0
Q4-3,2025-09-17,m1,52030.59221860953,53483.17315301039,17678.420155005188,71161.59330801558,3843.479728408479,6000.0,6000.0
Q4-3,2025-09-18,m1,50935.611689932455,55935.17207449621,14749.601029583966,70684.77310408017,2912.784246754405,6000.0,6000.0
Q4-3,2025-09-19,m1,28679.591250715803,29520.687922221092,1285.586758825947,30806.274681047038,681.4500995982428,6000.0,6000.0
Q4-3,2025-09-20,m1,26000.6950097449,26664.128758305917,4632.2522202284235,31296.38097853434,1768.8535871147562,6000.0,6000.0
Q4-3,2025-09-21,m1,52960.59331275412,53547.02993714617,11948.719572637532,65495.74950978371,2339.878750829276,6000.0,6000.0
Q4-3,2025-09-22,m1,52866.47452995929,53301.50607844428,24887.97646732092,78189.4825457652,5585.875359666802,6000.0,6000.0
Q4-3,2025-09-23,m1,52843.6383702381,53861.263723179276,21161.854884275413,75023.11860745469,4319.169742186659,6000.0,6000.0
Q4-3,2025-09-24,m1,53238.60467656884,57558.0319261736,10848.976508398304,68407.00843457191,2553.1286400893378,6000.0,6000.0
Q4-3,2025-09-25,m1,53334.39313168843,57027.241633613165,13167.485387874054,70194.72702148723,3044.46529753151,6000.0,6000.0
Q4-3,2025-09-26,m1,28459.62388933738,28945.015503695588,452.74285557374884,29397.758359269337,186.00016358095047,6000.0,6000.0
Q4-3,2025-09-27,m1,26628.080831685933,28114.99683970514,3925.0823054277876,32040.079145132928,1389.7472375021603,6000.0,6000.0
Q4-3,2025-09-28,m1,53001.67518212853,56777.550261081116,11217.434351462722,67994.98461254383,2399.1864595389065,6000.0,6000.0
Q4-3,2025-09-29,m1,53599.01135843257,53348.37005834528,24545.88258823449,77894.25264657977,5133.293095358047,6000.0,6000.0
Q4-3,2025-09-30,m1,53973.69487414086,57556.34339088953,19941.614677108457,77497.95806799798,4353.975715157779,6000.0,6000.0
Q4-3,2025-10-01,m1,52871.10282312414,54585.79872773854,3449.9589594712597,58035.7576872098,968.8542837586226,6000.0,6000.0
Q4-3,2025-10-02,m1,49494.0286229617,49098.72108852713,11998.92397322776,61097.64506175488,2747.645468124023,6000.0,6000.0
Q4-3,2025-10-03,m1,25449.98810941301,26938.447466003538,869.7910054729737,27808.23847147651,470.53432046385404,6000.0,6000.0
Q4-3,2025-10-04,m1,24290.191586319306,24519.923504368922,2790.7206688133747,27310.644173182296,1000.9007795484868,6000.0,6000.0
Q4-3,2025-10-05,m1,50019.636406910315,50709.346378007,8827.80621710513,59537.15259511213,1859.3929360701356,6000.0,6000.0
Q4-3,2025-10-06,m1,51263.51585106259,55323.593466720835,6685.995496352195,62009.58896307303,1462.8008925078734,6000.0,6000.0
Q4-3,2025-10-07,m1,50511.753379913665,55193.18472992558,4283.6390151590695,59476.82374508465,1014.2538663193761,6000.0,6000.0
Q4-3,2025-10-08,m1,48300.34455909168,51004.96270213237,14371.487980734315,65376.450682866685,2973.9420260417264,6000.0,6000.0
Q4-3,2025-10-09,m1,49605.44883236021,49189.532431052794,23608.69763474323,72798.23006579603,5125.389348481367,6000.0,6000.0
Q4-3,2025-10-10,m1,24977.671964337707,25189.181213535816,2233.871796535542,27423.05301007136,1062.336709259419,6000.0,6000.0
Q4-3,2025-10-11,m1,23682.286661888473,24264.568369275432,4140.013219852455,28404.581589127887,1428.5660443630522,6000.0,6000.0
Q4-3,2025-10-12,m1,49294.66382671038,50262.86720013886,16265.172794692302,66528.03999483117,3252.562936756363,6000.0,6000.0
Q4-3,2025-10-13,m1,51372.76218603001,53758.230103732625,13451.18882087908,67209.4189246117,2994.1167577394704,6000.0,6000.0
Q4-3,2025-10-14,m1,52109.07494255978,54565.75306780054,12057.713091666872,66623.46615946741,2887.352380972784,6000.0,6000.0
Q4-3,2025-10-15,m1,50541.1958581855,51362.00594520936,22450.414151045414,73812.42009625478,5033.417789091669,6000.0,6000.0
Q4-3,2025-10-16,m1,51102.68658741072,54006.68611966468,23774.556998033986,77781.24311769867,5159.150678717321,6000.0,6000.0
Q4-3,2025-10-17,m1,26368.810274881314,29760.96269388934,1570.9929405783935,31331.955634467737,862.0891741963501,6000.0,6000.0
Q4-3,2025-10-18,m1,24141.338655679276,25106.880279267447,2487.101729789286,27593.982009056734,1106.2692836161127,6000.0,6000.0
Q4-3,2025-10-19,m1,51709.75224082105,52763.52270373084,28254.09023553436,81017.61293926521,5918.897447729235,6000.0,6000.0
Q4-3,2025-10-20,m1,54365.816314935,54159.17885992909,19697.03921413507,73856.21807406416,4040.7439427599484,6000.0,6000.0
Q4-3,2025-10-21,m1,54878.93012997404,57335.17702158522,11434.061348914252,68769.23837049947,2667.766997877775,6000.0,6000.0
Q4-3,2025-10-22,m1,52807.76341174531,54617.78979028872,22658.922689574603,77276.71247986332,4502.334207022892,6000.0,6000.0
Q4-3,2025-10-23,m1,53589.69305939306,54130.0861830749,20518.187800257372,74648.27398333227,4056.7162781020843,6000.0,6000.0
Q4-3,2025-10-24,m1,26062.046746564803,27446.88400266718,2716.648541740399,30163.53254440758,1120.1524230730674,6000.0,6000.0
Q4-3,2025-10-25,m1,24852.356890899628,25795.33451261728,3340.021717198425,29135.356229815705,1096.6623086840484,6000.0,6000.0
Q4-3,2025-10-26,m1,54972.43949305736,55471.024027232364,15561.166890587583,71032.19091781994,3071.25798247446,6000.0,6000.0
Q4-3,2025-10-27,m1,56054.91869565853,60558.3898996378,7954.681772544377,68513.07167218218,1732.067046991139,6000.0,6000.0
Q4-3,2025-10-28,m1,56754.99846820072,61557.67623244082,8557.916585478106,70115.59281791892,1823.031610649551,6000.0,6000.0
Q4-3,2025-10-29,m1,55027.4406258301,57739.74219895327,19115.669178826814,76855.41137778008,4104.479464043235,6000.0,6000.0
Q4-3,2025-10-30,m1,55871.80717722417,59713.56059380461,11115.073535939508,70828.63412974411,2409.3528855176532,6000.0,6000.0
Q4-3,2025-10-31,m1,27388.15086552094,28266.305840095298,1578.3893072947467,29844.695147390044,700.1498754207907,6000.0,6000.0
Q4-3,2025-11-01,m1,24612.463165967456,25657.562021323218,3936.413114458185,29593.975135781402,1423.2142207846637,6000.0,6000.0
Q4-3,2025-11-02,m1,56088.46721698933,59007.59039310875,19902.50544478269,78910.09583789145,4041.7210294316474,6000.0,6000.0
Q4-3,2025-11-03,m1,57891.32253821321,58752.781366343566,10772.82026595756,69525.60163230113,2409.4216353491724,6000.0,6000.0
Q4-3,2025-11-04,m1,58224.04349862519,62338.719208124436,8676.705134703188,71015.42434282762,1809.2308746768078,6000.0,6000.0
Q4-3,2025-11-05,m1,58388.2318317989,59399.63423164322,17004.433851941416,76404.06808358463,3820.531834062077,6000.0,6000.0
Q4-3,2025-11-06,m1,59142.39549459657,63780.83454898931,10281.746461431345,74062.58101042066,2321.708134424504,6000.0,6000.0
Q4-3,2025-11-07,m1,28491.36050513535,30233.1848193701,1214.6258193813078,31447.81063875141,619.3182791022498,6000.0,6000.0
Q4-3,2025-11-08,m1,25816.917940640516,26591.079261929768,2938.2622742381945,29529.34153616796,970.764345365233,6000.0,6000.0
Q4-3,2025-11-09,m1,58785.45668676155,61914.919832590494,13241.360547453902,75156.2803800444,2725.7943090202057,6000.0,6000.0
Q4-3,2025-11-10,m1,60178.96860700667,65318.16049449192,17620.45221425115,82938.61270874308,3569.880700112164,6000.0,6000.0
Q4-3,2025-11-11,m1,60770.4990506599,60828.98763609531,14821.826231161667,75650.81386725698,3052.914122952435,6000.0,6000.0
Q4-3,2025-11-12,m1,60746.16963327034,65390.120639620975,8304.961894036052,73695.08253365703,1828.9496160301046,6000.0,6000.0
Q4-3,2025-11-13,m1,60877.811900924076,65577.3061713656,9343.196709101667,74920.50288046728,2011.7894204002896,6000.0,6000.0
Q4-3,2025-11-14,m1,29149.806524074556,30591.159969126755,674.0307783326022,31265.190747459357,367.83484765822095,6000.0,6000.0
Q4-3,2025-11-15,m1,26151.38564480896,26580.990039573626,4255.606322051042,30836.596361624666,1321.387064159193,6000.0,6000.0
Q4-3,2025-11-16,m1,61400.60171992154,67456.01843165602,9428.288662045317,76884.30709370134,1963.6196886680825,6000.0,6000.0
Q4-3,2025-11-17,m1,62505.419076455495,71700.38250041411,5050.504119500538,76750.88661991464,1122.6865451418362,6000.0,6000.0
Q4-3,2025-11-18,m1,61866.16807637669,66024.13561759975,12314.690796561514,78338.82641416126,2550.96401862551,6000.0,6000.0
Q4-3,2025-11-19,m1,62574.67788161505,71190.9256940305,8750.328342445227,79941.25403647573,2039.593843081292,6000.0,6000.0
Q4-3,2025-11-20,m1,62941.9334410797,69141.34697483953,8206.150914371763,77347.49788921128,1821.2958793179682,6000.0,6000.0
Q4-3,2025-11-21,m1,30139.32663383294,32055.574142668745,1746.8231543971015,33802.39729706585,893.9634734255673,6000.0,6000.0
Q4-3,2025-11-22,m1,26563.635345942403,27117.92735746732,6097.542141870632,33215.46949933795,1918.9562050713732,6000.0,6000.0
Q4-3,2025-11-23,m1,63587.44263152906,70812.73020719312,8198.592732672994,79011.3229398661,1709.6010724528273,6000.0,6000.0
Q4-3,2025-11-24,m1,63575.85196363152,68638.02607136036,7305.198080236552,75943.22415159692,1595.104791301187,6000.0,6000.0
Q4-3,2025-11-25,m1,63082.080003850686,62877.615143780335,21539.66413639285,84417.27928017318,4343.789308303371,6000.0,6000.0
Q4-3,2025-11-26,m1,63647.241049218996,68761.64310465752,12535.11340173376,81296.75650639128,2621.545521341561,6000.0,6000.0
Q4-3,2025-11-27,m1,64116.70607493204,69715.58710668748,7695.532096493361,77411.11920318085,1691.5530550076924,6000.0,6000.0
Q4-3,2025-11-28,m1,30269.97384010058,31503.78600009762,1423.2381503055963,32927.02415040322,623.6698521236501,6000.0,6000.0
Q4-3,2025-11-29,m1,27454.758340567325,27944.55906969895,4147.791326868441,32092.350396567388,1442.8255034269346,6000.0,6000.0
Q4-3,2025-11-30,m1,64864.42205388238,71375.07978550602,10557.0438865562,81932.12367206223,2280.405381010783,6000.0,6000.0
Q4-3,2025-12-01,m1,71208.04368838978,71036.59205720676,51657.778595704534,122694.37065291128,10332.298670078118,6000.0,6000.0
Q4-3,2025-12-02,m1,74514.3519208543,75612.50292437834,43335.216881442786,118947.71980582112,8665.84098852466,6000.0,6000.0
Q4-3,2025-12-03,m1,75624.33609868743,88185.69961759438,14390.534399555865,102576.23401715024,3326.3134039970637,6000.0,6000.0
Q4-3,2025-12-04,m1,76849.51880091151,79002.76146253133,32868.10201232685,111870.86347485818,6360.006449779465,6000.0,6000.0
Q4-3,2025-12-05,m1,36943.270249030385,39096.3654155404,4821.733238891634,43918.09865443203,2129.3669647540232,6000.0,6000.0
Q4-3,2025-12-06,m1,31766.584939500965,32584.531975408216,13708.219635382522,46292.751610790736,4404.972397812991,6000.0,6000.0
Q4-3,2025-12-07,m1,80984.27729255919,80552.08090223552,21027.0935700357,101579.17447227123,4107.938570852022,6000.0,6000.0
Q4-3,2025-12-08,m1,81958.62882956072,83690.3386967603,8149.319720347059,91839.65841710736,1528.5831311396123,6000.0,6000.0
Q4-3,2025-12-09,m1,82073.11258880435,83138.05664282598,10947.944250644778,94086.00089347076,1858.26319003254,6000.0,6000.0
Q4-3,2025-12-10,m1,81989.22746011558,88243.18741212472,8706.462877132732,96949.65028925745,1757.3433023618531,6000.0,6000.0
Q4-3,2025-12-11,m1,79877.25797613864,80929.9256258778,10705.295438714806,91635.22106459261,2215.677596159426,6000.0,6000.0
Q4-3,2025-12-12,m1,36912.69180278748,39948.425804122504,4769.014139042009,44717.439943164514,1974.3757318230723,6000.0,6000.0
Q4-3,2025-12-13,m1,34148.48690555993,35699.15120237197,7852.6084491399615,43551.75965151193,2518.9176669115773,6000.0,6000.0
Q4-3,2025-12-14,m1,82233.95795767225,91601.62744412482,6750.607787867733,98352.23523199256,1176.1851648626493,6000.0,6000.0
Q4-3,2025-12-15,m1,82470.80201949459,93105.53695179333,4689.713830319034,97795.25078211236,860.9896096458837,6000.0,6000.0
Q4-3,2025-12-16,m1,82250.09266069604,84959.8421929276,9881.556277894915,94841.3984708225,1750.6445232957758,6000.0,6000.0
Q4-3,2025-12-17,m1,81626.57871148322,81718.62120317917,12510.752464586352,94229.37366776553,2476.7690089677303,6000.0,6000.0
Q4-3,2025-12-18,m1,81115.87866089158,86508.6741619141,8460.063219425148,94968.73738133925,1594.3923576079237,6000.0,6000.0
Q4-3,2025-12-19,m1,38103.78575599774,40053.54661971666,3500.5659605986702,43554.11258031533,1496.5114014306287,6000.0,6000.0
Q4-3,2025-12-20,m1,34020.65307794829,34665.98800700668,6556.409347264314,41222.397354270994,2375.262404074621,6000.0,6000.0
Q4-3,2025-12-21,m1,80917.64512241582,84423.69948982981,12826.416472044897,97250.11596187472,2477.4132358923316,6000.0,6000.0
Q4-3,2025-12-22,m1,83195.67111632755,88498.3992363018,8034.52801166107,96532.92724796287,1522.4761866656902,6000.0,6000.0
Q4-3,2025-12-23,m1,82335.2203761199,83219.1606562463,8117.5005632863895,91336.66121953269,1434.2773734775114,6000.0,6000.0
Q4-3,2025-12-24,m1,79765.95038355885,82802.35589645572,12885.405670954697,95687.76156741042,2402.5158745568187,6000.0,6000.0
Q4-3,2025-12-25,m1,79941.53786686776,86942.98657748818,8849.389293587805,95792.37587107599,1699.910060199043,6000.0,6000.0
Q4-3,2025-12-26,m1,37504.20001695177,40316.04075320885,3560.094395463775,43876.13514867263,1403.9866662719446,6000.0,6000.0
Q4-3,2025-12-27,m1,33992.87998181518,36182.38212390318,4562.552686968293,40744.93481087148,1624.7915245804961,6000.0,6000.0
Q4-3,2025-12-28,m1,80905.28432077041,84194.68563697638,7566.906872829017,91761.5925098054,1406.3608738233625,6000.0,6000.0
Q4-3,2025-12-29,m1,81057.63891249573,88470.34609689531,4569.250796570508,93039.59689346582,877.4258524326738,6000.0,6000.0
Q4-3,2025-12-30,m1,80396.65140451556,82737.0690125762,5889.020272577807,88626.08928515401,1145.2720366028407,6000.0,6000.0
Q4-3,2025-12-31,m1,79853.71670927369,83191.6584908661,14769.011966287879,97960.67045715399,2858.7365609606986,6000.0,6000.0
Q4-3,2025-02-01,m2,19068.66862488573,19345.145222737327,2871.1836202232125,22216.328842960538,1027.0216466483794,1200.0000000000068,1199.9999999999982
Q4-3,2025-02-02,m2,60948.597354557016,62146.89246843345,3215.3305143927937,65362.22298282624,564.5377228775354,1199.9999999999982,1200.0
Q4-3,2025-02-03,m2,58930.153609316316,58087.564260103965,15885.170942688626,73972.7352027926,3310.7174794088296,1200.0,1200.0
Q4-3,2025-02-04,m2,58724.41077988374,59066.83775736,24017.07359562865,83083.91135298865,4742.363379867471,1200.0,1200.0
Q4-3,2025-02-05,m2,58962.39555065456,62368.792528428785,8376.501594582576,70745.29412301136,1708.4117989329989,1200.0,1200.0
Q4-3,2025-02-06,m2,58715.50901725507,57147.63517694804,30940.856274485137,88088.49145143318,6308.664794479359,1200.0,1200.0
Q4-3,2025-02-07,m2,19888.294064297646,20104.414082412135,2539.7797189285266,22644.19380134066,1012.2591397953732,1200.0,1200.0000000000018
Q4-3,2025-02-08,m2,16770.75778177625,19585.666901314595,2070.3772778281514,21656.044179142747,989.9585277325783,1200.0000000000018,1200.0
Q4-3,2025-02-09,m2,56560.391087463344,58552.34139649512,15985.96115048521,74538.30254698033,3087.617589263509,1200.0,1200.0
Q4-3,2025-02-10,m2,54854.8786089957,54606.11166903046,7282.932480390633,61889.0441494211,1569.600990104459,1200.0,1200.0000000000036
Q4-3,2025-02-11,m2,54355.48562940907,54163.20542951693,19098.855509596222,73262.06093911314,3856.1360496239436,1200.0000000000036,1200.0
Q4-3,2025-02-12,m2,54001.16211199551,52907.74416495588,17295.940898408993,70203.68506336487,3485.2703479333077,1200.0,1200.0
Q4-3,2025-02-13,m2,52334.28783651281,53339.95864594935,6750.99613216316,60090.954778112515,1463.3882297151322,1200.0,1199.9999999999982
Q4-3,2025-02-14,m2,17019.460496644242,17955.844872470727,8221.695263390147,26177.540135860872,2838.47953638926,1199.9999999999982,1200.0
Q4-3,2025-02-15,m2,15800.152367773906,16473.932452258054,7244.322406035589,23718.254858293643,2739.7788873454865,1200.0,1200.0000000000018
Q4-3,2025-02-16,m2,52250.62922188474,50424.815538497736,30129.735775569694,80554.55131406743,6343.14468803678,1200.0000000000018,1200.0000000000018
Q4-3,2025-02-17,m2,50513.74722530575,48170.55864738448,25591.77181060241,73762.33045798689,6226.834574411809,1200.0000000000018,1200.0
Q4-3,2025-02-18,m2,48810.7345056044,53201.068548203206,8614.430365476834,61815.49891368004,1729.0615895194433,1200.0,1200.0000000000018
Q4-3,2025-02-19,m2,48238.59973079983,51507.08604235784,15815.655975216217,67322.74201757406,3161.5577305484226,1200.0000000000018,1200.0
Q4-3,2025-02-20,m2,49433.022687621036,49615.3963326812,17137.486935328103,66752.8832680093,3712.902030569929,1200.0,1199.9999999999982
Q4-3,2025-02-21,m2,16604.771494779583,17610.33696032922,3881.8318854731574,21492.16884580238,1576.8978970891617,1199.9999999999982,1200.0000000000018
Q4-3,2025-02-22,m2,15023.852938914973,15782.16398298766,5791.608792900817,21573.77277588848,2136.3139733718817,1200.0000000000018,1200.0
Q4-3,2025-02-23,m2,48766.34127857491,50078.56150735065,15290.57856285037,65369.14007020102,3522.651387276391,1200.0,1200.0
Q4-3,2025-02-24,m2,47187.805144318256,49213.62956036914,17591.15738866378,66804.78694903292,3629.2540607972965,1200.0,1199.9999999999982
Q4-3,2025-02-25,m2,46338.6854118152,44796.23124050456,15291.810604378097,60088.04184488265,3271.096681885955,1199.9999999999982,1200.0
Q4-3,2025-02-26,m2,45487.65168608297,50807.45015921545,7585.780694440696,58393.23085365615,1678.821826600224,1200.0,1200.0
Q4-3,2025-02-27,m2,44273.21647932989,47147.73123389471,10851.690074208029,57999.42130810274,1989.4014880086688,1200.0,1200.0000000000018
Q4-3,2025-02-28,m2,15658.773988516165,16924.202597581316,1766.465770210148,18690.668367791463,887.8698141399893,1200.0000000000018,1199.9999999999982
Q4-3,2025-03-01,m2,14014.260613467528,14305.30306652894,6545.741752620164,20851.044819149105,2432.0589564852685,1199.9999999999982,1200.0
Q4-3,2025-03-02,m2,44747.27362078948,47714.19428510822,32327.600758580476,80041.7950436887,6752.355494438229,1200.0,1200.0
Q4-3,2025-03-03,m2,43943.589341486135,44567.44771753519,44123.82863208895,88691.27634962415,9873.300119574993,1200.0,1199.9999999999982
Q4-3,2025-03-04,m2,45412.388131619904,50137.669698099904,10736.691787339834,60874.36148543974,2425.9243605729944,1199.9999999999982,1199.9999999999982
Q4-3,2025-03-05,m2,43939.06730170543,43658.971204639005,19274.623938055047,62933.59514269405,4390.583202364804,1199.9999999999982,1200.0000000000018
Q4-3,2025-03-06,m2,43390.246368562,46331.00862500858,10973.362981390645,57304.371606399225,2471.093622289638,1200.0000000000018,1200.0000000000018
Q4-3,2025-03-07,m2,14268.230920137765,14520.368488997534,7705.838601522431,22226.207090519965,2518.296582460485,1200.0000000000018,1199.9999999999982
Q4-3,2025-03-08,m2,13004.741616865684,14011.306237078777,1936.540949274525,15947.847186353303,778.7625701833141,1199.9999999999982,1200.000000000009
Q4-3,2025-03-09,m2,44846.73653815559,44245.953008458535,9708.341069301452,53954.29407775999,2351.682712229117,1200.000000000009,1200.0000000000018
Q4-3,2025-03-10,m2,43745.4426829672,47547.58474510489,11985.46313741506,59533.04788251995,3006.3654902385942,1200.0000000000018,1200.0
Q4-3,2025-03-11,m2,42884.02190603595,51897.05436849907,8517.857977945932,60414.912346445,1959.7017752590905,1200.0,1200.0000000000018
Q4-3,2025-03-12,m2,41072.30040575532,40525.703223849545,18811.79700773329,59337.50023158283,4440.4920870857495,1200.0000000000018,1200.0
Q4-3,2025-03-13,m2,41295.4926814301,44045.93046351251,25019.99652878144,69065.92699229394,5536.289143963439,1200.0,1200.0000000000018
Q4-3,2025-03-14,m2,13314.20582764858,14062.580254301298,1779.697626085188,15842.277880386486,766.5481146394843,1200.0000000000018,1200.0000000000036
Q4-3,2025-03-15,m2,12198.373842744862,13334.413906194906,6404.792774484558,19739.206680679465,1937.7699591545947,1200.0000000000036,1200.0000000000036
Q4-3,2025-03-16,m2,42180.99706527477,45177.387720626946,12975.591353724312,58152.97907435126,2967.999170243552,1200.0000000000036,1200.0
Q4-3,2025-03-17,m2,40394.79497196764,41510.2186147328,5344.204862392653,46854.423477125456,1276.4165492766972,1200.0,1200.0000000000018
Q4-3,2025-03-18,m2,39600.09814425127,38410.14589731756,23693.512351814366,62103.65824913193,4918.200727963274,1200.0000000000018,1200.0000000000018
Q4-3,2025-03-19,m2,38730.543097679474,46107.07707954006,7020.361687995184,53127.43876753525,1769.316967369373,1200.0000000000018,1200.0000000000018
Q4-3,2025-03-20,m2,39477.90639026105,40736.54650170029,26407.722617493768,67144.26911919407,6193.161338661865,1200.0000000000018,1200.0
Q4-3,2025-03-21,m2,13288.654421452255,14270.608637902878,3481.6171651080317,17752.22580301091,1318.1596465669836,1200.0,1199.9999999999982
Q4-3,2025-03-22,m2,11248.714480448678,11547.444416834633,6772.02538848533,18319.46980531996,2154.659993827835,1199.9999999999982,1199.9999999999982
Q4-3,2025-03-23,m2,38194.25555539252,37312.35249685099,17686.930858609907,54999.283355460895,4050.8683835185675,1199.9999999999982,1200.0
Q4-3,2025-03-24,m2,37224.46015211516,38440.72877050522,9361.831702995252,47802.560473500474,2200.796470201699,1200.0,1200.0000000000018
Q4-3,2025-03-25,m2,37078.63134454355,35860.87039278333,37559.30042825291,73420.17082103624,9611.91145064668,1200.0000000000018,1200.0000000000018
Q4-3,2025-03-26,m2,36702.62472727636,38789.23180896579,14937.35066706226,53726.58247602805,3742.238724163858,1200.0000000000018,1200.0
Q4-3,2025-03-27,m2,36238.87378960615,35669.78743948855,24207.087211452308,59876.87465094086,5481.436609056013,1200.0,1200.0000000000018
Q4-3,2025-03-28,m2,12824.551992035436,13162.356510122616,4720.969283846059,17883.325793968674,1489.821335282968,1200.0000000000018,1200.0
Q4-3,2025-03-29,m2,11240.531435132994,12199.605334591046,4571.220572316637,16770.82590690768,1385.7787223752448,1200.0,1200.0000000000018
Q4-3,2025-03-30,m2,34735.192374542195,33917.381243384254,24692.18103112417,58609.562274508426,6152.008678678389,1200.0000000000018,1200.0
Q4-3,2025-03-31,m2,35069.63677071755,40959.890101948484,9341.754572715141,50301.64467466362,2081.1166699092328,1200.0,1200.0
Q4-3,2025-04-01,m2,36034.43852990333,36170.893001037075,30419.282137728173,66590.17513876525,8107.981261323603,1200.0,1200.0
Q4-3,2025-04-02,m2,34120.588895873865,36338.29445921487,31226.2157912824,67564.51025049727,7123.295790367827,1200.0,1200.0000000000018
Q4-3,2025-04-03,m2,35975.17516654338,34864.0975310254,21503.27029858621,56367.36782961161,4871.771938377615,1200.0000000000018,1200.0000000000036
Q4-3,2025-04-04,m2,12199.467117486387,12952.562540707548,2556.4800490568196,15509.042589764367,1001.2133253793659,1200.0000000000036,1200.0000000000018
Q4-3,2025-04-05,m2,10926.819958067696,11739.638838059936,6089.725760278776,17829.36459833871,2096.1709362982083,1200.0000000000018,1200.0000000000036
Q4-3,2025-04-06,m2,34496.15993849309,35693.9981934702,11211.48758131154,46905.485774781744,3029.3008287655257,1200.0000000000036,1200.0
Q4-3,2025-04-07,m2,34692.430139736636,39062.9998141083,5901.320543238497,44964.32035734679,1422.8851769380963,1200.0,1200.0
Q4-3,2025-04-08,m2,34419.35501959019,33966.68032809381,22193.97669002493,56160.65701811874,4913.929285292394,1200.0,1200.0
Q4-3,2025-04-09,m2,33987.54370912354,37679.073806570246,17624.00743483353,55303.08124140378,4190.328870437799,1200.0,1200.0
Q4-3,2025-04-10,m2,34249.36761690947,35618.27808931502,19033.514992536682,54651.793081851705,4121.399696989156,1200.0,1200.0000000000018
Q4-3,2025-04-11,m2,11906.026231225042,13449.046454641095,1863.048460763114,15312.094915404208,884.070172583089,1200.0000000000018,1199.9999999999964
Q4-3,2025-04-12,m2,10351.27955952987,10597.864167632544,11701.116132599964,22298.980300232506,4175.907856220058,1199.9999999999964,1200.0
Q4-3,2025-04-13,m2,33523.15905028197,36018.3195144043,13481.37170772774,49499.69122213204,2969.887792268788,1200.0,1199.9999999999982
Q4-3,2025-04-14,m2,32991.71933104284,31432.82526941764,23889.02334388817,55321.84861330581,5644.616150631619,1199.9999999999982,1200.0
Q4-3,2025-04-15,m2,32969.33730807941,36861.15189694524,5921.732308253671,42782.884205198905,1233.794904996032,1200.0,1200.0
Q4-3,2025-04-16,m2,33666.50190518429,36251.305746183374,11835.373533544212,48086.679279727585,2876.3212445955073,1200.0,1200.0
Q4-3,2025-04-17,m2,32702.729882719643,37833.26482539917,11124.616765087047,48957.88159048622,2351.9262616685464,1200.0,1200.0
Q4-3,2025-04-18,m2,11271.823891440568,11966.984819018373,2661.3628432398746,14628.347662258248,1158.8429931446763,1200.0,1199.9999999999945
Q4-3,2025-04-19,m2,10108.897994680188,11467.089767082634,5438.558812497804,16905.64857958044,2094.70010508369,1199.9999999999945,1200.0
Q4-3,2025-04-20,m2,31869.028422673957,35512.989270723105,10318.243688092378,45831.23295881548,2354.2442931274463,1200.0,1200.0000000000018
Q4-3,2025-04-21,m2,31604.61338790093,30630.77817620409,15315.48268064839,45946.26085685248,3887.5906973786045,1200.0000000000018,1199.9999999999982
Q4-3,2025-04-22,m2,31629.598637205563,37269.83094938706,7758.655675220284,45028.48662460734,1789.9184725007922,1199.9999999999982,1200.0000000000036
Q4-3,2025-04-23,m2,33021.68642161714,41471.24860720673,7830.280525144091,49301.52913235083,1844.0245046849134,1200.0000000000036,1200.0000000000036
Q4-3,2025-04-24,m2,31509.721266601897,34676.83418617265,9892.804015656973,44569.63820182963,1994.0388942970412,1200.0000000000036,1199.9999999999982
Q4-3,2025-04-25,m2,10412.19631492991,10732.920747899656,1783.5641553006435,12516.4849032003,792.9700016241693,1199.9999999999982,1200.0000000000036
Q4-3,2025-04-26,m2,9654.868085420387,10404.687118900674,3697.1099951337465,14101.79711403442,1242.4972528375233,1200.0000000000036,1199.9999999999982
Q4-3,2025-04-27,m2,29895.770143815906,36296.145529500856,7996.812221099684,44292.957750600544,1931.8341432008715,1199.9999999999982,1199.9999999999982
Q4-3,2025-04-28,m2,30392.4318834413,33268.220594566716,26067.764271842214,59335.98486640893,6495.385345196214,1199.9999999999982,1200.0
Q4-3,2025-04-29,m2,30486.870349862867,34388.54023217957,6682.518102319781,41071.05833449935,1623.3515328245426,1200.0,1200.0000000000018
Q4-3,2025-04-30,m2,30661.87227863512,34381.31477256953,9156.018797553403,43537.33357012294,2094.510677307495,1200.0000000000018,1200.0
Q4-3,2025-05-01,m2,29333.54250268678,34172.74029670084,26570.393031344625,60743.133328045464,5533.191830255009,1200.0,1200.0000000000018
Q4-3,2025-05-02,m2,11250.033813121296,11534.880273289444,13053.62707614295,24588.507349432395,4094.2072739800124,1200.0000000000018,1200.0000000000018
Q4-3,2025-05-03,m2,10370.744988871871,10765.897678778592,15207.546269175036,25973.44394795363,4201.338973619893,1200.0000000000018,1200.0
Q4-3,2025-05-04,m2,32307.031905504602,31573.86168210998,26625.157479351383,58199.01916146136,6647.171229718897,1200.0,1199.9999999999982
Q4-3,2025-05-05,m2,32402.621457911075,33975.81627874517,31033.70525466943,65009.521533414605,6670.149292088197,1199.9999999999982,1200.0
Q4-3,2025-05-06,m2,33100.03355275476,39840.381221565964,11958.943387626254,51799.32460919222,2822.2568321759245,1200.0,1200.0000000000018
Q4-3,2025-05-07,m2,33435.58889323154,39760.85168455343,19017.689838732083,58778.541523285516,3959.567239932714,1200.0000000000018,1200.0000000000018
Q4-3,2025-05-08,m2,33253.962348777066,35028.14975241072,21251.849028691573,56279.99878110229,5199.426409384849,1200.0000000000018,1200.0000000000036
Q4-3,2025-05-09,m2,12513.59267894422,13494.949054058245,3715.071662863791,17210.020716922038,1406.4117224303213,1200.0000000000036,1200.0000000000018
Q4-3,2025-05-10,m2,10704.138550806103,11723.564578552454,12920.679033993438,24644.24361254589,3698.637418253783,1200.0000000000018,1200.0000000000036
Q4-3,2025-05-11,m2,33454.51158945508,35955.358533322855,19131.756623533285,55087.11515685614,4597.092720160181,1200.0000000000036,1200.0000000000036
Q4-3,2025-05-12,m2,33799.42040700724,41281.92277077541,7145.319395485454,48427.24216626087,1814.2725608379437,1200.0000000000036,1200.0
Q4-3,2025-05-13,m2,32876.07164120779,34691.64213298724,23107.441121707845,57799.083254695084,5080.827880885968,1200.0,1200.0000000000018
Q4-3,2025-05-14,m2,32764.74808182261,35157.46580588236,21549.32893205726,56706.79473793962,4767.512918963108,1200.0000000000018,1200.0000000000018
Q4-3,2025-05-15,m2,33034.844844232255,35796.37317081622,18952.984738459065,54749.35790927529,4293.348456155436,1200.0000000000018,1200.0000000000018
Q4-3,2025-05-16,m2,12204.016531010348,12549.021239624402,4005.625385498057,16554.64662512246,1451.8364248286562,1200.0000000000018,1199.9999999999982
Q4-3,2025-05-17,m2,10663.21574798144,11202.277090745327,11468.430548631855,22670.707639377182,3625.3012395364253,1199.9999999999982,1200.0000000000036
Q4-3,2025-05-18,m2,32654.414032666296,33295.17122586326,18665.285529135996,51960.45675499926,4955.408015080526,1200.0000000000036,1200.0000000000018
Q4-3,2025-05-19,m2,32309.27829761044,34624.576604678514,10279.928877813396,44904.505482491906,2235.395949580476,1200.0000000000018,1200.0000000000018
Q4-3,2025-05-20,m2,32079.873353376937,37781.203000373986,9683.666567626233,47464.86956800022,2006.7032681602986,1200.0000000000018,1200.0
Q4-3,2025-05-21,m2,31861.17666339117,39533.26593651665,9820.030776495058,49353.2967130117,2251.0982785282463,1200.0,1200.0
Q4-3,2025-05-22,m2,31893.67519737734,35353.198104507974,12355.64453825303,47708.842642761,2559.9046689449424,1200.0,1200.0
Q4-3,2025-05-23,m2,11753.767410422712,13236.473928153575,2616.333580386356,15852.80750853993,1178.2856158742325,1200.0,1199.9999999999982
Q4-3,2025-05-24,m2,10790.793204499994,11068.446946618664,5261.631234486655,16330.078181105318,1629.2356417992073,1199.9999999999982,1200.0000000000036
Q4-3,2025-05-25,m2,31619.112840851136,33972.23438121894,10107.760260647596,44079.994641866535,2426.3115456677046,1200.0000000000036,1200.0000000000018
Q4-3,2025-05-26,m2,31856.673754011907,40797.216904439854,9011.138408451527,49808.35531289138,2043.282106166616,1200.0000000000018,1200.0
Q4-3,2025-05-27,m2,32129.46450912049,38026.307922275824,7755.2432794802235,45781.55120175605,1859.9153440502118,1200.0,1200.0000000000018
Q4-3,2025-05-28,m2,31710.48365626004,34973.9959313373,14310.67033653433,49284.666267871624,3460.24690853632,1200.0000000000018,1200.0
Q4-3,2025-05-29,m2,32174.66291998492,36793.48686055849,15137.19017230484,51930.67703286333,3169.460044743836,1200.0,1199.9999999999982
Q4-3,2025-05-30,m2,12342.933831635419,13309.584719806719,1296.3495323230497,14605.934252129768,680.4752359275172,1199.9999999999982,1200.0
Q4-3,2025-05-31,m2,10239.101652290014,10139.586451779578,10994.946631708235,21134.53308348781,3631.8851475965685,1200.0,1200.0000000000018
Q4-3,2025-06-01,m2,34717.162951344435,34553.56854759168,99941.01547576798,134494.58402335967,22724.952919602772,1200.0000000000018,1200.0
Q4-3,2025-06-02,m2,35789.14599786593,35365.941175571905,91914.77438198701,127280.71555755891,20147.416764971003,1200.0,1200.0
Q4-3,2025-06-03,m2,39574.04800178886,42486.672738144815,39779.696000887874,82266.36873903268,8918.67161440051,1200.0,1200.0000000000018
Q4-3,2025-06-04,m2,39926.66481684211,38739.5927665812,68973.9278157664,107713.52058234758,16784.742737636545,1200.0000000000018,1200.0
Q4-3,2025-06-05,m2,43297.38234277013,48541.01772282,28232.393507339035,76773.41123015904,6497.68706000856,1200.0,1200.0
Q4-3,2025-06-06,m2,17121.241293171435,17489.0359589017,18099.625935314754,35588.66189421645,6141.815828271379,1200.0,1200.0000000000036
Q4-3,2025-06-07,m2,13843.336984744583,14699.857904641955,31472.75835774614,46172.616262388095,9463.14015380773,1200.0000000000036,1200.0
Q4-3,2025-06-08,m2,45674.048661086854,49014.29053474167,21992.3121987174,71006.60273345906,4146.617669542875,1200.0,1200.0000000000018
Q4-3,2025-06-09,m2,47711.956050591856,46848.51086333649,34006.153028996974,80854.66389233345,6983.1334379018535,1200.0000000000018,1200.0000000000018
Q4-3,2025-06-10,m2,48330.12432782908,53980.01295866477,12941.95623804447,66921.96919670924,3006.6625741880125,1200.0000000000018,1200.0000000000018
Q4-3,2025-06-11,m2,49529.02878024467,54608.59091312431,25867.17869160173,80475.76960472604,5087.655137070445,1200.0000000000018,1200.0000000000018
Q4-3,2025-06-12,m2,52037.04084806613,54647.541445254006,13924.84255835061,68572.38400360462,2768.4529465166866,1200.0000000000018,1200.0000000000018
Q4-3,2025-06-13,m2,20069.004713372324,22040.20108803577,2141.978587857855,24182.179675893625,1025.8925248800747,1200.0000000000018,1199.9999999999982
Q4-3,2025-06-14,m2,16087.354929474139,16782.23078323856,14021.355723613979,30803.586506852538,4625.6753886929755,1199.9999999999982,1199.9999999999982
Q4-3,2025-06-15,m2,46959.67781907026,54546.67130119348,12488.075173529018,67034.74647472249,2297.2976334811474,1199.9999999999982,1200.0000000000036
Q4-3,2025-06-16,m2,50065.634553381664,55441.93298846457,15209.41679097862,70651.34977944319,3316.1992492962268,1200.0000000000036,1200.0
Q4-3,2025-06-17,m2,50604.738013024806,56631.63262644131,21990.1820765323,78621.81470297361,4450.004104986844,1200.0,1200.0000000000018
Q4-3,2025-06-18,m2,51728.62513722245,56035.75305127861,9916.675890894538,65952.42894217315,2246.1337411842374,1200.0000000000018,1200.0
Q4-3,2025-06-19,m2,48849.90589608427,54154.972695650285,18333.812321158075,72488.78501680837,3602.050289832804,1200.0,1200.0
Q4-3,2025-06-20,m2,19914.720436409967,20496.421272976597,1740.679966910352,22237.10123988695,757.6212325304234,1200.0,1200.0000000000036
Q4-3,2025-06-21,m2,15682.36534947739,16181.134285844675,8511.963710395536,24693.097996240213,2619.2776745746532,1200.0000000000036,1200.0
Q4-3,2025-06-22,m2,46512.164456893835,51022.32071355847,10371.834189442332,61394.1549030008,2248.311287889296,1200.0,1200.0
Q4-3,2025-06-23,m2,47503.38557921011,50981.64707224854,13184.978969049622,64166.626041298165,2708.30974014287,1200.0,1200.0
Q4-3,2025-06-24,m2,49285.72056030479,50264.835548668576,37884.67483756814,88149.51038623671,8115.21238133112,1200.0,1200.0
Q4-3,2025-06-25,m2,48309.00947128213,54985.00156808296,9922.962054313997,64907.96362239696,2205.757272634867,1200.0,1200.0000000000018
Q4-3,2025-06-26,m2,46323.383189482905,52105.877631870826,15393.752254355346,67499.62988622618,3085.4355352299654,1200.0000000000018,1200.0
Q4-3,2025-06-27,m2,17256.320914778364,17043.597661308224,4050.4790372382345,21094.076698546458,1545.525818487808,1200.0,1200.0
Q4-3,2025-06-28,m2,15130.28231325783,15592.72550971566,8085.0115570286725,23677.737066744332,2715.988218531913,1200.0,1200.0000000000018
Q4-3,2025-06-29,m2,46897.875166472404,55813.669983431726,15381.625808703875,71195.2957921356,3115.9333007476525,1200.0000000000018,1200.0
Q4-3,2025-06-30,m2,48207.600943193276,51091.52470804373,7281.726038568612,58373.25074661234,1719.1380220557262,1200.0,1199.9999999999982
Q4-3,2025-07-01,m2,53803.13474223662,60786.704596081814,38624.716368149144,99411.42096423096,8892.98512473415,1199.9999999999982,1200.0
Q4-3,2025-07-02,m2,53132.42069424076,56061.58407734987,41205.45248535785,97267.03656270771,8959.037176413449,1200.0,1200.0
Q4-3,2025-07-03,m2,54773.632006744156,58966.99453755821,41898.30028640496,100865.29482396317,8226.613190873193,1200.0,1200.0
Q4-3,2025-07-04,m2,22206.027406491492,24216.512129324426,20840.90086109562,45057.412990420045,5675.76740896632,1200.0,1199.9999999999982
Q4-3,2025-07-05,m2,20172.096201555632,20936.19277702762,20899.2171202662,41835.40989729382,5815.534833797336,1199.9999999999982,1199.9999999999982
Q4-3,2025-07-06,m2,52480.07040556781,64185.25086295861,43682.45502669123,107867.70588964983,8220.482557403151,1199.9999999999982,1200.0
Q4-3,2025-07-07,m2,57539.86447471901,59312.517368041656,16099.286700397955,75411.80406843961,2956.5770877826862,1200.0,1200.0
Q4-3,2025-07-08,m2,59369.94995690032,60919.90628151177,14490.068058227404,75409.97433973917,2493.4640166237295,1200.0,1200.0
Q4-3,2025-07-09,m2,57725.11998693772,58574.80319686587,16837.5008570392,75412.30405390507,2696.7480225131662,1200.0,1200.0
Q4-3,2025-07-10,m2,57320.24307057382,61545.57623145461,12654.370347549077,74199.94657900368,2357.808470305503,1200.0,1200.0
Q4-3,2025-07-11,m2,26475.76564206744,26375.61551894962,7156.1537515315395,33531.76927048116,2622.9057056855077,1200.0,1200.0
Q4-3,2025-07-12,m2,22406.318635084892,25249.90362007974,11012.985265901996,36262.88888598174,3277.8639505490955,1200.0,1200.0000000000055
Q4-3,2025-07-13,m2,54790.154355810475,52876.43587055684,34389.31709755343,87265.75296811026,6276.635940516819,1200.0000000000055,1200.0
Q4-3,2025-07-14,m2,54354.939611630834,56868.87857134792,16274.784670838217,73143.66324218614,3281.271765253532,1200.0,1200.0
Q4-3,2025-07-15,m2,55900.70398710175,55342.93776820618,20877.766356202388,76220.70412440857,4948.4004654640285,1200.0,1200.0
Q4-3,2025-07-16,m2,54924.02597272674,56766.88588218136,22888.32495266759,79655.21083484896,4368.063421332842,1200.0,1200.0
Q4-3,2025-07-17,m2,53911.508163744875,59410.06450883368,19171.307395633135,78581.37190446683,3618.2038962089327,1200.0,1200.0
Q4-3,2025-07-18,m2,25561.53359195005,25711.966653972926,8020.377134499614,33732.34378847254,2873.875219270029,1200.0,1200.0
Q4-3,2025-07-19,m2,22525.63133523472,22696.74277433679,17327.129709332337,40023.872483669125,5222.932900738077,1200.0,1200.0
Q4-3,2025-07-20,m2,53113.12551406406,55491.02561108715,20266.51275958164,75757.53837066879,4599.766733277186,1200.0,1200.0
Q4-3,2025-07-21,m2,54578.428878241015,56707.276613489055,18357.99063433258,75065.26724782164,4117.108898002911,1200.0,1200.0
Q4-3,2025-07-22,m2,55669.52502465164,61658.66741231304,11663.384443496388,73322.05185580943,2351.0355315328584,1200.0,1200.0
Q4-3,2025-07-23,m2,54421.198076372646,52353.73850281413,49147.66482157496,101501.40332438909,9877.794910931232,1200.0,1200.0
Q4-3,2025-07-24,m2,55083.531082187415,53595.14383465928,37466.98559076304,91062.12942542232,7481.31192163804,1200.0,1200.0
Q4-3,2025-07-25,m2,25598.004279604174,26426.08801533123,2536.2599576398106,28962.347972971038,858.1762997226235,1200.0,1200.0000000000018
Q4-3,2025-07-26,m2,23056.41175638477,23999.984897507617,7080.374664484047,31080.359561991663,2639.6095099033473,1200.0000000000018,1200.0000000000018
Q4-3,2025-07-27,m2,54132.01691806665,58146.2752166676,18266.546301573737,76412.82151824134,3548.1550298735247,1200.0000000000018,1200.0
Q4-3,2025-07-28,m2,54813.0730324503,58939.94078859953,19608.71819538467,78548.6589839842,4277.022849292532,1200.0,1200.0
Q4-3,2025-07-29,m2,55683.944966343086,64997.97578093111,8953.97249013326,73951.94827106438,1593.1820464001198,1200.0,1200.0
Q4-3,2025-07-30,m2,55460.24900970241,70064.23428240312,7683.33735142535,77747.57163382847,1549.2653794873593,1200.0,1200.0
Q4-3,2025-07-31,m2,55438.273763373174,63581.292000783214,9454.776445176929,73036.06844596015,1685.8774304058154,1200.0,1200.0
Q4-3,2025-08-01,m2,24815.64530016247,24973.966300016942,1628.540629634351,26602.506929651292,457.25434564478223,1200.0,1200.0
Q4-3,2025-08-02,m2,22965.99977777314,23249.238668861846,7993.416656612646,31242.655325474494,2304.034365078727,1200.0,1200.0000000000018
Q4-3,2025-08-03,m2,52773.012025928445,55520.35774275006,9751.910161030131,65272.267903780186,1860.1444528497336,1200.0000000000018,1200.0
Q4-3,2025-08-04,m2,52551.57200708649,54713.08720523273,16735.141817050913,71448.22902228365,3625.737469731085,1200.0,1200.0
Q4-3,2025-08-05,m2,51700.820751201165,55917.92788008639,7840.470912104647,63758.39879219104,1757.6777499000054,1200.0,1200.0
Q4-3,2025-08-06,m2,51008.448839209246,51746.012436541685,38045.31003555017,89791.32247209185,7538.045282799349,1200.0,1200.0
Q4-3,2025-08-07,m2,50265.9239288276,50733.531163727996,18387.49425390425,69121.02541763225,4428.211029798039,1200.0,1200.0
Q4-3,2025-08-08,m2,23367.888374693197,23825.426656884014,2409.2967476581875,26234.7234045422,804.082266950055,1200.0,1200.0
Q4-3,2025-08-09,m2,21883.13371925453,22451.13158510761,5592.258888785321,28043.39047389293,1913.4478329321946,1200.0,1200.0
Q4-3,2025-08-10,m2,47262.83680104061,48264.026530629984,34559.473254691766,82823.49978532175,7262.630972610544,1200.0,1200.0000000000018
Q4-3,2025-08-11,m2,48256.572078260244,52910.46152672524,11030.284944898694,63940.746471623934,2350.55946889193,1200.0000000000018,1200.0
Q4-3,2025-08-12,m2,49291.791171933524,51575.90608097546,25450.708388992938,77026.6144699684,5359.502327291961,1200.0,1200.0
Q4-3,2025-08-13,m2,49156.08857247345,54682.90882620845,10203.129084299477,64886.03791050793,2124.9228505573574,1200.0,1200.0
Q4-3,2025-08-14,m2,48486.15252373542,53388.57080412134,18130.399169537806,71518.96997365914,3539.881727610623,1200.0,1200.0
Q4-3,2025-08-15,m2,23313.26536363207,23458.302321288753,10480.790911348515,33939.09323263727,3524.5269486478855,1200.0,1200.0000000000036
Q4-3,2025-08-16,m2,21763.94353399072,21825.89489936978,16661.436060580956,38487.330959950734,5302.3358892600345,1200.0000000000036,1200.0000000000018
Q4-3,2025-08-17,m2,47558.91036161751,49234.458532601624,16210.534456845864,65444.99298944749,3600.229670121805,1200.0000000000018,1200.0000000000018
Q4-3,2025-08-18,m2,48628.23774576192,50111.50892760106,23042.851735046694,73154.36066264776,4310.679967167796,1200.0000000000018,1200.0
Q4-3,2025-08-19,m2,49017.42277358686,51706.915442142534,12037.48935239562,63744.40479453815,2392.636120834084,1200.0,1200.0
Q4-3,2025-08-20,m2,48630.369795215214,50435.79851365714,38900.67706511164,89336.47557876878,8555.536853481877,1200.0,1200.0
Q4-3,2025-08-21,m2,49091.07081133107,49675.718692685565,20914.70527876602,70590.42397145159,4337.565670048724,1200.0,1200.0
Q4-3,2025-08-22,m2,23614.887520392294,23892.061309546083,6174.640776939781,30066.702086485864,2266.257094314126,1200.0,1200.0000000000036
Q4-3,2025-08-23,m2,21910.106426655642,23269.657764302836,5447.9963437209535,28717.654108023788,1820.9601860859796,1200.0000000000036,1200.0
Q4-3,2025-08-24,m2,47745.885892006976,50570.02378403764,19891.66185841916,70461.68564245681,3809.1474078365286,1200.0,1200.0
Q4-3,2025-08-25,m2,49343.0720019121,47802.43008294046,58932.89503581753,106735.32511875799,13590.145661216578,1200.0,1200.0
Q4-3,2025-08-26,m2,49821.834476775504,52989.77627652262,14641.9399658347,67631.71624235732,2868.8019358805363,1200.0,1200.0
Q4-3,2025-08-27,m2,49511.2456429264,56348.11152015901,17519.00146162032,73867.11298177933,3233.3594577259933,1200.0,1200.0
Q4-3,2025-08-28,m2,49202.25071457292,57719.61010951003,22862.503674022606,80582.11378353264,4638.123604093711,1200.0,1200.0
Q4-3,2025-08-29,m2,24132.263281098592,24379.342111010334,9005.948073109445,33385.290184119774,3421.0458025478492,1200.0,1200.0000000000018
Q4-3,2025-08-30,m2,22156.078865925057,22587.86868586342,20825.149506324127,43413.01819218755,6038.319862713807,1200.0000000000018,1200.0
Q4-3,2025-08-31,m2,47314.753430675686,52203.27791439336,18224.087139595897,70427.36505398926,3820.317387907804,1200.0,1200.0
Q4-3,2025-09-01,m2,43980.89001774926,44126.64577425634,6171.6644939009175,50298.31026815726,2172.5287792925665,1200.0,1200.0000000000018
Q4-3,2025-09-02,m2,41592.237277128064,45949.8932798803,2530.1480292323763,48480.041309112676,478.88133171721483,1200.0000000000018,1200.0
Q4-3,2025-09-03,m2,42381.79225416518,43827.22021718647,1674.9189498437997,45502.13916703027,402.01383577350794,1200.0,1200.0000000000018
Q4-3,2025-09-04,m2,39411.03492902689,40028.20685674349,9093.334864390792,49121.54172113429,1843.4164540828951,1200.0000000000018,1200.0
Q4-3,2025-09-05,m2,17772.27714147586,18060.579357079256,21.452427305767262,18082.031784385024,12.147467330559039,1200.0,1200.0000000000055
Q4-3,2025-09-06,m2,14554.469195468275,14909.446789986227,4393.2385845695835,19302.68537455581,1905.1554360908558,1200.0000000000055,1200.0
Q4-3,2025-09-07,m2,36153.3641009413,41013.338952812424,7389.533891380102,48402.87284419253,1378.8850372694449,1200.0,1200.0000000000055
Q4-3,2025-09-08,m2,35375.424036841345,37859.42806514604,24907.757290738053,62767.185355884096,5721.938077427502,1200.0000000000055,1200.0
Q4-3,2025-09-09,m2,36047.76420950478,41163.30040849768,11972.218626369046,53135.519034866724,2231.2000418451507,1200.0,1199.9999999999982
Q4-3,2025-09-10,m2,36823.86745242978,38614.56825409169,31460.64324711509,70075.21150120678,7173.565216671114,1199.9999999999982,1200.0000000000036
Q4-3,2025-09-11,m2,36975.9297714169,37938.90502860721,22609.554431526285,60548.4594601335,5250.296315585475,1200.0000000000036,1199.9999999999982
Q4-3,2025-09-12,m2,16244.21816872655,16828.39973938413,2289.1626507244337,19117.562390108564,785.0635598666856,1199.9999999999982,1200.0000000000036
Q4-3,2025-09-13,m2,14599.90370720571,15321.66794145127,3282.3423348410383,18604.01027629231,1656.519533591427,1200.0000000000036,1199.9999999999964
Q4-3,2025-09-14,m2,37299.04195054604,36772.787906857644,35112.91624020788,71885.70414706552,7881.433752429657,1199.9999999999964,1200.0000000000018
Q4-3,2025-09-15,m2,37394.95883762982,41528.387710282375,11789.3767476829,53317.76445796528,2312.082259525193,1200.0000000000018,1200.0000000000018
Q4-3,2025-09-16,m2,37092.12290486474,37353.854596906895,34323.35961598228,71677.21421288917,8628.421416822042,1200.0000000000018,1200.0
Q4-3,2025-09-17,m2,38504.723409573686,39455.57865740986,23508.674957618758,62964.25361502862,5078.592362630154,1200.0,1200.0
Q4-3,2025-09-18,m2,36864.32105128446,44921.85639039254,14749.601029583966,59671.457419976505,2912.7842467544056,1200.0,1200.0000000000036
Q4-3,2025-09-19,m2,17146.082760690653,17939.505331537268,1550.5898033703606,19490.095134907628,874.1951835139271,1200.0000000000036,1200.0
Q4-3,2025-09-20,m2,14703.464446306398,15325.252165074175,6783.257169275354,22108.50933434953,2454.3739126378214,1200.0,1200.0000000000018
Q4-3,2025-09-21,m2,39206.083969276544,41040.25492236908,14324.809310155657,55365.06423252474,2924.996747790931,1200.0000000000018,1200.0
Q4-3,2025-09-22,m2,38867.33216435824,38369.95588185098,37698.717238959114,76068.6731208101,9210.61133370021,1200.0,1200.0000000000018
Q4-3,2025-09-23,m2,38566.293284696076,39507.18845959276,27407.918127105862,66915.10658669862,5857.557140836476,1200.0000000000018,1200.0
Q4-3,2025-09-24,m2,39676.14871120571,48043.648859988825,10848.976508398304,58892.62536838713,2553.1286400893387,1200.0,1199.9999999999982
Q4-3,2025-09-25,m2,39294.86814290094,44191.10819063565,13476.961192928156,57668.06938356381,3179.621336641062,1199.9999999999982,1200.0000000000018
Q4-3,2025-09-26,m2,16891.46039194298,17262.5965340098,3129.308926896966,20391.905460906768,1427.4011636452394,1200.0000000000018,1200.0
Q4-3,2025-09-27,m2,15111.453907633995,16534.39968721192,4622.636358570256,21157.036045782177,1639.7211620322812,1200.0,1200.0000000000036
Q4-3,2025-09-28,m2,39631.517033842254,45724.08071103961,12561.041997689015,58285.122708728624,2687.530112006194,1200.0000000000036,1200.0
Q4-3,2025-09-29,m2,39790.75746552655,39345.84185610222,30441.635839783798,69787.47769588602,6650.763864796377,1200.0,1200.0
Q4-3,2025-09-30,m2,40081.31407021354,44894.34145487051,23872.644384472813,68766.98583934332,5180.121033631303,1200.0,1199.9999999999982
Q4-3,2025-10-01,m2,39529.33794395422,40728.39772205591,3820.8812216894567,44549.27894374537,1062.5760879323987,1199.9999999999982,1199.9999999999982
Q4-3,2025-10-02,m2,35480.449889675394,34349.55580955342,17517.522691805367,51867.07850135879,4109.258251127543,1199.9999999999982,1200.0000000000018
Q4-3,2025-10-03,m2,14154.021301414778,15559.759454175859,869.7910054729738,16429.55045964883,470.53432046385416,1200.0000000000018,1200.0
Q4-3,2025-10-04,m2,13134.552506122469,13341.156384470905,6397.682693830041,19738.839078300945,2511.910846215153,1200.0,1200.0000000000073
Q4-3,2025-10-05,m2,36740.06966308378,36521.38663239784,15158.477856756432,51679.864489154264,4105.274996769214,1200.0000000000073,1199.9999999999982
Q4-3,2025-10-06,m2,37641.32717046555,44576.27673417433,6685.995496352196,51262.27223052653,1462.8008925078739,1199.9999999999982,1199.9999999999964
Q4-3,2025-10-07,m2,36673.7300948718,41934.215182715765,4365.9189301685265,46300.13411288429,1047.7241043560803,1199.9999999999964,1199.9999999999982
Q4-3,2025-10-08,m2,34445.12047497324,37962.60538356409,15103.044887176278,53065.65027074037,3241.8621798535787,1199.9999999999982,1200.0000000000018
Q4-3,2025-10-09,m2,35127.46206218758,34161.71947494203,32386.878287798223,66548.59776274025,8020.915548540992,1200.0000000000018,1200.0
Q4-3,2025-10-10,m2,13768.69645634358,13939.12851555943,3689.127628926776,17628.256144486208,1609.74873540006,1200.0,1200.0000000000036
Q4-3,2025-10-11,m2,12535.327397299287,13092.235219795264,5451.339811742233,18543.575031537497,2568.732646285248,1200.0000000000036,1200.0000000000018
Q4-3,2025-10-12,m2,35197.28723659657,37589.95497026936,17460.43830773705,55050.39327800641,3525.0619559833945,1200.0000000000018,1200.0000000000018
Q4-3,2025-10-13,m2,37330.4850811471,38640.063703415195,22501.413212005024,61141.47691542022,5442.410756567203,1200.0000000000018,1200.0
Q4-3,2025-10-14,m2,38055.04602924458,39480.73998768518,24375.719760118947,63856.459747804125,5901.402365505828,1200.0,1200.0000000000018
Q4-3,2025-10-15,m2,35840.459578671915,35982.29676787206,43386.85172462359,79369.14849249565,10440.783434983128,1200.0000000000018,1200.0
Q4-3,2025-10-16,m2,36670.676464651966,39923.80463209483,31846.92423276871,71770.72886486354,6922.177156420871,1200.0,1200.0000000000036
Q4-3,2025-10-17,m2,14718.491631789537,18016.626371886723,1570.9929405783935,19587.619312465118,862.0891741963501,1200.0000000000036,1199.9999999999982
Q4-3,2025-10-18,m2,13018.873097542484,13839.748686660665,6660.658721263941,20500.407407924606,2583.4033389282367,1199.9999999999982,1200.0000000000036
Q4-3,2025-10-19,m2,37964.72056696621,39402.83334802641,32079.545261922678,71482.37860994908,6742.052240909321,1200.0000000000036,1200.0000000000018
Q4-3,2025-10-20,m2,40774.14167041547,40581.207833468674,27117.049272536504,67698.25710600519,5620.096139121266,1200.0000000000018,1200.0
Q4-3,2025-10-21,m2,42081.495451384035,44924.58830198439,15573.249549828286,60497.83785181268,3774.627104665876,1200.0,1200.0000000000018
Q4-3,2025-10-22,m2,39245.42073352766,42985.18717416437,22892.07020631713,65877.2573804815,4548.96242385921,1200.0000000000018,1200.0000000000036
Q4-3,2025-10-23,m2,39646.53470934354,38982.27594637883,39475.45562586493,78457.73157224376,10456.178911435418,1200.0000000000036,1200.0
Q4-3,2025-10-24,m2,14634.599868871574,15945.307496414882,3210.175162792257,19155.48265920714,1397.8745319923942,1200.0,1200.0
Q4-3,2025-10-25,m2,13653.341458993664,14532.67071358134,5242.6592142222435,19775.329927803585,2151.2028763974527,1200.0,1200.0
Q4-3,2025-10-26,m2,41876.75212429039,41585.85322505509,26080.915460001237,67666.76868505633,6300.85771637782,1200.0,1199.9999999999982
Q4-3,2025-10-27,m2,42545.20603738139,48399.27453023785,7954.681772544377,56353.95630278223,1732.0670469911388,1199.9999999999982,1200.0
Q4-3,2025-10-28,m2,43597.301838138905,50305.90902159134,8557.916585478106,58863.82560706945,1823.0316106495516,1200.0,1200.0000000000018
Q4-3,2025-10-29,m2,41316.182930016745,44056.99999244192,28963.113807431506,73020.11379987342,6818.404314540834,1200.0000000000018,1200.0
Q4-3,2025-10-30,m2,42852.78510328158,47789.53565197041,11194.182994052142,58983.71864602255,2426.021545044125,1200.0,1200.0
Q4-3,2025-10-31,m2,15298.624442661592,16038.013444837112,5915.186602945304,21953.200047782415,2218.285659880524,1200.0,1199.9999999999945
Q4-3,2025-11-01,m2,13290.202579856266,14264.72248262511,4705.789384498392,18970.511867123503,1651.902276790658,1199.9999999999945,1200.0
Q4-3,2025-11-02,m2,43218.94342675615,47892.25671120848,20278.849879876107,68171.1065910846,4122.08741287317,1200.0,1200.0
Q4-3,2025-11-03,m2,45614.04181455968,45534.66211772825,20104.860491736075,65639.52260946433,5305.344906649614,1200.0,1200.0000000000036
Q4-3,2025-11-04,m2,46342.67737902404,51325.529420849096,8676.705134703188,60002.234555552284,1809.2308746768076,1200.0000000000036,1200.0
Q4-3,2025-11-05,m2,46390.04009367881,46266.04746850676,27409.852452244355,73675.89992075111,6771.877160292992,1200.0,1200.0
Q4-3,2025-11-06,m2,46582.68677869771,51447.491170935304,13710.60579457997,65158.09696551527,3191.616199314083,1200.0,1200.0000000000018
Q4-3,2025-11-07,m2,15928.078683251817,18046.47166476289,1242.037089477863,19288.508754240753,625.3901076760799,1200.0000000000018,1200.0000000000018
Q4-3,2025-11-08,m2,13998.135056206367,14674.734463837152,4761.513920894165,19436.248384731316,1620.1161651327466,1200.0000000000018,1200.0000000000018
Q4-3,2025-11-09,m2,46769.79857798535,49455.35209278108,15037.035726642214,64492.3878194233,3216.4247685418077,1200.0000000000018,1200.0000000000036
Q4-3,2025-11-10,m2,48517.84569946,53837.068399087504,19544.298996824014,73381.36739591151,4073.5076259280836,1200.0000000000036,1200.0000000000018
Q4-3,2025-11-11,m2,48730.47968491596,48375.022871661284,16561.032748549354,64936.05562021064,3415.621119508773,1200.0000000000018,1200.0
Q4-3,2025-11-12,m2,48648.23996953597,53403.69728279295,9652.224671401154,63055.921954194106,2117.74418150483,1200.0,1200.0
Q4-3,2025-11-13,m2,49167.61079822709,54816.167447492044,9768.903869800997,64585.07131729304,2153.104723576338,1200.0,1200.0000000000018
Q4-3,2025-11-14,m2,16539.51893287885,18043.951504544344,999.382420720751,19043.333925265095,506.06947106306365,1200.0000000000018,1199.9999999999982
Q4-3,2025-11-15,m2,14478.986680611011,14802.899169466495,9229.297215423747,24032.19638489024,2832.784301690147,1199.9999999999982,1200.0
Q4-3,2025-11-16,m2,50096.69294369327,56558.56591625201,9609.895035262256,66168.46095151427,2024.382761847061,1200.0,1200.0000000000018
Q4-3,2025-11-17,m2,51015.39403981758,60782.438287480894,5050.504119500537,65832.94240698143,1122.6865451418362,1200.0000000000018,1199.9999999999982
Q4-3,2025-11-18,m2,50921.130399060596,55641.67804419402,12484.279272670465,68125.95731686449,2604.5597678844783,1199.9999999999982,1200.0
Q4-3,2025-11-19,m2,51658.450290057954,60778.14209171668,8750.328342445224,69528.4704341619,2039.5938430812919,1200.0,1199.9999999999982
Q4-3,2025-11-20,m2,51763.48710901769,58387.80920209781,8221.386170063943,66609.19537216175,1826.7273430228456,1199.9999999999982,1200.0
Q4-3,2025-11-21,m2,17234.06334826314,20714.96586932295,1746.823154397101,22461.78902372005,893.9634734255671,1200.0,1200.0000000000018
Q4-3,2025-11-22,m2,14500.473978064962,14985.758898643464,8276.114741680238,23261.8736403237,2745.767627675972,1200.0000000000018,1200.0
Q4-3,2025-11-23,m2,52666.66936657789,59725.36203689722,8198.592732672996,67923.95476957022,1709.601072452828,1200.0,1199.9999999999982
Q4-3,2025-11-24,m2,52362.20312267534,57848.71897498843,7305.198080236554,65153.917055224985,1595.1047913011878,1199.9999999999982,1200.0
Q4-3,2025-11-25,m2,52201.19463159775,50933.54657012935,28679.318603923373,79612.86517405273,6253.582483881113,1200.0,1200.0
Q4-3,2025-11-26,m2,52816.59028104608,57109.368615842126,14455.578928891384,71564.94754473351,3193.3101539607032,1200.0,1200.0
Q4-3,2025-11-27,m2,53507.89009705063,59275.19931856548,7695.532096493361,66970.73141505884,1691.5530550076926,1200.0,1200.0000000000018
Q4-3,2025-11-28,m2,16964.119456605677,19199.85519020568,1423.2381503055965,20623.093340511274,623.6698521236502,1200.0000000000018,1200.0000000000036
Q4-3,2025-11-29,m2,14920.649787094419,15351.29688810106,15850.1226182396,31201.41950634066,5612.745940314153,1200.0000000000036,1200.0
Q4-3,2025-11-30,m2,54213.12653630362,60399.48267565742,11727.070392403573,72126.553068061,2657.3248083639987,1200.0,1200.0
Q4-3,2025-12-01,m2,58564.96036927872,58230.46067057989,52670.581073117224,110901.0417436971,10643.81218499146,1200.0,1200.0000000000018
Q4-3,2025-12-02,m2,62076.98654202609,62705.06715733586,45517.77915683956,108222.84631417543,9307.38197129851,1200.0000000000018,1200.0
Q4-3,2025-12-03,m2,63021.23572204939,74985.00976543072,14390.534399555863,89375.54416498658,3326.313403997063,1200.0,1200.0000000000018
Q4-3,2025-12-04,m2,63912.31292417843,65171.27813317871,32868.10201232685,98039.38014550557,6360.006449779464,1200.0000000000018,1199.9999999999982
Q4-3,2025-12-05,m2,22957.050544035214,25479.36662626411,6372.643822339234,31852.010448603345,2448.059500350669,1199.9999999999982,1200.0000000000036
Q4-3,2025-12-06,m2,19166.615209497613,20409.042675154895,16024.385096421589,36433.427771576484,4926.097182408111,1200.0000000000036,1200.0000000000036
Q4-3,2025-12-07,m2,67973.23983055042,67062.36633417323,21245.064910140463,88307.43124431369,4173.783975333389,1200.0000000000036,1200.0000000000018
Q4-3,2025-12-08,m2,69504.34165597046,70657.56623663174,8149.319720347059,78806.8859569788,1528.583131139612,1200.0000000000018,1200.0000000000018
Q4-3,2025-12-09,m2,68636.51992607796,68918.0094893123,10947.94425064478,79865.95373995708,1858.2631900325398,1200.0000000000018,1200.0
Q4-3,2025-12-10,m2,69035.6569946046,75114.03242161412,8706.462877132732,83820.49529874684,1757.3433023618531,1200.0,1200.0000000000018
Q4-3,2025-12-11,m2,66771.65180736256,67327.25439382328,10796.860035330868,78124.11442915416,2245.3112978390172,1200.0000000000018,1200.0000000000018
Q4-3,2025-12-12,m2,23766.306711540703,27952.03447089604,6548.37524815622,34500.40971905226,2633.454664420431,1200.0000000000018,1200.0
Q4-3,2025-12-13,m2,21820.540121977207,23530.580849319755,11237.253809385658,34767.83465870541,3136.024348656852,1200.0,1200.0000000000018
Q4-3,2025-12-14,m2,68974.66935259418,77992.96471472339,6750.607787867733,84743.57250259112,1176.1851648626491,1200.0000000000018,1199.9999999999982
Q4-3,2025-12-15,m2,69855.49766313935,80125.51263637435,4689.713830319033,84815.22646669338,860.9896096458835,1199.9999999999982,1200.0000000000036
Q4-3,2025-12-16,m2,69510.97462037996,71776.40961513949,9881.556277894913,81657.9658930344,1750.6445232957753,1200.0000000000036,1200.0
Q4-3,2025-12-17,m2,69044.2358174189,68818.2440758418,12510.752464586352,81328.99654042814,2476.7690089677308,1200.0,1200.0
Q4-3,2025-12-18,m2,67643.33656776175,72793.35201808666,8460.063219425148,81253.41523751181,1594.3923576079237,1200.0,1200.0000000000018
Q4-3,2025-12-19,m2,25378.53253817377,29144.414599079722,3500.5659605986702,32644.98055967839,1496.5114014306287,1200.0000000000018,1200.0000000000018
Q4-3,2025-12-20,m2,21731.075912484677,22690.006753135418,8216.069990427859,30906.076743563277,2677.5329364155173,1200.0000000000018,1199.9999999999982
Q4-3,2025-12-21,m2,68139.7771978239,71384.98862666111,12826.4164720449,84211.40509870602,2477.413235892332,1199.9999999999982,1200.0
Q4-3,2025-12-22,m2,70233.15865977466,75376.25365804895,8034.528011661069,83410.78166971002,1522.47618666569,1200.0,1200.0000000000018
Q4-3,2025-12-23,m2,69458.19164771207,69767.23972328208,8117.500563286389,77884.74028656847,1434.2773734775117,1200.0000000000018,1200.0
Q4-3,2025-12-24,m2,66702.2547219703,69484.21710351949,12885.405670954693,82369.62277447418,2402.5158745568183,1200.0,1200.0
Q4-3,2025-12-25,m2,67353.24113225064,74115.7812159766,8849.389293587807,82965.17050956441,1699.910060199043,1200.0,1200.0
Q4-3,2025-12-26,m2,24911.395186901857,28358.838681748573,3560.094395463775,31918.93307721235,1403.9866662719446,1200.0,1200.0000000000036
Q4-3,2025-12-27,m2,21361.55825349758,24051.67443776524,5623.646534717362,29675.3209724826,1849.4096175411255,1200.0000000000036,1200.0000000000018
Q4-3,2025-12-28,m2,67871.32797980019,70772.96390255883,7566.9068728290185,78339.87077538784,1406.360873823363,1200.0000000000018,1199.9999999999982
Q4-3,2025-12-29,m2,68425.07668852102,75499.0592477679,4569.250796570508,80068.3100443384,877.4258524326738,1199.9999999999982,1200.0000000000018
Q4-3,2025-12-30,m2,67297.87324112568,69495.96183995574,5889.020272577807,75384.98211253354,1145.2720366028407,1200.0000000000018,1200.0
Q4-3,2025-12-31,m2,69154.00293777023,72290.01685810913,14769.011966287879,87059.02882439701,2858.736560960698,1200.0,6000.000000000002
Q4-3,2025-02-01,m3,19749.982432945813,19957.481205006607,2871.183620223212,22828.66482522982,1027.0216466483794,1200.0000000000055,1200.0000000000018
Q4-3,2025-02-02,m3,61572.58309267401,62555.52634234226,3215.330514392793,65770.85685673504,564.537722877535,1200.0000000000018,1200.0000000000018
Q4-3,2025-02-03,m3,59493.498322481886,58589.41978173606,15885.170942688626,74474.59072442469,3310.7174794088296,1200.0000000000018,1200.0000000000018
Q4-3,2025-02-04,m3,59253.68955720708,59045.993699765684,24017.073595628655,83063.06729539434,4742.363379867471,1200.0000000000018,1200.0
Q4-3,2025-02-05,m3,59398.57897486293,62809.2096424811,8376.501594582576,71185.71123706368,1708.4117989329984,1200.0,1199.9999999999982
Q4-3,2025-02-06,m3,59375.70405535772,57663.70725081503,30940.856274485137,88604.56352530017,6308.664794479359,1199.9999999999982,1199.9999999999982
Q4-3,2025-02-07,m3,20138.242356622566,20277.5517379699,2539.7797189285266,22817.331456898428,1012.2591397953732,1199.9999999999982,1200.0000000000018
Q4-3,2025-02-08,m3,17035.38675986544,19713.64415519208,2070.37727782815,21784.02143302023,989.9585277325777,1200.0000000000018,1200.0
Q4-3,2025-02-09,m3,57176.19871157154,58672.5331131671,15985.961150485207,74658.4942636523,3087.6175892635083,1200.0,1200.0
Q4-3,2025-02-10,m3,55300.430099984645,54951.90977334216,7282.932480390633,62234.84225373279,1569.6009901044586,1200.0,1200.0000000000036
Q4-3,2025-02-11,m3,54809.30627702146,54581.5982188873,19098.85550959622,73680.45372848352,3856.1360496239436,1200.0000000000036,1200.0
Q4-3,2025-02-12,m3,54519.566799515924,53447.96773162449,17295.940898408997,70743.90863003349,3485.2703479333086,1200.0,1200.0
Q4-3,2025-02-13,m3,53093.29318227168,54398.637201344856,6750.99613216316,61149.63333350801,1463.3882297151315,1200.0,1200.0000000000018
Q4-3,2025-02-14,m3,17279.892596012003,18233.179527525488,8221.695263390147,26454.874790915637,2838.479536389261,1200.0000000000018,1200.0000000000018
Q4-3,2025-02-15,m3,16066.633230410494,16811.80995328485,7083.661043665137,23895.47099694999,2682.1872661250104,1200.0000000000018,1200.0
Q4-3,2025-02-16,m3,52648.56308170024,50824.823599499716,30129.735775569694,80954.55937506941,6343.14468803678,1200.0,1200.0
Q4-3,2025-02-17,m3,50875.81968566438,48537.28167079669,25591.77181060241,74129.05348139911,6226.834574411809,1200.0,1200.0
Q4-3,2025-02-18,m3,49404.21810805664,53784.99597788791,8614.430365476834,62399.42634336474,1729.0615895194433,1200.0,1200.0
Q4-3,2025-02-19,m3,48692.08215765613,52009.573777407626,15815.655975216217,67825.22975262384,3161.5577305484226,1200.0,1200.0000000000018
Q4-3,2025-02-20,m3,49779.312823496984,49970.795582848754,17137.486935328103,67108.28251817686,3712.9020305699296,1200.0000000000018,1199.9999999999982
Q4-3,2025-02-21,m3,16927.853868464925,17956.444643513783,3881.831885473158,21838.276528986942,1576.897897089162,1199.9999999999982,1200.0000000000018
Q4-3,2025-02-22,m3,15224.645345010995,16090.18597470137,6742.280207580038,22832.46618228141,2336.5536884210833,1200.0000000000018,1200.0000000000036
Q4-3,2025-02-23,m3,49224.09274757275,50507.36640052675,15290.57856285037,65797.94496337711,3522.651387276391,1200.0000000000036,1200.0000000000036
Q4-3,2025-02-24,m3,47674.05703710906,49700.897544470026,17591.157388663785,67292.05493313381,3629.254060797296,1200.0000000000036,1200.0
Q4-3,2025-02-25,m3,46728.55310711634,45203.980288284416,15291.810604378095,60495.79089266251,3271.0966818859542,1200.0,1199.9999999999982
Q4-3,2025-02-26,m3,45982.81812080843,51349.92607315823,7585.780694440695,58935.706767598924,1678.8218266002236,1199.9999999999982,1200.0
Q4-3,2025-02-27,m3,44671.661465163095,47562.88794654186,10851.690074208029,58414.57802074989,1989.4014880086688,1200.0,1200.0
Q4-3,2025-02-28,m3,15924.92050074765,17217.228717325546,1766.4657702101485,18983.694487535693,887.8698141399896,1200.0,1200.0
Q4-3,2025-03-01,m3,14117.189075809998,14408.23152887141,8086.635838190776,22494.867367062187,2759.4155350807528,1200.0,1200.0
Q4-3,2025-03-02,m3,45234.518455990874,48536.135568387166,32327.60075858047,80863.73632696763,6752.3554944382295,1200.0,1200.0
Q4-3,2025-03-03,m3,44378.11925745303,45005.29937823565,44123.82863208896,89129.12801032461,9873.300119574993,1200.0,1200.0
Q4-3,2025-03-04,m3,45729.37996903992,50477.82268443791,10736.691787339834,61214.514471777744,2425.9243605729944,1200.0,1200.0
Q4-3,2025-03-05,m3,44347.946873443754,44110.6505945835,19274.623938055047,63385.27453263855,4390.583202364804,1200.0,1200.0
Q4-3,2025-03-06,m3,43672.24482020681,46716.145340656134,10973.362981390645,57689.50832204678,2471.0936222896376,1200.0,1200.0000000000018
Q4-3,2025-03-07,m3,14535.38093823724,14793.492672331564,7899.738674517889,22693.231346849454,2588.471783285839,1200.0000000000018,1200.0
Q4-3,2025-03-08,m3,13321.640317644407,14361.663865867571,1936.5409492745248,16298.204815142097,778.7625701833142,1200.0,1200.0000000000073
Q4-3,2025-03-09,m3,45254.518457370315,44639.61279133514,9708.341069301452,54347.95386063659,2351.682712229117,1200.0000000000073,1200.0000000000036
Q4-3,2025-03-10,m3,44135.02812667184,48165.13116994679,11985.46313741506,60150.594307361855,3006.3654902385942,1200.0000000000036,1200.0000000000036
Q4-3,2025-03-11,m3,43423.63984566109,52605.92167208845,8517.857977945934,61123.77965003438,1959.7017752590905,1200.0000000000036,1200.0000000000018
Q4-3,2025-03-12,m3,41550.54080661274,40594.530317815894,18811.79700773329,59406.32732554918,4440.49208708575,1200.0000000000018,1200.0
Q4-3,2025-03-13,m3,41962.75995746879,44677.513552957425,25019.99652878144,69697.51008173887,5536.289143963439,1200.0,1200.0000000000018
Q4-3,2025-03-14,m3,13839.64119565146,14588.729452352934,1779.697626085188,16368.427078438122,766.5481146394842,1200.0000000000018,1200.0000000000036
Q4-3,2025-03-15,m3,12427.437164289362,13632.017941579808,6404.477328942784,20036.49527052259,1928.0162726901583,1200.0000000000036,1200.0
Q4-3,2025-03-16,m3,42680.30319569615,44888.087322157495,12975.591353724314,57863.678675881805,2967.9991702435527,1200.0,1200.0
Q4-3,2025-03-17,m3,40909.095278242945,41984.4568107268,5344.204862392652,47328.66167311945,1276.416549276697,1200.0,1200.0000000000018
Q4-3,2025-03-18,m3,40050.392802508824,38881.36578703284,23693.512351814366,62574.878138847205,4918.200727963274,1200.0000000000018,1200.0
Q4-3,2025-03-19,m3,39547.76977341728,46661.575065055375,7020.361687995184,53681.936753050555,1769.316967369373,1200.0,1200.0000000000018
Q4-3,2025-03-20,m3,40006.82728255646,41138.604589325456,26407.722617493768,67546.32720681923,6193.161338661865,1200.0000000000018,1200.0000000000018
Q4-3,2025-03-21,m3,13432.005700113823,14497.864298475837,3535.9365208182344,18033.800819294072,1399.7245332795233,1200.0000000000018,1200.0
Q4-3,2025-03-22,m3,11586.142988387348,11894.654427277886,6996.974049976112,18891.628477254,2257.2366063243476,1200.0,1200.0
Q4-3,2025-03-23,m3,38718.97736200834,37936.17501830047,17686.930858609907,55623.10587691038,4050.868383518567,1200.0,1200.0
Q4-3,2025-03-24,m3,37669.48048140503,38775.87346824253,9361.831702995252,48137.70517123778,2200.7964702016984,1200.0,1200.0000000000018
Q4-3,2025-03-25,m3,37603.85636557439,36400.81763867931,37559.94440546056,73960.76204413988,9611.911450646676,1200.0000000000018,1200.0000000000036
Q4-3,2025-03-26,m3,36973.722180416386,39264.000663544924,14937.35066706226,54201.35133060718,3742.238724163858,1200.0000000000036,1199.9999999999982
Q4-3,2025-03-27,m3,36633.542093798445,36075.11065368979,24207.087211452308,60282.1978651421,5481.436609056013,1199.9999999999982,1200.0000000000018
Q4-3,2025-03-28,m3,13032.106169064851,13426.087936858194,5535.046610911233,18961.134547769427,1673.8864153791615,1200.0000000000018,1200.0
Q4-3,2025-03-29,m3,11476.522535023189,12432.150813922084,4520.741739117276,16952.89255303936,1366.1098874674228,1200.0,1200.0000000000018
Q4-3,2025-03-30,m3,35032.47239548818,34233.64590047905,24894.960451369374,59128.60635184843,6183.443931322853,1200.0000000000018,1200.0000000000018
Q4-3,2025-03-31,m3,35383.12045455488,41326.24800433437,9341.75457271514,50668.002577049505,2081.1166699092328,1200.0000000000018,1200.0
Q4-3,2025-04-01,m3,36679.431700807116,36899.79451189123,30419.282137728176,67319.07664961941,8107.981261323603,1200.0,1200.0
Q4-3,2025-04-02,m3,34529.80098951109,36541.4872319216,31226.2157912824,67767.703023204,7123.295790367827,1200.0,1200.0
Q4-3,2025-04-03,m3,36951.848342244724,35758.89906301661,21503.27029858621,57262.16936160282,4871.771938377614,1200.0,1200.0000000000018
Q4-3,2025-04-04,m3,12317.025528547394,13081.214276436209,2815.9140908669588,15897.128367303168,1072.870290387,1200.0000000000018,1200.0000000000018
Q4-3,2025-04-05,m3,11168.102202136986,11962.655800880313,5582.831594708045,17545.48739558836,1899.3413826183269,1200.0000000000018,1200.0000000000036
Q4-3,2025-04-06,m3,34861.47274035892,35850.970644390174,11211.48758131154,47062.45822570172,3029.300828765526,1200.0000000000036,1200.0
Q4-3,2025-04-07,m3,35129.341477413334,39461.21417014202,5901.320543238498,45362.53471338052,1422.8851769380967,1200.0,1200.0000000000018
Q4-3,2025-04-08,m3,35023.494116182526,34517.3645085947,22193.97669002493,56711.34119861963,4913.929285292394,1200.0000000000018,1200.0
Q4-3,2025-04-09,m3,34414.01429615988,38080.5135270463,17624.00743483353,55704.520961879825,4190.3288704378,1200.0,1200.0000000000018
Q4-3,2025-04-10,m3,34668.20060157721,35958.24775340251,19033.51499253668,54991.76274593919,4121.399696989157,1200.0000000000018,1200.0000000000018
Q4-3,2025-04-11,m3,12046.46654162361,13642.113447964954,1863.0484607631142,15505.161908728067,884.070172583089,1200.0000000000018,1199.9999999999964
Q4-3,2025-04-12,m3,10710.267044109592,11035.318643920686,8669.384044095867,19704.70268801655,3078.0184582820707,1199.9999999999964,1200.0000000000018
Q4-3,2025-04-13,m3,34091.1818418074,36540.250868359704,13481.37170772774,50021.622576087444,2969.8877922687875,1200.0000000000018,1200.0000000000018
Q4-3,2025-04-14,m3,33554.52041342832,31945.268283248322,23889.02334388817,55834.291627136496,5644.616150631619,1200.0000000000018,1200.0
Q4-3,2025-04-15,m3,33458.16321213347,37325.60873845504,5921.732308253671,43247.34104670871,1233.794904996032,1200.0,1200.0
Q4-3,2025-04-16,m3,33944.89053491106,36826.464769335915,11835.373533544212,48661.838302880125,2876.321244595508,1200.0,1200.0
Q4-3,2025-04-17,m3,33036.21070411194,38003.54683653151,11124.616765087045,49128.16360161855,2351.926261668546,1200.0,1200.0
Q4-3,2025-04-18,m3,11442.496787002967,12261.217981658063,3113.6738354117524,15374.891817069816,1272.5560762392386,1200.0,1199.9999999999982
Q4-3,2025-04-19,m3,10328.415143731567,11837.718072045442,6330.957965287007,18168.67603733245,2248.6174531781467,1199.9999999999982,1199.9999999999982
Q4-3,2025-04-20,m3,32251.258403125074,35914.50946875032,10318.243688092378,46232.7531568427,2354.244293127447,1199.9999999999982,1200.0000000000018
Q4-3,2025-04-21,m3,32178.1383603247,31363.016472661548,15689.506141353751,47052.522614015295,3920.099056818513,1200.0000000000018,1200.0000000000018
Q4-3,2025-04-22,m3,32014.848224341695,37645.52682174723,7758.655675220283,45404.182496967514,1789.9184725007922,1200.0000000000018,1200.0000000000036
Q4-3,2025-04-23,m3,33525.9331857882,41872.89572165129,7830.28052514409,49703.17624679538,1844.0245046849127,1200.0000000000036,1200.0
Q4-3,2025-04-24,m3,31830.698831029847,34959.390492931874,9892.804015656975,44852.19450858885,1994.0388942970417,1200.0,1200.0
Q4-3,2025-04-25,m3,10617.546617837621,10995.0259682811,1783.5641553006435,12778.590123581744,792.9700016241693,1200.0,1200.0
Q4-3,2025-04-26,m3,10011.83826599254,10851.695670411978,3717.3936186098044,14569.089289021784,1251.0215745337027,1200.0,1200.0
Q4-3,2025-04-27,m3,30409.030119058058,36049.173907134915,7996.8122210996835,44045.986128234596,1931.834143200871,1200.0,1200.0
Q4-3,2025-04-28,m3,30917.129361759828,34585.6102886484,26067.764271842214,60653.374560490614,6495.385345196215,1200.0,1200.0000000000018
Q4-3,2025-04-29,m3,31207.229931898983,34930.70410749334,6682.518102319781,41613.22220981312,1623.3515328245428,1200.0000000000018,1200.0000000000018
Q4-3,2025-04-30,m3,31079.856737483125,34785.01626237781,9156.018797553403,43941.03505993121,2094.510677307495,1200.0000000000018,1200.0
Q4-3,2025-05-01,m3,29901.950848280994,34338.49522883743,26570.39303134463,60908.888260182066,5533.191830255009,1200.0,1200.0000000000018
Q4-3,2025-05-02,m3,11540.815817879511,11895.34658851099,14344.302672120972,26239.649260631963,4635.269344817843,1200.0000000000018,1200.0
Q4-3,2025-05-03,m3,10715.658228825603,11179.406637051723,15228.459568766382,26407.866205818107,4227.281452834827,1200.0,1200.0
Q4-3,2025-05-04,m3,32653.941113507877,32011.830242158456,27508.54070917426,59520.37095133272,6841.972301197118,1200.0,1199.9999999999964
Q4-3,2025-05-05,m3,32878.96390739622,34382.062551011426,31033.705254669425,65415.76780568085,6670.149292088197,1199.9999999999964,1200.0
Q4-3,2025-05-06,m3,33544.26893334866,40032.96654420061,11958.943387626252,51991.909931826856,2822.256832175924,1200.0,1200.0000000000018
Q4-3,2025-05-07,m3,33818.18802051273,39931.90963461283,19017.689838732083,58949.59947334491,3959.567239932714,1200.0000000000018,1200.0
Q4-3,2025-05-08,m3,33711.41756692967,35832.6624856954,21251.849028691573,57084.51151438698,5199.426409384848,1200.0,1200.0000000000018
Q4-3,2025-05-09,m3,12583.989220539232,13596.095854216323,3288.1632026202155,16884.259056836538,1296.3002707074293,1200.0000000000018,1200.0000000000018
Q4-3,2025-05-10,m3,10914.637452973519,12037.763797437208,12284.675796530786,24322.439593967996,3582.4342730608523,1200.0000000000018,1200.0000000000036
Q4-3,2025-05-11,m3,33756.750783242634,36802.01864171389,19131.756623533285,55933.775265247175,4597.092720160181,1200.0000000000036,1200.0000000000018
Q4-3,2025-05-12,m3,34243.50509993547,41758.478213001115,7145.319395485454,48903.797608486566,1814.272560837944,1200.0000000000018,1200.0
Q4-3,2025-05-13,m3,33437.89352797354,35051.86079418093,24564.40738065975,59616.26817484068,5418.575366573713,1200.0,1200.0000000000036
Q4-3,2025-05-14,m3,33134.166462296474,36374.90941589754,21549.32893205726,57924.2383479548,4767.512918963108,1200.0000000000036,1200.0000000000018
Q4-3,2025-05-15,m3,33464.268747822774,36061.027151846974,18952.98473845906,55014.011890306036,4293.348456155436,1200.0000000000018,1199.9999999999982
Q4-3,2025-05-16,m3,12329.64259608063,12691.26529961929,4005.6253854980578,16696.89068511735,1451.8364248286566,1199.9999999999982,1199.9999999999982
Q4-3,2025-05-17,m3,10868.983898861045,11531.421984951114,9799.459503632099,21330.88148858321,3669.056768790259,1199.9999999999982,1200.0000000000036
Q4-3,2025-05-18,m3,33025.831487454605,33567.49602184004,19397.26068930433,52964.756711144364,5113.640058744313,1200.0000000000036,1200.0000000000036
Q4-3,2025-05-19,m3,33039.10139695262,34731.780656675124,10279.928877813394,45011.70953448852,2235.395949580476,1200.0000000000036,1200.0000000000018
Q4-3,2025-05-20,m3,32444.67650843211,38208.92753185749,9683.666567626233,47892.59409948372,2006.703268160299,1200.0000000000018,1200.0000000000018
Q4-3,2025-05-21,m3,32379.73442075813,39435.11230716784,9820.030776495058,49255.14308366289,2251.0982785282463,1200.0000000000018,1200.0
Q4-3,2025-05-22,m3,32336.454312786882,35858.249675123836,12355.644538253031,48213.894213376865,2559.9046689449424,1200.0,1200.0
Q4-3,2025-05-23,m3,11907.085822046378,13394.632994996879,2634.7400825674968,16029.373077564374,1174.67342333922,1200.0,1199.9999999999982
Q4-3,2025-05-24,m3,10908.557849484898,11190.81937624038,5327.150587464528,16517.96996370491,1655.6547357418985,1199.9999999999982,1200.0000000000018
Q4-3,2025-05-25,m3,32141.331968120332,33866.70522590123,10407.740878528799,44274.446104430026,2496.8502162719205,1200.0000000000018,1200.0000000000036
Q4-3,2025-05-26,m3,32538.737297452797,41941.409983119695,9011.138408451527,50952.548391571225,2043.2821061666161,1200.0000000000036,1200.0000000000018
Q4-3,2025-05-27,m3,32491.262296377223,38647.02296443545,7755.243279480224,46402.26624391567,1859.9153440502123,1200.0000000000018,1200.0000000000018
Q4-3,2025-05-28,m3,32292.495647585725,35712.663561455396,14310.67033653433,50023.33389798972,3460.24690853632,1200.0000000000018,1200.0000000000018
Q4-3,2025-05-29,m3,32621.79129680439,37419.83427890261,15137.190172304838,52557.02445120744,3169.460044743835,1200.0000000000018,1200.0
Q4-3,2025-05-30,m3,12474.917053400233,13458.918203265735,2711.156459618732,16170.074662884468,1215.7476322448802,1200.0,1200.0000000000018
Q4-3,2025-05-31,m3,10647.351482390084,10545.882349233423,9784.787176729373,20330.669525962796,3397.6433263467898,1200.0000000000018,1200.0
Q4-3,2025-06-01,m3,35179.23476656004,35243.31349586891,99941.01547576797,135184.3289716369,22724.952919602772,1200.0,1200.0
Q4-3,2025-06-02,m3,36328.93678423015,36043.47445004217,77515.52812671119,113559.00257675335,18295.532375990835,1200.0,1200.0
Q4-3,2025-06-03,m3,39882.62268606026,42953.31710024923,39779.69600088787,82733.0131011371,8918.67161440051,1200.0,1200.0000000000018
Q4-3,2025-06-04,m3,40492.011064581784,39237.76338345091,67752.75929294342,106990.52267639432,16757.00655430321,1200.0000000000018,1200.0
Q4-3,2025-06-05,m3,43632.484599095005,48902.44888403414,28232.393507339035,77134.84239137317,6497.6870600085595,1200.0,1199.9999999999982
Q4-3,2025-06-06,m3,17214.431022847406,17587.59669370113,20326.79060839766,37914.38730209879,6518.914495938912,1199.9999999999982,1200.0000000000018
Q4-3,2025-06-07,m3,13918.25166395288,14774.242780788585,34666.683379820184,49440.92616060877,9767.278845261404,1200.0000000000018,1199.9999999999964
Q4-3,2025-06-08,m3,46005.38523767539,49345.55211522133,21992.3121987174,71337.86431393874,4146.617669542875,1199.9999999999964,1200.0000000000018
Q4-3,2025-06-09,m3,48218.34121947999,47356.91314112954,34006.15302899698,81363.06617012652,6983.1334379018535,1200.0000000000018,1200.0000000000018
Q4-3,2025-06-10,m3,48805.87803404659,54469.047353720845,12941.95623804447,67411.00359176531,3006.6625741880125,1200.0000000000018,1200.0
Q4-3,2025-06-11,m3,50274.265847294184,55485.1883297768,25867.17869160173,81352.36702137854,5087.655137070445,1200.0,1200.0000000000018
Q4-3,2025-06-12,m3,52356.20792138193,54989.955108700335,13924.842558350612,68914.79766705095,2768.4529465166866,1200.0000000000018,1200.0000000000018
Q4-3,2025-06-13,m3,20326.948742226105,22212.607465857753,2141.9785878578546,24354.586053715608,1025.892524880074,1200.0000000000018,1199.9999999999982
Q4-3,2025-06-14,m3,16271.875488136277,16968.055783033407,14022.717025913733,30990.772808947142,4620.011196410924,1199.9999999999982,1199.9999999999982
Q4-3,2025-06-15,m3,47299.89019930044,54996.06316662362,12488.075173529018,67484.13834015264,2297.297633481148,1199.9999999999982,1200.0000000000018
Q4-3,2025-06-16,m3,50499.57934576627,55666.51555000328,15209.41679097862,70875.9323409819,3316.1992492962263,1200.0000000000018,1200.0000000000018
Q4-3,2025-06-17,m3,51020.128004643295,57092.58479271236,21990.1820765323,79082.76686924466,4450.004104986844,1200.0000000000018,1200.0000000000018
Q4-3,2025-06-18,m3,51979.515807560805,56352.218190694344,9916.675890894538,66268.89408158888,2246.1337411842374,1200.0000000000018,1200.0000000000018
Q4-3,2025-06-19,m3,49163.147797000296,54464.32719243513,18333.812321158075,72798.1395135932,3602.0502898328045,1200.0000000000018,1200.0
Q4-3,2025-06-20,m3,20158.000321201747,21014.790825877288,1688.7245377299034,22703.515363607192,724.5496671704943,1200.0,1200.0000000000036
Q4-3,2025-06-21,m3,15771.268127995838,16284.51962602322,8511.963710395536,24796.483336418758,2619.277674574654,1200.0000000000036,1200.0
Q4-3,2025-06-22,m3,46876.40828891499,51576.970705103784,10371.834189442334,61948.80489454612,2248.311287889296,1200.0,1200.0000000000018
Q4-3,2025-06-23,m3,47832.549003602544,51319.4745617309,13184.978969049622,64504.45353078052,2708.3097401428704,1200.0000000000018,1200.0000000000018
Q4-3,2025-06-24,m3,49861.3924542349,50876.584696558086,37884.67483756814,88761.25953412623,8115.21238133112,1200.0000000000018,1200.0000000000018
Q4-3,2025-06-25,m3,48701.78368718595,55453.30952535417,9922.962054313997,65376.271579668166,2205.757272634867,1200.0000000000018,1200.0000000000018
Q4-3,2025-06-26,m3,47017.60864253041,52818.09834232339,15393.752254355348,68211.85059667873,3085.4355352299654,1200.0000000000018,1200.0000000000018
Q4-3,2025-06-27,m3,17425.576669927836,17074.78440344402,4262.392268065678,21337.176671509696,1643.6329343094308,1200.0000000000018,1200.0
Q4-3,2025-06-28,m3,15264.896893890098,15735.949345038998,8400.751876009464,24136.70122104846,2822.4222369483086,1200.0,1200.0000000000036
Q4-3,2025-06-29,m3,47500.94968466036,56485.088484581385,15381.625808703875,71866.71429328526,3115.933300747652,1200.0000000000036,1200.0
Q4-3,2025-06-30,m3,49011.96832025594,51756.089731210945,7281.726038568613,59037.815769779554,1719.1380220557262,1200.0,1200.0
Q4-3,2025-07-01,m3,54381.03520064903,61407.23263371689,38624.71636814915,100031.94900186604,8892.98512473415,1200.0,1200.0
Q4-3,2025-07-02,m3,53594.60404519526,56474.389275857,41205.45248535785,97679.84176121485,8959.037176413447,1200.0,1200.0000000000018
Q4-3,2025-07-03,m3,55094.565283716554,59340.70609601211,41898.30028640496,101239.00638241708,8226.613190873193,1200.0000000000018,1200.0000000000018
Q4-3,2025-07-04,m3,22297.071460862637,24469.53512801789,20840.900861095615,45310.43598911351,5675.76740896632,1200.0000000000018,1200.0
Q4-3,2025-07-05,m3,20267.516925150383,21031.01119190547,20899.2171202662,41930.22831217167,5815.534833797336,1200.0,1200.0
Q4-3,2025-07-06,m3,52994.15008370941,64425.30344062227,43682.45502669123,108107.7584673135,8220.482557403151,1200.0,1200.0
Q4-3,2025-07-07,m3,58080.44562313175,59852.91944310182,16099.286700397955,75952.20614349977,2956.5770877826862,1200.0,1200.0000000000018
Q4-3,2025-07-08,m3,60079.71051868669,61596.727745334734,14490.068058227404,76086.79580356214,2493.4640166237295,1200.0000000000018,1200.0
Q4-3,2025-07-09,m3,58176.72374847923,59093.122833406225,16837.500857039195,75930.62369044541,2696.7480225131662,1200.0,1200.0000000000018
Q4-3,2025-07-10,m3,58085.724855147266,62175.072877059516,12654.37034754908,74829.44322460859,2357.8084703055038,1200.0000000000018,1200.0000000000018
Q4-3,2025-07-11,m3,26578.189970984913,26495.059898968288,8448.70808431186,34943.76798328015,2890.461521929369,1200.0000000000018,1200.0
Q4-3,2025-07-12,m3,22576.65161498809,25535.897645662422,11012.985265901996,36548.88291156442,3277.8639505490955,1200.0,1200.0000000000036
Q4-3,2025-07-13,m3,55146.39144219225,53235.32595048706,34389.31709755343,87624.64304804048,6276.635940516819,1200.0000000000036,1200.0
Q4-3,2025-07-14,m3,54655.91396402696,57118.51991931627,16274.784670838217,73393.30459015448,3281.271765253532,1200.0,1200.0000000000018
Q4-3,2025-07-15,m3,56298.52598576432,55778.80493141176,20877.766356202384,76656.57128761415,4948.4004654640285,1200.0000000000018,1200.0000000000018
Q4-3,2025-07-16,m3,55450.354215417035,57391.83667506895,22888.32495266759,80280.16162773654,4368.063421332842,1200.0000000000018,1200.0000000000018
Q4-3,2025-07-17,m3,54610.690855206405,60152.34916695053,19171.307395633135,79323.65656258367,3618.2038962089327,1200.0000000000018,1200.0
Q4-3,2025-07-18,m3,25783.207573578322,25953.842817138346,14143.016241244508,40096.859058382855,4248.859360976049,1200.0,1200.0
Q4-3,2025-07-19,m3,22743.959432913412,22940.407940328532,15169.259359784726,38109.66730011326,4607.933011038254,1200.0,1200.0000000000018
Q4-3,2025-07-20,m3,53649.748805340634,55800.57733158139,20266.51275958164,76067.09009116303,4599.766733277185,1200.0000000000018,1200.0000000000018
Q4-3,2025-07-21,m3,54827.78826876103,57080.59604624343,18357.990634332575,75438.586680576,4117.108898002911,1200.0000000000018,1200.0000000000018
Q4-3,2025-07-22,m3,55980.72664791632,62318.23334918603,11663.384443496387,73981.61779268242,2351.0355315328584,1200.0000000000018,1200.0000000000018
Q4-3,2025-07-23,m3,54637.49646086831,52559.84550104002,49147.66482157496,101707.51032261498,9877.794910931232,1200.0000000000018,1200.0000000000018
Q4-3,2025-07-24,m3,55346.79520639338,53856.54979139152,37466.98559076304,91323.53538215456,7481.31192163804,1200.0000000000018,1200.0
Q4-3,2025-07-25,m3,25761.509283141575,26444.685344866408,2536.2599576398106,28980.945302506218,858.1762997226236,1200.0,1200.0
Q4-3,2025-07-26,m3,23371.635754841172,24319.617741625516,7429.1736323947625,31748.79137402028,2717.083211118311,1200.0,1200.0
Q4-3,2025-07-27,m3,54525.33479765171,58615.003307695304,18266.546301573733,76881.54960926904,3548.1550298735247,1200.0,1200.0000000000018
Q4-3,2025-07-28,m3,55174.33309295986,59529.63670379385,19608.71819538467,79138.35489917852,4277.022849292532,1200.0000000000018,1200.0000000000018
Q4-3,2025-07-29,m3,55963.83789527674,65325.46826303643,8953.97249013326,74279.44075316969,1593.1820464001198,1200.0000000000018,1200.0
Q4-3,2025-07-30,m3,55753.77422959352,70551.81847295415,7683.33735142535,78235.1558243795,1549.2653794873593,1200.0,1200.0
Q4-3,2025-07-31,m3,55975.51250282285,63889.736590000044,9454.776445176929,73344.51303517698,1685.8774304058152,1200.0,1200.0
Q4-3,2025-08-01,m3,24940.814494260885,25130.840805001633,1627.610838403505,26758.45164340514,457.0614228870593,1200.0,1200.0
Q4-3,2025-08-02,m3,23134.230537797426,23417.46942888613,8473.871393964868,31891.340822850994,2458.9811742508696,1200.0,1200.0
Q4-3,2025-08-03,m3,53198.71149321819,55907.09754128356,9751.91016103013,65659.00770231368,1860.1444528497336,1200.0,1200.0
Q4-3,2025-08-04,m3,53025.388488296674,56042.28236674405,16735.141817050913,72777.42418379497,3625.737469731085,1200.0,1200.0000000000018
Q4-3,2025-08-05,m3,52079.75543270754,56900.49967564373,7840.470912104647,64740.97058774838,1757.6777499000054,1200.0000000000018,1200.0
Q4-3,2025-08-06,m3,51412.73500061146,52108.368171012255,38045.310035550174,90153.67820656243,7538.045282799349,1200.0,1200.0
Q4-3,2025-08-07,m3,50677.69117389857,51633.92412126598,16459.280399940024,68093.204521206,4186.449537451645,1200.0,1200.0
Q4-3,2025-08-08,m3,23497.61318419363,23987.420161806065,2174.030023514728,26161.45018532079,718.2341647265704,1200.0,1200.0
Q4-3,2025-08-09,m3,21959.733634084958,22529.34412653214,5239.78149068789,27769.12561722003,1837.1571008499727,1200.0,1200.0
Q4-3,2025-08-10,m3,47571.483195520406,48653.00421374241,35572.46043772303,84225.46465146545,7498.346431140214,1200.0,1200.0
Q4-3,2025-08-11,m3,48635.06714446417,53579.181954156746,11030.284944898696,64609.46689905544,2350.5594688919305,1200.0,1200.0000000000018
Q4-3,2025-08-12,m3,49637.800730703515,52243.20403395979,25450.708388992938,77693.91242295272,5359.502327291961,1200.0000000000018,1200.0000000000018
Q4-3,2025-08-13,m3,49487.78658642805,55326.43350635687,10203.129084299479,65529.56259065635,2124.9228505573574,1200.0000000000018,1200.0000000000018
Q4-3,2025-08-14,m3,49027.979007104215,53973.56277862608,18130.399169537806,72103.9619481639,3539.881727610623,1200.0000000000018,1200.0
Q4-3,2025-08-15,m3,23397.827754656115,23570.127452908877,7815.1966671053715,31385.324120014247,2799.3815918002742,1200.0,1200.0000000000036
Q4-3,2025-08-16,m3,21923.89571070301,22011.35109563326,16690.85041825511,38702.20151388837,5389.441608212584,1200.0000000000036,1200.0
Q4-3,2025-08-17,m3,47887.76972947299,49503.36177264912,16377.445712343555,65880.80748499268,3752.6946113613158,1200.0,1200.0000000000018
Q4-3,2025-08-18,m3,48974.155573411794,51051.94046500039,23042.851735046697,74094.79220004709,4310.679967167796,1200.0000000000018,1200.0
Q4-3,2025-08-19,m3,49340.48762375636,52415.52390415425,12037.48935239562,64453.01325654987,2392.636120834084,1200.0,1200.0
Q4-3,2025-08-20,m3,49228.17960445103,51549.52882144156,38900.67706511164,90450.2058865532,8555.536853481877,1200.0,1200.0000000000018
Q4-3,2025-08-21,m3,49394.11216944246,49921.49546518336,20914.70527876602,70836.20074394939,4337.565670048724,1200.0000000000018,1200.0000000000018
Q4-3,2025-08-22,m3,23835.154209570963,24153.021713309317,6856.789149576622,31009.81086288594,2623.2648549544683,1200.0000000000018,1200.0000000000036
Q4-3,2025-08-23,m3,22229.52757717681,23592.23500917552,7797.972745303644,31390.207754479165,2524.741068096524,1200.0000000000036,1200.0
Q4-3,2025-08-24,m3,48132.93863741157,50947.45164491231,19891.66185841916,70839.11350333146,3809.1474078365286,1200.0,1200.0000000000018
Q4-3,2025-08-25,m3,49830.38870368069,48397.24116277403,46419.393060128175,94816.63422290221,12325.643245017229,1200.0000000000018,1200.0000000000018
Q4-3,2025-08-26,m3,50371.20285338635,53168.063604224335,14641.9399658347,67810.00357005904,2868.801935880537,1200.0000000000018,1200.0000000000018
Q4-3,2025-08-27,m3,50139.68866369089,57017.037717600135,17519.00146162032,74536.03917922045,3233.3594577259933,1200.0000000000018,1200.0
Q4-3,2025-08-28,m3,49806.31088003601,58403.71567979113,22862.503674022606,81266.21935381374,4638.123604093711,1200.0,1200.0000000000018
Q4-3,2025-08-29,m3,24306.246071704954,24559.949305405316,6326.86835323655,30886.817658641867,2507.013333824695,1200.0000000000018,1200.0000000000018
Q4-3,2025-08-30,m3,22432.904079232743,22879.31519727997,17056.82168557343,39936.1368828534,5252.510156010871,1200.0000000000018,1200.0
Q4-3,2025-08-31,m3,47795.24971507282,52845.89385761245,18224.087139595897,71069.98099720835,3820.317387907804,1200.0,1200.0000000000018
Q4-3,2025-09-01,m3,44494.744610966314,44790.64185212844,5913.874732461672,50704.516584590114,2269.2261103332976,1200.0000000000018,1200.0
Q4-3,2025-09-02,m3,42017.068117614486,46053.553876970276,2530.1480292323763,48583.70190620265,478.88133171721483,1200.0,1200.0000000000018
Q4-3,2025-09-03,m3,42980.089565001326,44148.26635476628,1674.9189498438004,45823.18530461008,402.01383577350816,1200.0000000000018,1200.0000000000018
Q4-3,2025-09-04,m3,40093.77426598889,40548.69107856527,9093.334864390792,49642.02594295607,1843.4164540828951,1200.0000000000018,1200.0
Q4-3,2025-09-05,m3,17985.2345505208,18322.84389244007,21.452427305767262,18344.296319745838,12.147467330559039,1200.0,1200.0000000000018
Q4-3,2025-09-06,m3,14887.931503046782,15289.329967245454,4521.680884887271,19811.010852132724,1933.4795599805493,1200.0000000000018,1200.0
Q4-3,2025-09-07,m3,36902.58633559811,42091.79866616974,7389.533891380102,49481.332557549846,1378.8850372694449,1200.0,1200.0000000000018
Q4-3,2025-09-08,m3,35848.109457327584,38575.528486805626,24907.757290738053,63483.28577754368,5721.938077427501,1200.0000000000018,1200.0
Q4-3,2025-09-09,m3,36531.22094967215,41939.261267030466,11972.218626369046,53911.47989339951,2231.2000418451507,1200.0,1200.0
Q4-3,2025-09-10,m3,37361.17087477428,39763.62059665756,31460.643247115087,71224.26384377264,7173.565216671113,1200.0,1200.0000000000018
Q4-3,2025-09-11,m3,37708.310073366156,38336.25182364823,22552.175571011907,60888.42739466013,5218.897841314557,1200.0000000000018,1199.9999999999982
Q4-3,2025-09-12,m3,16576.230619254435,17203.83918457813,2289.1626507244337,19493.001835302563,785.0635598666858,1199.9999999999982,1200.0000000000018
Q4-3,2025-09-13,m3,14807.583314182046,15531.523472641633,3282.342334841039,18813.86580748267,1656.5195335914273,1200.0000000000018,1200.0
Q4-3,2025-09-14,m3,37819.43780933507,37249.83732097093,34697.381476837276,71947.21879780821,7799.368824377174,1200.0,1200.0000000000018
Q4-3,2025-09-15,m3,37875.797055013565,41898.50975174486,11789.376747682898,53687.886499427754,2312.082259525192,1200.0000000000018,1200.0000000000018
Q4-3,2025-09-16,m3,37658.577489064,38000.05293490118,32306.210800018576,70306.26373491975,8304.347383488708,1200.0000000000018,1200.0
Q4-3,2025-09-17,m3,39173.42219661518,40258.53711584143,23508.674957618758,63767.212073460185,5078.592362630154,1200.0,1199.9999999999982
Q4-3,2025-09-18,m3,37434.90732696821,45443.790093791446,14749.601029583966,60193.39112337541,2912.784246754405,1199.9999999999982,1200.0000000000018
Q4-3,2025-09-19,m3,17453.891668370372,18312.866949309966,1689.6135048665817,20002.480454176548,939.5949534009976,1200.0000000000018,1200.0
Q4-3,2025-09-20,m3,14985.003769277027,15633.719756366709,6925.663258806299,22559.383015173007,2565.19492708614,1200.0,1200.0000000000036
Q4-3,2025-09-21,m3,39828.8077636474,41626.88567890971,14324.809310155659,55951.69498906537,2924.9967477909313,1200.0000000000036,1199.9999999999982
Q4-3,2025-09-22,m3,39360.01800992315,38880.091548857126,37698.13710067196,76578.22864952908,9210.61133370021,1199.9999999999982,1200.0
Q4-3,2025-09-23,m3,39152.11062303645,40108.17003583656,27407.918127105862,67516.08816294243,5857.557140836476,1200.0,1199.9999999999982
Q4-3,2025-09-24,m3,40177.91503830896,48564.956458017456,10848.976508398304,59413.932966415756,2553.1286400893387,1199.9999999999982,1199.9999999999982
Q4-3,2025-09-25,m3,39702.46931976607,44570.002989622364,13476.961192928156,58046.964182550524,3179.621336641062,1199.9999999999982,1200.0000000000018
Q4-3,2025-09-26,m3,17290.0910166627,17676.717181172055,2877.854223282223,20554.571404454276,1243.5181058262897,1200.0000000000018,1200.0
Q4-3,2025-09-27,m3,15386.409165401757,16865.251418563832,4726.121499659002,21591.372918222834,1686.4490588992708,1200.0,1200.0000000000018
Q4-3,2025-09-28,m3,40092.654251365806,46836.38700255214,12561.041997689015,59397.42900024116,2687.530112006194,1200.0000000000018,1200.0
Q4-3,2025-09-29,m3,40225.81710897101,39730.0914302795,30441.635839783798,70171.7272700633,6650.763864796378,1200.0,1200.0000000000018
Q4-3,2025-09-30,m3,40721.97127435531,45628.57611662679,23872.644384472813,69501.2205010996,5180.121033631303,1200.0000000000018,1199.9999999999982
Q4-3,2025-10-01,m3,40081.52458346347,41300.81062002382,3820.881221689456,45121.69184171328,1062.5760879323984,1199.9999999999982,1200.0
Q4-3,2025-10-02,m3,35832.162723866015,34679.21512306275,18156.873563665853,52836.0886867286,4307.9360084670625,1200.0,1200.0
Q4-3,2025-10-03,m3,14356.07505251436,15861.308143407448,869.7910054729736,16731.09914888042,470.534320463854,1200.0,1200.0
Q4-3,2025-10-04,m3,13368.292600120687,13584.368352069525,7151.057817097267,20735.426169166793,2760.683969695237,1200.0,1200.0000000000073
Q4-3,2025-10-05,m3,37092.04751609577,36864.26519919562,14432.5237193607,51296.788918556325,3930.9724976795687,1200.0000000000073,1200.0
Q4-3,2025-10-06,m3,38257.1332265998,45264.21751626108,6685.995496352193,51950.213012613276,1462.800892507873,1200.0,1199.9999999999964
Q4-3,2025-10-07,m3,37107.75430251911,42373.80530138195,4365.9189301685265,46739.72423155048,1047.7241043560803,1199.9999999999964,1199.9999999999982
Q4-3,2025-10-08,m3,34938.387804314625,38466.01116126981,15103.044887176278,53569.05604844609,3241.862179853579,1199.9999999999982,1200.0
Q4-3,2025-10-09,m3,35619.95051477055,34632.511723169395,32643.520072771724,67276.03179594112,8127.480965148032,1200.0,1200.0000000000036
Q4-3,2025-10-10,m3,14115.59619707882,14296.154283459726,3963.2900578928648,18259.44434135259,1695.3660000292566,1200.0000000000036,1200.0
Q4-3,2025-10-11,m3,12803.503638042584,13359.461982675459,5314.554580271648,18674.01656294711,2428.1749925705053,1200.0,1200.0000000000018
Q4-3,2025-10-12,m3,35621.39947737291,37901.07922545364,17460.43830773705,55361.517533190694,3525.061955983395,1200.0000000000018,1200.0
Q4-3,2025-10-13,m3,37739.36063509918,39114.769765572906,22970.38667327382,62085.15643884672,5546.453676427168,1200.0,1199.9999999999982
Q4-3,2025-10-14,m3,38495.19118127616,40054.91567160154,23978.93792835588,64033.85359995742,5808.5782238224,1199.9999999999982,1200.0
Q4-3,2025-10-15,m3,36093.413049838055,36309.74479002288,43047.91699689712,79357.66178692,10373.681344110271,1200.0,1200.0
Q4-3,2025-10-16,m3,37094.203849151876,40410.68333555984,31846.92423276871,72257.60756832856,6922.177156420872,1200.0,1200.0
Q4-3,2025-10-17,m3,15029.547871451297,18448.27769751264,1570.9929405783937,20019.270638091035,862.0891741963503,1200.0,1199.9999999999982
Q4-3,2025-10-18,m3,13445.29475211127,14264.940538628347,4889.094627206107,19154.035165834455,2063.131828551966,1199.9999999999982,1200.0000000000018
Q4-3,2025-10-19,m3,38347.22350185459,40054.63423550057,32079.545261922678,72134.17949742325,6742.052240909321,1200.0000000000018,1200.0000000000036
Q4-3,2025-10-20,m3,41189.886626810374,41043.23908279035,27117.049272536504,68160.28835532686,5620.096139121266,1200.0000000000036,1200.0
Q4-3,2025-10-21,m3,42597.5817561126,45363.80773088295,15573.249549828284,60937.05728071123,3774.6271046658753,1200.0,1200.0000000000018
Q4-3,2025-10-22,m3,39597.90630127954,43347.89799394206,22892.07020631713,66239.96820025919,4548.96242385921,1200.0000000000018,1200.0000000000018
Q4-3,2025-10-23,m3,40123.37451980821,39436.557041392596,38610.23378962968,78046.79083102228,10393.072821194624,1200.0000000000018,1200.0000000000018
Q4-3,2025-10-24,m3,14818.233792708304,16129.241411199588,3474.8617054978304,19604.103116697417,1436.340962664562,1200.0000000000018,1200.0
Q4-3,2025-10-25,m3,13913.981722979348,14806.019877710929,5337.627604600433,20143.64748231136,2058.5393596315434,1200.0,1200.0000000000036
Q4-3,2025-10-26,m3,42170.89646346672,42256.99523096413,26080.91546000124,68337.91069096536,6300.857716377821,1200.0000000000036,1199.9999999999964
Q4-3,2025-10-27,m3,43071.354085891006,49041.55834589027,7954.681772544379,56996.240118434645,1732.0670469911397,1199.9999999999964,1200.0000000000018
Q4-3,2025-10-28,m3,43915.35163333881,50662.10445732964,8557.916585478106,59220.02104280774,1823.031610649551,1200.0000000000018,1200.0
Q4-3,2025-10-29,m3,41662.15300083526,44457.594365438614,28963.113807431506,73420.70817287012,6818.404314540833,1200.0,1200.0
Q4-3,2025-10-30,m3,43454.552700973785,48445.23602146899,11194.182994052144,59639.41901552113,2426.021545044125,1200.0,1199.9999999999982
Q4-3,2025-10-31,m3,15652.837171893483,16403.931585296756,6127.736452465552,22531.66803776231,2262.790741436316,1199.9999999999982,1199.9999999999964
Q4-3,2025-11-01,m3,13573.161145579468,14569.71595682677,4875.3586731279065,19445.074629954677,1683.651548926443,1199.9999999999964,1200.0
Q4-3,2025-11-02,m3,43545.172036862146,48017.87929571353,20278.849879876107,68296.72917558963,4122.087412873171,1200.0,1200.0000000000018
Q4-3,2025-11-03,m3,45977.098802065346,45976.240946012,20104.860491736075,66081.10143774808,5305.344906649614,1200.0000000000018,1200.0000000000018
Q4-3,2025-11-04,m3,46724.14868580315,51721.843867853975,8676.70513470319,60398.54900255716,1809.2308746768076,1200.0000000000018,1199.9999999999982
Q4-3,2025-11-05,m3,46751.32966756028,46653.62137354308,27409.85245224436,74063.47382578744,6771.877160292992,1199.9999999999982,1200.0
Q4-3,2025-11-06,m3,47163.67400733233,52169.26067646571,13710.60579457997,65879.86647104568,3191.616199314083,1200.0,1200.0000000000018
Q4-3,2025-11-07,m3,16153.246713643795,18406.214794313866,1242.0370894778625,19648.25188379173,625.3901076760797,1200.0000000000018,1200.0
Q4-3,2025-11-08,m3,14312.039470904845,14983.30661104521,5683.812476144606,20667.119087189814,1719.053186771635,1200.0,1200.0000000000036
Q4-3,2025-11-09,m3,47233.82235044171,50094.57540347437,15037.035726642214,65131.61113011659,3216.4247685418077,1200.0000000000036,1200.0000000000018
Q4-3,2025-11-10,m3,49040.909076591786,54611.67147929506,19544.298996824018,74155.97047611908,4073.507625928084,1200.0000000000018,1200.0000000000018
Q4-3,2025-11-11,m3,49271.19499733262,48901.05582076693,16561.032748549354,65462.088569316285,3415.6211195087735,1200.0000000000018,1200.0
Q4-3,2025-11-12,m3,49372.31297296481,53699.825301646604,9652.224671401154,63352.04997304776,2117.74418150483,1200.0,1200.0
Q4-3,2025-11-13,m3,49485.97560031884,55156.96825666077,9768.903869800999,64925.87212646177,2153.1047235763385,1200.0,1200.0
Q4-3,2025-11-14,m3,16913.740008518977,18791.305251358805,972.2138913387612,19763.519142697565,490.0455669746001,1200.0,1200.0
Q4-3,2025-11-15,m3,14806.930669770576,15130.790628743107,11870.430558551547,27001.221187294654,3367.074957228917,1200.0,1200.0000000000018
Q4-3,2025-11-16,m3,50733.24904994808,57150.7968418501,9609.895035262256,66760.69187711235,2024.382761847061,1200.0000000000018,1200.0000000000036
Q4-3,2025-11-17,m3,51750.988579815676,61660.202152238184,5050.504119500538,66710.70627173872,1122.6865451418362,1200.0000000000036,1200.0
Q4-3,2025-11-18,m3,51427.40706882137,56151.44827367176,12484.279272670465,68635.72754634223,2604.5597678844783,1200.0,1200.0
Q4-3,2025-11-19,m3,52164.410905195386,61349.997532271605,8750.328342445224,70100.32587471683,2039.5938430812912,1200.0,1200.0
Q4-3,2025-11-20,m3,52611.55438302589,59149.49654118557,8221.386170063943,67370.8827112495,1826.7273430228454,1200.0,1199.9999999999964
Q4-3,2025-11-21,m3,17650.244237029074,21075.699970516864,1746.8231543971015,22822.523124913965,893.9634734255673,1199.9999999999964,1200.0
Q4-3,2025-11-22,m3,14811.449373992524,15295.762515762699,9208.08493274071,24503.84744850341,2906.710491519193,1200.0,1200.0
Q4-3,2025-11-23,m3,53157.9037524151,60231.45585777573,8198.592732672994,68430.04859044871,1709.6010724528273,1200.0,1200.0
Q4-3,2025-11-24,m3,52953.88563759597,58362.75552016607,7305.198080236554,65667.95360040263,1595.1047913011876,1200.0,1200.0
Q4-3,2025-11-25,m3,52657.581050906054,51363.06925535172,28679.318603923373,80042.3878592751,6253.582483881113,1200.0,1200.0
Q4-3,2025-11-26,m3,53226.052876095055,57443.52898380579,14455.578928891386,71899.10791269717,3193.3101539607032,1200.0,1200.0
Q4-3,2025-11-27,m3,54165.20134778313,59886.49822636513,7695.532096493361,67582.0303228585,1691.5530550076924,1200.0,1200.0
Q4-3,2025-11-28,m3,17288.46399379966,19544.934722870046,1423.2381503055958,20968.17287317564,623.6698521236498,1200.0,1200.0000000000018
Q4-3,2025-11-29,m3,15304.718739470642,15734.70838243843,18063.374252206504,33798.08263464493,5683.521754989471,1200.0000000000018,1200.0000000000018
Q4-3,2025-11-30,m3,54584.756230010666,60835.74973288735,11727.070392403573,72562.82012529092,2657.3248083639983,1200.0000000000018,1200.0000000000036
Q4-3,2025-12-01,m3,59501.50071949008,59130.45621488892,52670.581073117224,111801.03728800615,10643.81218499146,1200.0000000000036,1200.0000000000018
Q4-3,2025-12-02,m3,62380.861346610865,63015.891577767245,45517.77915683956,108533.6707346068,9307.38197129851,1200.0000000000018,1200.0
Q4-3,2025-12-03,m3,63376.052807593645,75335.21498498379,14390.534399555865,89725.74938453965,3326.3134039970637,1200.0,1200.0000000000018
Q4-3,2025-12-04,m3,64093.119078532,65338.15778074688,32868.10201232685,98206.25979307372,6360.006449779464,1200.0000000000018,1200.0
Q4-3,2025-12-05,m3,23255.35661651979,25989.059278685774,6372.643822339232,32361.703101025007,2448.0595003506687,1200.0,1200.0
Q4-3,2025-12-06,m3,19332.84378757682,20554.549149705086,16024.385096421589,36578.93424612668,4926.097182408112,1200.0,1200.0000000000036
Q4-3,2025-12-07,m3,68307.06145480445,67413.46118966857,21245.064910140463,88658.52609980904,4173.783975333389,1200.0000000000036,1200.0000000000018
Q4-3,2025-12-08,m3,69783.49079850742,70929.94562816278,8149.319720347059,79079.26534850984,1528.583131139612,1200.0000000000018,1200.0000000000018
Q4-3,2025-12-09,m3,68872.1193782707,69147.22428484981,10947.944250644778,80095.1685354946,1858.2631900325398,1200.0000000000018,1200.0000000000018
Q4-3,2025-12-10,m3,69394.71711179132,75423.56643464946,8706.462877132733,84130.02931178219,1757.3433023618531,1200.0000000000018,1200.0000000000018
Q4-3,2025-12-11,m3,67001.07748953665,67763.52159956815,10796.860035330868,78560.38163489902,2245.3112978390172,1200.0000000000018,1200.0000000000018
Q4-3,2025-12-12,m3,24121.067139250474,28268.243907630545,6548.375248156219,34816.619155786764,2633.4546644204306,1200.0000000000018,1200.0000000000018
Q4-3,2025-12-13,m3,22059.428677777287,23713.569345533302,11237.253809385658,34950.82315491896,3136.024348656852,1200.0000000000018,1200.0000000000018
Q4-3,2025-12-14,m3,69222.1927399869,78227.85144073293,6750.607787867732,84978.45922860067,1176.1851648626491,1200.0000000000018,1199.9999999999982
Q4-3,2025-12-15,m3,70181.76424998319,80553.72681009297,4689.713830319035,85243.440640412,860.9896096458837,1199.9999999999982,1200.0000000000036
Q4-3,2025-12-16,m3,69724.17029199471,72028.50546344598,9881.556277894913,81910.06174134089,1750.6445232957753,1200.0000000000036,1200.0000000000018
Q4-3,2025-12-17,m3,69385.8393907372,69168.11237417927,12510.752464586352,81678.86483876561,2476.7690089677308,1200.0000000000018,1200.0
Q4-3,2025-12-18,m3,67941.38763401785,73143.53797692616,8460.063219425148,81603.60119635132,1594.3923576079237,1200.0,1200.0000000000018
Q4-3,2025-12-19,m3,25987.181844452323,29778.463495676617,3500.5659605986702,33279.02945627529,1496.5114014306287,1200.0000000000018,1200.0000000000018
Q4-3,2025-12-20,m3,22163.487017799176,22972.618460800837,8216.069990427859,31188.688451228696,2677.5329364155173,1200.0000000000018,1199.9999999999982
Q4-3,2025-12-21,m3,68439.51023756462,71661.6410902812,12826.4164720449,84488.05756232611,2477.413235892332,1199.9999999999982,1200.0
Q4-3,2025-12-22,m3,70765.04225629626,75909.4411292476,8034.528011661071,83943.96914090867,1522.4761866656904,1200.0,1200.0
Q4-3,2025-12-23,m3,69817.75928856806,70187.98234537036,8117.50056328639,78305.48290865675,1434.2773734775114,1200.0,1200.0
Q4-3,2025-12-24,m3,67014.1564946293,69794.25132992283,12885.405670954695,82679.65700087753,2402.5158745568187,1200.0,1200.0
Q4-3,2025-12-25,m3,67633.01443132313,74449.21515581364,8849.389293587803,83298.60444940143,1699.910060199043,1200.0,1199.9999999999982
Q4-3,2025-12-26,m3,25238.103574145818,28685.57045958929,3560.094395463775,32245.664855053066,1403.9866662719446,1199.9999999999982,1200.0000000000036
Q4-3,2025-12-27,m3,21857.813884029514,24551.791052062865,5623.646534717362,30175.437586780226,1849.409617541126,1200.0000000000036,1200.0000000000018
Q4-3,2025-12-28,m3,68135.99429526378,70973.37920970826,7566.906872829017,78540.28608253728,1406.3608738233625,1200.0000000000018,1200.0000000000018
Q4-3,2025-12-29,m3,68660.18087945615,75618.7245827554,4569.250796570506,80187.9753793259,877.4258524326735,1200.0000000000018,1200.0000000000018
Q4-3,2025-12-30,m3,67636.76303935533,69832.83800488836,5889.020272577807,75721.85827746616,1145.2720366028407,1200.0000000000018,1200.0
Q4-3,2025-12-31,m3,69607.48391579755,72772.12047627404,14769.011966287877,87541.13244256191,2858.7365609606977,1200.0,6000.000000000002
