date,method,plan_cost_yuan,contract_cost_yuan,emergency_cost_yuan,total_cost_yuan,emergency_kwh,mean_reserve_kw,soc_start_kwh,soc_end_kwh
2025-02-01,m1,23830.85286065196,23830.85286065196,2257.907002468369,26088.75986312033,763.259201988555,0.0,1200.0000000000082,1200.000000000001
2025-02-02,m1,55136.339164578036,55136.339164578036,4475.408588147436,59611.747752725474,829.4201216224249,0.0,1200.000000000001,1200.000000000001
2025-02-03,m1,52659.305411228415,52659.305411228415,7755.89366219936,60415.19907342778,1695.5023760132071,0.0,1200.000000000001,1200.0000000000014
2025-02-04,m1,52427.84535308702,52427.84535308702,13697.156658535978,66125.002011623,2979.255058336392,0.0,1200.0000000000014,1199.9999999999977
2025-02-05,m1,52432.64647623292,52432.64647623292,11400.34173596213,63832.98821219505,2538.665925851069,0.0,1199.9999999999977,1200.0000000000057
2025-02-06,m1,52430.58691911067,52430.58691911067,10849.51872939943,63280.1056485101,2263.1059671803723,0.0,1200.0000000000057,1200.000000000005
2025-02-07,m1,24883.495275244837,24883.495275244837,2879.080427299929,27762.575702544767,974.9548676124172,0.0,1200.000000000005,1199.9999999999923
2025-02-08,m1,21167.396591688797,21167.396591688797,4717.11852727538,25884.515118964177,1500.37881614237,0.0,1199.9999999999923,1200.0000000000014
2025-02-09,m1,50899.92349503124,50899.92349503124,11269.307100802487,62169.230595833724,2538.4413320103786,0.0,1200.0000000000014,1199.9999999999986
2025-02-10,m1,50784.41163790908,50784.41163790908,7897.275264753379,58681.686902662455,1790.5172527630657,0.0,1199.9999999999986,1200.0000000000034
2025-02-11,m1,49822.068660739045,49822.068660739045,9691.606843677648,59513.67550441669,1942.0128802428603,0.0,1200.0000000000034,1200.0
2025-02-12,m1,49852.415160435354,49852.415160435354,10760.798253397348,60613.2134138327,2338.8012263359183,0.0,1200.0,1200.0000000000025
2025-02-13,m1,48816.966168461724,48816.966168461724,7698.503783232155,56515.46995169388,1740.0517883713692,0.0,1200.0000000000025,1200.0000000000077
2025-02-14,m1,21489.564858472826,21489.564858472826,4278.581530879699,25768.146389352525,1488.5503644804066,0.0,1200.0000000000077,1200.000000000006
2025-02-15,m1,19435.249347421635,19435.249347421635,6056.722514502757,25491.971861924394,1911.1541887824046,0.0,1200.000000000006,1200.0000000000077
2025-02-16,m1,48005.81687252762,48005.81687252762,12804.389398271962,60810.20627079958,2810.1132560087303,0.0,1200.0000000000077,1200.0000000000007
2025-02-17,m1,46742.24862446853,46742.24862446853,8713.37232832803,55455.620952796555,1979.5097505734138,0.0,1200.0000000000007,1200.0000000000055
2025-02-18,m1,45919.58585591243,45919.58585591243,11380.741478741445,57300.32733465388,2459.45232016075,0.0,1200.0000000000055,1200.0000000000114
2025-02-19,m1,45491.91923574668,45491.91923574668,18148.65372046493,63640.57295621161,4035.3126827964943,0.0,1200.0000000000114,1200.0
2025-02-20,m1,45824.89277155746,45824.89277155746,11585.339880647905,57410.23265220536,2505.4289692561442,0.0,1200.0,1200.0000000000027
2025-02-21,m1,20749.369989179908,20749.369989179908,3583.582397492949,24332.952386672856,1382.5778314696427,0.0,1200.0000000000027,1199.9999999999968
2025-02-22,m1,18541.880327290703,18541.880327290703,6409.306266717493,24951.186594008195,1886.9741047848288,0.0,1199.9999999999968,1200.0000000000132
2025-02-23,m1,45628.70182641788,45628.70182641788,11583.940287657408,57212.64211407529,2560.0678477744273,0.0,1200.0000000000132,1200.0000000000073
2025-02-24,m1,44394.1190905794,44394.1190905794,10690.864293825442,55084.98338440484,2329.5273566055494,0.0,1200.0000000000073,1200.0000000000102
2025-02-25,m1,44238.22063139609,44238.22063139609,8810.112594788072,53048.333226184164,2050.368944696833,0.0,1200.0000000000102,1200.000000000005
2025-02-26,m1,42861.98722030055,42861.98722030055,14814.66850843804,57676.655728738595,3463.6466238547,0.0,1200.000000000005,1199.999999999997
2025-02-27,m1,42833.28538801096,42833.28538801096,15355.207591405748,58188.49297941671,3069.9536121111432,0.0,1199.999999999997,1199.9999999999977
2025-02-28,m1,20025.507400574985,20025.507400574985,2154.694298746833,22180.201699321817,903.8292696625551,0.0,1199.9999999999977,1199.999999999987
2025-03-01,m1,17910.955156082942,17910.955156082942,5478.907752333975,23389.862908416915,1383.2516954792088,0.0,1199.999999999987,1199.9999999999977
2025-03-02,m1,42399.59154137212,42399.59154137212,29498.09995894162,71897.69150031374,7025.28477709771,0.0,1199.9999999999977,1199.999999999997
2025-03-03,m1,41794.060408396515,41794.060408396515,31271.061251526608,73065.12165992313,7237.807509714894,0.0,1199.999999999997,1199.9999999999943
2025-03-04,m1,43120.95835369876,43120.95835369876,13204.662856777451,56325.621210476216,3283.4166356250935,0.0,1199.9999999999943,1199.9999999999952
2025-03-05,m1,42597.67829182259,42597.67829182259,10732.273349815343,53329.951641637934,2336.287855944146,0.0,1199.9999999999952,1199.999999999997
2025-03-06,m1,41820.36830324948,41820.36830324948,11293.537148814103,53113.905452063584,2637.061366344142,0.0,1199.999999999997,1200.0000000000002
2025-03-07,m1,18402.4904185028,18402.4904185028,2817.5565589355047,21220.046977438302,907.1054068722046,0.0,1200.0000000000002,1200.000000000009
2025-03-08,m1,16813.37316476853,16813.37316476853,3063.4118355780583,19876.78500034659,977.4924775973577,0.0,1200.000000000009,1200.000000000008
2025-03-09,m1,43878.64077908844,43878.64077908844,9014.329658378922,52892.97043746736,2060.212276756361,0.0,1200.000000000008,1200.0000000000043
2025-03-10,m1,41325.6835955414,41325.6835955414,16576.133628821393,57901.81722436279,4260.462116636363,0.0,1200.0000000000043,1200.0000000000032
2025-03-11,m1,41407.198144489535,41407.198144489535,10909.682285829545,52316.880430319085,2593.336782428357,0.0,1200.0000000000032,1199.999999999997
2025-03-12,m1,40227.05640545687,40227.05640545687,12012.98724074721,52240.04364620408,2913.1317649013154,0.0,1199.999999999997,1199.9999999999923
2025-03-13,m1,39656.68194084349,39656.68194084349,24809.073016161674,64465.75495700516,6199.399142911803,0.0,1199.9999999999923,1200.0000000000007
2025-03-14,m1,17738.35610690571,17738.35610690571,2482.190033412693,20220.5461403184,880.3493212707749,0.0,1200.0000000000007,1200.000000000003
2025-03-15,m1,15578.990898572694,15578.990898572694,8998.276828924623,24577.267727497318,2372.0559717505057,0.0,1200.000000000003,1199.999999999998
2025-03-16,m1,41148.174354979266,41148.174354979266,11183.642089876412,52331.81644485568,2669.9775977636928,0.0,1199.999999999998,1200.0000000000014
2025-03-17,m1,40410.2033399164,40410.2033399164,7729.733798666091,48139.93713858249,1789.8780529837427,0.0,1200.0000000000014,1199.9999999999977
2025-03-18,m1,39052.666081681906,39052.666081681906,13297.29632805923,52349.962409741136,2835.9933117741743,0.0,1199.9999999999977,1200.0000000000025
2025-03-19,m1,38535.39006138833,38535.39006138833,10617.06437060424,49152.45443199257,2531.562774992071,0.0,1200.0000000000025,1200.000000000008
2025-03-20,m1,38618.036120639874,38618.036120639874,13086.932059497254,51704.968180137126,3162.24997761911,0.0,1200.000000000008,1200.0000000000055
2025-03-21,m1,17556.966602826644,17556.966602826644,2232.3926798386683,19789.35928266531,813.9048304599271,0.0,1200.0000000000055,1199.9999999999964
2025-03-22,m1,14822.415379904896,14822.415379904896,6854.77696394304,21677.192343847935,1859.6510268812453,0.0,1199.9999999999964,1199.9999999999925
2025-03-23,m1,38014.03927549024,38014.03927549024,12286.129004936738,50300.16828042698,2807.156446726125,0.0,1199.9999999999925,1200.0000000000014
2025-03-24,m1,37123.186699041275,37123.186699041275,11113.86101108868,48237.047710129955,2697.5239035690397,0.0,1200.0000000000014,1199.999999999999
2025-03-25,m1,36923.569328663376,36923.569328663376,16932.96993590053,53856.53926456391,4235.759302008884,0.0,1199.999999999999,1199.9999999999932
2025-03-26,m1,36818.027740910744,36818.027740910744,9522.584826764385,46340.612567675125,2308.5041144547877,0.0,1199.9999999999932,1200.0000000000055
2025-03-27,m1,36395.62854148797,36395.62854148797,14413.612717325144,50809.24125881311,3457.235018503291,0.0,1200.0000000000055,1199.9999999999998
2025-03-28,m1,16796.4009210987,16796.4009210987,3655.6453641880066,20452.046285286706,1045.050749429919,0.0,1199.9999999999998,1200.0000000000045
2025-03-29,m1,14552.480762356194,14552.480762356194,6595.554024992788,21148.03478734898,1701.1237647615962,0.0,1200.0000000000045,1199.9999999999989
2025-03-30,m1,35317.152954348945,35317.152954348945,11419.454576765627,46736.60753111457,2677.552016220632,0.0,1199.9999999999989,1200.0000000000023
2025-03-31,m1,35176.911028615286,35176.911028615286,15976.669738822124,51153.58076743741,3695.9312421654417,0.0,1200.0000000000023,1200.000000000004
2025-04-01,m1,35330.96509421058,35330.96509421058,19506.83720654501,54837.80230075559,5335.011749838853,0.0,1200.000000000004,1200.000000000001
2025-04-02,m1,34105.461253168,34105.461253168,31610.147444673607,65715.60869784161,7653.997411127622,0.0,1200.000000000001,1199.9999999999977
2025-04-03,m1,35772.505639560004,35772.505639560004,12985.141429708747,48757.64706926875,3079.625071584468,0.0,1199.9999999999977,1199.9999999999975
2025-04-04,m1,16044.774461874238,16044.774461874238,3356.7861279697377,19401.560589843975,1088.3524073245997,0.0,1199.9999999999975,1200.0000000000018
2025-04-05,m1,14139.161781402368,14139.161781402368,7551.679066618139,21690.840848020507,2033.5945984336674,0.0,1200.0000000000018,1200.0000000000023
2025-04-06,m1,34339.04234110916,34339.04234110916,10919.338433941979,45258.38077505114,2424.4590629042914,0.0,1200.0000000000023,1200.0000000000125
2025-04-07,m1,34853.7649655708,34853.7649655708,7590.888768324883,42444.653733895684,1878.2822952979163,0.0,1200.0000000000125,1199.9999999999998
2025-04-08,m1,34897.036100718404,34897.036100718404,15882.41877982812,50779.454880546524,3464.836207859837,0.0,1199.9999999999998,1199.9999999999945
2025-04-09,m1,34228.525441992104,34228.525441992104,21167.795777528714,55396.32121952082,5462.5056717112475,0.0,1199.9999999999945,1200.0000000000111
2025-04-10,m1,34629.93068044461,34629.93068044461,14135.96821429411,48765.89889473872,3135.4844302882957,0.0,1200.0000000000111,1199.9999999999995
2025-04-11,m1,15579.93109738446,15579.93109738446,2653.7510887181097,18233.68218610257,1007.3978566280059,0.0,1199.9999999999995,1200.0000000000005
2025-04-12,m1,14024.30164589816,14024.30164589816,5559.481023032141,19583.7826689303,1676.6951166680938,0.0,1200.0000000000005,1200.0000000000016
2025-04-13,m1,33483.563106678375,33483.563106678375,14603.173443319962,48086.736549998335,3216.5451872067742,0.0,1200.0000000000016,1200.0
2025-04-14,m1,33390.192296987574,33390.192296987574,8696.145490404093,42086.33778739167,2118.0156487831073,0.0,1200.0,1200.0000000000075
2025-04-15,m1,33761.23371326756,33761.23371326756,10031.486641785606,43792.72035505317,2160.6888047511275,0.0,1200.0000000000075,1199.9999999999936
2025-04-16,m1,33571.317970097705,33571.317970097705,13459.03294844242,47030.35091854013,3278.2792673917556,0.0,1199.9999999999936,1200.0000000000018
2025-04-17,m1,33231.10233378586,33231.10233378586,13307.967076892543,46539.0694106784,2835.3373507224387,0.0,1200.0000000000018,1200.0000000000002
2025-04-18,m1,14704.4828344189,14704.4828344189,3605.6897875500163,18310.172621968915,1332.618945619933,0.0,1200.0000000000002,1200.0000000000027
2025-04-19,m1,13085.65370572266,13085.65370572266,5898.332691027939,18983.9863967506,1751.0875926163735,0.0,1200.0000000000027,1199.9999999999995
2025-04-20,m1,32159.27147192575,32159.27147192575,14921.389910533584,47080.66138245934,3304.5656980132912,0.0,1199.9999999999995,1199.9999999999952
2025-04-21,m1,32273.987818321442,32273.987818321442,9230.773729507793,41504.761547829235,2276.5909275446074,0.0,1199.9999999999952,1200.00000000001
2025-04-22,m1,31820.10191709416,31820.10191709416,12590.952816139634,44411.054733233796,3008.981455482415,0.0,1200.00000000001,1199.999999999999
2025-04-23,m1,33008.12766464382,33008.12766464382,9521.413977522643,42529.54164216646,2303.7844175847144,0.0,1199.999999999999,1200.0000000000077
2025-04-24,m1,31788.959439146653,31788.959439146653,10680.920231628368,42469.87967077502,2252.3597195750244,0.0,1200.0000000000077,1200.0000000000007
2025-04-25,m1,13861.637893918392,13861.637893918392,2375.2047834587606,16236.842677377153,882.3661857350949,0.0,1200.0000000000007,1200.000000000001
2025-04-26,m1,12731.971287245113,12731.971287245113,5653.1782560135325,18385.149543258645,1569.7247162667072,0.0,1200.000000000001,1200.0000000000066
2025-04-27,m1,30726.722024396353,30726.722024396353,15693.22478938607,46419.94681378242,3503.078487050761,0.0,1200.0000000000066,1200.000000000002
2025-04-28,m1,30578.83823357882,30578.83823357882,34988.42516394358,65567.2633975224,8625.825685105534,0.0,1200.000000000002,1200.0000000000095
2025-04-29,m1,31416.912908569877,31416.912908569877,10851.50222686247,42268.41513543235,2478.7715136777106,0.0,1200.0000000000095,1199.9999999999977
2025-04-30,m1,31394.061322528658,31394.061322528658,9326.30888977964,40720.3702123083,2201.4304916096853,0.0,1199.9999999999977,1200.000000000007
2025-05-01,m1,29365.90167933165,29365.90167933165,33397.37051103155,62763.272190363205,7113.306769736505,0.0,1200.000000000007,1199.9999999999973
2025-05-02,m1,14112.030812799383,14112.030812799383,17874.096271630508,31986.127084429892,4487.934618590733,0.0,1199.9999999999973,1199.999999999999
2025-05-03,m1,13203.08781612653,13203.08781612653,15878.289810621654,29081.377626748184,3699.4489980704825,0.0,1199.999999999999,1200.0000000000023
2025-05-04,m1,31937.65104364022,31937.65104364022,20777.96425868901,52715.61530232923,5077.225595874258,0.0,1200.0000000000023,1199.9999999999993
2025-05-05,m1,32176.219525444634,32176.219525444634,28324.076154149774,60500.295679594405,6309.127432885115,0.0,1199.9999999999993,1200.00000000001
2025-05-06,m1,32650.42457184529,32650.42457184529,22002.048657178257,54652.47322902355,4934.327647436342,0.0,1200.00000000001,1200.0000000000002
2025-05-07,m1,32957.582709986484,32957.582709986484,24604.96360777883,57562.546317765315,5236.291818150661,0.0,1200.0000000000002,1200.0000000000073
2025-05-08,m1,33003.75279597011,33003.75279597011,24443.671660147033,57447.42445611714,5933.295469371087,0.0,1200.0000000000073,1199.9999999999939
2025-05-09,m1,15881.139359906061,15881.139359906061,4297.188262535168,20178.32762244123,1183.803963185062,0.0,1199.9999999999939,1200.000000000003
2025-05-10,m1,13607.653688398892,13607.653688398892,14600.775989621847,28208.429678020737,3524.930808934071,0.0,1200.000000000003,1199.9999999999995
2025-05-11,m1,33076.57114322163,33076.57114322163,22080.816721385145,55157.387864606775,5300.465897149308,0.0,1199.9999999999995,1199.9999999999993
2025-05-12,m1,33487.377226554665,33487.377226554665,14760.510089777406,48247.88731633207,4066.0173880263437,0.0,1199.9999999999993,1200.0000000000066
2025-05-13,m1,33007.751647396864,33007.751647396864,12888.93587184048,45896.68751923734,2936.82569124221,0.0,1200.0000000000066,1200.0000000000082
2025-05-14,m1,32992.92618201891,32992.92618201891,14317.46302025074,47310.38920226965,3363.5868782270636,0.0,1200.0000000000082,1200.0000000000045
2025-05-15,m1,32883.75484288647,32883.75484288647,15001.42834598283,47885.1831888693,3503.7259640489788,0.0,1200.0000000000045,1200.000000000008
2025-05-16,m1,15764.332071702152,15764.332071702152,3993.22445986485,19757.556531567003,1353.3382622998038,0.0,1200.000000000008,1199.9999999999943
2025-05-17,m1,13526.779595156462,13526.779595156462,12282.048574897346,25808.828170053806,3446.8238057826948,0.0,1199.9999999999943,1199.9999999999955
2025-05-18,m1,32719.4731973433,32719.4731973433,16234.9160511578,48954.3892485011,4442.808413538602,0.0,1199.9999999999955,1199.9999999999966
2025-05-19,m1,32656.154981715365,32656.154981715365,10220.005181946191,42876.16016366155,2223.266359945248,0.0,1199.9999999999966,1200.0000000000086
2025-05-20,m1,32452.242555401288,32452.242555401288,19502.700048002436,51954.942603403724,4706.990667815852,0.0,1200.0000000000086,1199.9999999999984
2025-05-21,m1,31768.397238112422,31768.397238112422,20702.97878722942,52471.376025341844,4808.381715754,0.0,1199.9999999999984,1200.0000000000077
2025-05-22,m1,32064.06201205527,32064.06201205527,12824.322654966752,44888.38466702202,2784.5246699193094,0.0,1200.0000000000077,1200.000000000002
2025-05-23,m1,15188.016565747983,15188.016565747983,3961.005573496975,19149.022139244957,1365.225906027328,0.0,1200.000000000002,1200.000000000002
2025-05-24,m1,13421.72242345538,13421.72242345538,6545.521891533299,19967.24431498868,1787.9840898243415,0.0,1200.000000000002,1200.0000000000032
2025-05-25,m1,31694.795981437826,31694.795981437826,12505.943571561358,44200.739552999185,2889.751835836556,0.0,1200.0000000000032,1200.000000000012
2025-05-26,m1,32176.161057494443,32176.161057494443,21279.797618330565,53455.95867582501,5222.324572447405,0.0,1200.000000000012,1199.9999999999968
2025-05-27,m1,32471.83919742293,32471.83919742293,11109.075707478773,43580.9149049017,2616.502007003015,0.0,1199.9999999999968,1199.9999999999957
2025-05-28,m1,31807.286761412113,31807.286761412113,20749.915403419436,52557.20216483155,5122.938553014181,0.0,1199.9999999999957,1200.000000000009
2025-05-29,m1,32213.80780262465,32213.80780262465,22706.61938323269,54920.42718585734,5187.973435778129,0.0,1200.000000000009,1199.9999999999982
2025-05-30,m1,15549.402791021714,15549.402791021714,2537.733590092652,18087.136381114367,858.8653203387521,0.0,1199.9999999999982,1199.999999999998
2025-05-31,m1,13492.263801755362,13492.263801755362,7696.029703962267,21188.29350571763,2250.7134873131436,0.0,1199.999999999998,1200.0000000000032
2025-06-01,m1,32208.50250332887,32208.50250332887,83795.24924380344,116003.75174713231,20714.639122546236,0.0,1200.0000000000032,1200.0000000000023
2025-06-02,m1,33411.73817107377,33411.73817107377,70621.33388636519,104033.07205743896,16940.359641260016,0.0,1200.0000000000023,1200.0000000000075
2025-06-03,m1,36779.13493821367,36779.13493821367,45962.30440968496,82741.43934789863,11068.432434178485,0.0,1200.0000000000075,1200.0000000000023
2025-06-04,m1,36886.443560276064,36886.443560276064,46654.85872315982,83541.30228343589,12227.127922066791,0.0,1200.0000000000023,1200.0000000000055
2025-06-05,m1,39795.13034722238,39795.13034722238,36967.21485422165,76762.34520144403,8883.774812483418,0.0,1200.0000000000055,1199.9999999999973
2025-06-06,m1,19617.249751427873,19617.249751427873,21595.463492956067,41212.71324438394,6178.681260935696,0.0,1199.9999999999973,1199.9999999999957
2025-06-07,m1,15967.141695909166,15967.141695909166,34310.431847193584,50277.57354310275,8420.185623145355,0.0,1199.9999999999957,1200.0000000000002
2025-06-08,m1,42430.39695450742,42430.39695450742,22226.57427450447,64656.97122901189,4497.894077216332,0.0,1200.0000000000002,1199.9999999999998
2025-06-09,m1,43584.16385895685,43584.16385895685,23143.642650177382,66727.80650913423,5078.581573537896,0.0,1199.9999999999998,1199.999999999994
2025-06-10,m1,44494.48465291543,44494.48465291543,18974.672571309115,63469.157224224546,4571.360936859221,0.0,1199.999999999994,1199.9999999999911
2025-06-11,m1,45653.0300853584,45653.0300853584,29064.895384289826,74717.92546964822,6250.016636264114,0.0,1199.9999999999911,1199.9999999999986
2025-06-12,m1,47805.00238651694,47805.00238651694,12751.048913065964,60556.051299582905,2822.3592993296807,0.0,1199.9999999999986,1200.000000000002
2025-06-13,m1,23462.654257094982,23462.654257094982,5188.197147783161,28650.851404878144,1634.2180920229866,0.0,1200.000000000002,1199.9999999999968
2025-06-14,m1,18411.473026029948,18411.473026029948,11859.569983489588,30271.043009519533,3455.452989830519,0.0,1199.9999999999968,1200.0000000000036
2025-06-15,m1,43372.90456219068,43372.90456219068,21845.824202585933,65218.728764776606,4631.771667160497,0.0,1200.0000000000036,1200.0000000000075
2025-06-16,m1,45760.191225689734,45760.191225689734,15119.856739773977,60880.04796546371,3568.7215022200435,0.0,1200.0000000000075,1199.9999999999984
2025-06-17,m1,46459.39766643452,46459.39766643452,21117.578483805344,67576.97615023986,5167.443691570781,0.0,1199.9999999999984,1199.9999999999982
2025-06-18,m1,47169.01831688569,47169.01831688569,10340.247543503183,57509.26586038887,2490.950852942834,0.0,1199.9999999999982,1200.0000000000014
2025-06-19,m1,45228.273390548304,45228.273390548304,14335.091140578512,59563.36453112682,3008.643877258014,0.0,1200.0000000000014,1200.000000000004
2025-06-20,m1,23410.18935524873,23410.18935524873,1174.2921919117566,24584.48154716049,536.5457371962251,0.0,1200.000000000004,1199.9999999999973
2025-06-21,m1,18411.073074103748,18411.073074103748,10284.690861831652,28695.7639359354,2778.4575411262144,0.0,1199.9999999999973,1199.9999999999989
2025-06-22,m1,43153.86903715051,43153.86903715051,15619.023238581412,58772.89227573192,3533.8673471371512,0.0,1199.9999999999989,1200.0000000000005
2025-06-23,m1,44337.865190859215,44337.865190859215,13078.370102338162,57416.23529319737,2937.5104492444207,0.0,1200.0000000000005,1199.9999999999984
2025-06-24,m1,44657.51489991711,44657.51489991711,34090.28110502431,78747.79600494143,8079.119990987616,0.0,1199.9999999999984,1199.9999999999975
2025-06-25,m1,44936.904554082175,44936.904554082175,13664.502859232987,58601.40741331516,3454.1189455165304,0.0,1199.9999999999975,1200.0000000000016
2025-06-26,m1,43646.562672601256,43646.562672601256,13684.39155201121,57330.95422461246,3080.237342098274,0.0,1200.0000000000016,1199.999999999995
2025-06-27,m1,20612.646047727198,20612.646047727198,2543.095688561161,23155.741736288357,868.5161273673696,0.0,1199.999999999995,1200.0000000000007
2025-06-28,m1,17596.21632249799,17596.21632249799,12599.407856861777,30195.624179359766,3549.683953932501,0.0,1200.0000000000007,1200.000000000001
2025-06-29,m1,43237.77351116651,43237.77351116651,18777.308887289808,62015.08239845632,4427.080942238867,0.0,1200.000000000001,1200.0000000000011
2025-06-30,m1,45115.594127483026,45115.594127483026,12441.899570435156,57557.49369791818,3027.0250367616304,0.0,1200.0000000000011,1199.9999999999989
2025-07-01,m1,46142.493447531284,46142.493447531284,36439.16106970492,82581.6545172362,9962.567091496483,0.0,1199.9999999999989,1199.9999999999966
2025-07-02,m1,45735.41178939694,45735.41178939694,32280.611017210766,78016.02280660771,8601.220739979952,0.0,1199.9999999999966,1199.999999999998
2025-07-03,m1,46058.99441942881,46058.99441942881,39396.7188382464,85455.7132576752,9391.18523369038,0.0,1199.999999999998,1199.999999999992
2025-07-04,m1,23317.49131717113,23317.49131717113,19243.16552598978,42560.65684316091,5637.023323596502,0.0,1199.999999999992,1200.0000000000023
2025-07-05,m1,21253.1859813768,21253.1859813768,22196.45577982218,43449.641761198975,6339.235245631588,0.0,1200.0000000000023,1199.9999999999973
2025-07-06,m1,44510.26646689842,44510.26646689842,50934.477829085736,95444.74429598416,11484.525509261843,0.0,1199.9999999999973,1199.9999999999914
2025-07-07,m1,49390.991315898435,49390.991315898435,13958.260139973816,63349.25145587225,3135.2396802199173,0.0,1199.9999999999914,1199.9999999999968
2025-07-08,m1,50942.88150463009,50942.88150463009,16676.74648306834,67619.62798769842,3561.880049721806,0.0,1199.9999999999968,1199.9999999999961
2025-07-09,m1,49520.10666189482,49520.10666189482,12242.861940994313,61762.96860288913,2287.4016642275706,0.0,1199.9999999999961,1199.9999999999925
2025-07-10,m1,49212.8795113166,49212.8795113166,12225.50783979314,61438.38735110973,2728.406965955239,0.0,1199.9999999999925,1199.9999999999957
2025-07-11,m1,27648.04121729573,27648.04121729573,10307.065094462636,37955.10631175837,3121.8945442009644,0.0,1199.9999999999957,1200.0000000000011
2025-07-12,m1,23570.746703618497,23570.746703618497,12759.206918769407,36329.953622387904,3948.651044596609,0.0,1200.0000000000011,1200.0000000000066
2025-07-13,m1,48383.514009587016,48383.514009587016,12949.979624794083,61333.4936343811,2359.6620139191964,0.0,1200.0000000000066,1199.9999999999952
2025-07-14,m1,47228.049085196704,47228.049085196704,13681.875331872434,60909.92441706914,2923.088712676976,0.0,1199.9999999999952,1199.999999999998
2025-07-15,m1,48395.31176524078,48395.31176524078,15321.075680498148,63716.38744573893,4201.645690999308,0.0,1199.999999999998,1199.9999999999952
2025-07-16,m1,46968.64520276735,46968.64520276735,15636.44155448971,62605.08675725706,3646.980510837626,0.0,1199.9999999999952,1199.9999999999957
2025-07-17,m1,46580.423684636735,46580.423684636735,22332.186667038488,68912.61035167522,4877.686360902481,0.0,1199.9999999999957,1199.999999999992
2025-07-18,m1,27414.929479534578,27414.929479534578,7364.5610980270485,34779.49057756163,2192.009944842031,0.0,1199.999999999992,1200.0000000000005
2025-07-19,m1,23827.53289589071,23827.53289589071,8395.43010917131,32222.963005062018,2555.3263176242754,0.0,1200.0000000000005,1200.0000000000043
2025-07-20,m1,46295.78980188358,46295.78980188358,15298.358402794,61594.14820467758,3618.3078546112433,0.0,1200.0000000000043,1199.9999999999966
2025-07-21,m1,46539.70530139464,46539.70530139464,19269.11826691943,65808.82356831408,4638.269601355385,0.0,1199.9999999999966,1199.9999999999945
2025-07-22,m1,48255.26783595198,48255.26783595198,12572.618070913635,60827.88590686562,3144.1082788713225,0.0,1199.9999999999945,1199.9999999999925
2025-07-23,m1,47044.54475119959,47044.54475119959,19976.621860744654,67021.16661194424,4464.501593869255,0.0,1199.9999999999925,1199.9999999999936
2025-07-24,m1,47429.468949799644,47429.468949799644,19152.421283506766,66581.89023330642,4617.277510184728,0.0,1199.9999999999936,1199.999999999997
2025-07-25,m1,27414.346359249434,27414.346359249434,3288.827933261184,30703.17429251062,1038.8319279578918,0.0,1199.999999999997,1199.9999999999998
2025-07-26,m1,24393.275478661453,24393.275478661453,6655.566375181681,31048.841853843136,2400.856317854121,0.0,1199.9999999999998,1199.9999999999952
2025-07-27,m1,46846.5507309214,46846.5507309214,20003.091880330016,66849.64261125142,4393.911579597072,0.0,1199.9999999999952,1199.9999999999936
2025-07-28,m1,47240.59234616362,47240.59234616362,27359.418736261912,74600.01108242554,6705.818552184323,0.0,1199.9999999999936,1199.999999999996
2025-07-29,m1,48077.782946395644,48077.782946395644,17884.37059391138,65962.15354030702,4350.044454496278,0.0,1199.999999999996,1199.9999999999955
2025-07-30,m1,47273.48123898267,47273.48123898267,19299.484352781965,66572.96559176463,4463.849604722563,0.0,1199.9999999999955,1199.9999999999973
2025-07-31,m1,48002.63643796441,48002.63643796441,17262.120134318862,65264.756572283266,3714.165854414409,0.0,1199.9999999999973,1199.999999999997
2025-08-01,m1,26453.277326941574,26453.277326941574,1394.0621587158325,27847.339485657405,435.0231243088173,0.0,1199.999999999997,1199.9999999999998
2025-08-02,m1,24690.22847512035,24690.22847512035,3977.1245545509614,28667.353029671314,1149.6436436197955,0.0,1199.9999999999998,1200.0000000000032
2025-08-03,m1,47029.08966974747,47029.08966974747,8914.784467688107,55943.874137435574,2050.4441200149777,0.0,1200.0000000000032,1199.999999999992
2025-08-04,m1,46415.70026989192,46415.70026989192,7714.697327466865,54130.39759735878,2030.6694512968204,0.0,1199.999999999992,1199.9999999999989
2025-08-05,m1,45622.593272664315,45622.593272664315,7076.40283962977,52698.99611229409,1852.8792484150918,0.0,1199.9999999999989,1199.9999999999948
2025-08-06,m1,44335.53867696829,44335.53867696829,18971.46966648791,63307.0083434562,4509.00612975279,0.0,1199.9999999999948,1199.9999999999966
2025-08-07,m1,44464.96139727574,44464.96139727574,10903.668981095176,55368.630378370915,2724.450460633736,0.0,1199.9999999999966,1199.9999999999982
2025-08-08,m1,25460.68302231838,25460.68302231838,2838.5914792507806,28299.274501569158,902.9423609801868,0.0,1199.9999999999982,1200.0000000000025
2025-08-09,m1,23277.139111489818,23277.139111489818,5603.380141670962,28880.51925316078,1787.9470387598574,0.0,1200.0000000000025,1199.999999999999
2025-08-10,m1,40811.212996940965,40811.212996940965,27651.432671033752,68462.64566797472,6441.476501547464,0.0,1199.999999999999,1200.0000000000005
2025-08-11,m1,43171.86295482856,43171.86295482856,15816.088011133037,58987.9509659616,3729.38723067671,0.0,1200.0000000000005,1199.9999999999943
2025-08-12,m1,42897.497230291556,42897.497230291556,22041.983834383347,64939.4810646749,5141.6836574245735,0.0,1199.9999999999943,1199.999999999999
2025-08-13,m1,43119.499571078755,43119.499571078755,16565.344640947696,59684.84421202645,3939.8352790843323,0.0,1199.999999999999,1200.000000000004
2025-08-14,m1,42564.86486646625,42564.86486646625,21516.79166701776,64081.656533484005,4810.407373108827,0.0,1200.000000000004,1200.0000000000018
2025-08-15,m1,25017.62509706236,25017.62509706236,4576.961140781821,29594.58623784418,1753.395998285267,0.0,1200.0000000000018,1200.0000000000073
2025-08-16,m1,23112.026386303838,23112.026386303838,6502.1228413284625,29614.1492276323,1875.2294005431809,0.0,1200.0000000000073,1200.000000000003
2025-08-17,m1,41973.03226230474,41973.03226230474,14854.975461363349,56828.00772366809,3354.4243583573775,0.0,1200.000000000003,1199.9999999999998
2025-08-18,m1,42594.806923731754,42594.806923731754,18280.387501559766,60875.19442529152,3963.478068338228,0.0,1199.9999999999998,1199.9999999999995
2025-08-19,m1,42880.603308740516,42880.603308740516,11816.423380070053,54697.02668881057,2925.368540510607,0.0,1199.9999999999995,1199.9999999999975
2025-08-20,m1,42205.404163507876,42205.404163507876,34548.8621498749,76754.26631338277,8042.492352923371,0.0,1199.9999999999975,1200.0000000000002
2025-08-21,m1,43199.274286197404,43199.274286197404,15136.471832646326,58335.74611884373,3552.4955854791533,0.0,1200.0000000000002,1199.9999999999918
2025-08-22,m1,25100.497095526036,25100.497095526036,6620.3915851942675,31720.8886807203,2029.1444751141971,0.0,1199.9999999999918,1200.0000000000039
2025-08-23,m1,23696.82205289716,23696.82205289716,8184.916396772578,31881.73844966974,2281.0802308593325,0.0,1200.0000000000039,1200.000000000003
2025-08-24,m1,41802.26132184083,41802.26132184083,20900.067251124347,62702.328572965176,4704.625494893604,0.0,1200.000000000003,1199.9999999999998
2025-08-25,m1,43204.3700156204,43204.3700156204,27998.560065790538,71202.93008141094,7047.531152769108,0.0,1199.9999999999998,1199.9999999999984
2025-08-26,m1,44409.2142240418,44409.2142240418,12708.633513792916,57117.847737834716,2835.7164150434346,0.0,1199.9999999999984,1199.9999999999986
2025-08-27,m1,44039.068230701196,44039.068230701196,18975.153082793666,63014.22131349486,4071.559556932755,0.0,1199.9999999999986,1199.9999999999993
2025-08-28,m1,43586.342428225515,43586.342428225515,27764.423546869286,71350.76597509481,6886.59895792377,0.0,1199.9999999999993,1199.9999999999989
2025-08-29,m1,26203.97423817944,26203.97423817944,5167.438105723351,31371.41234390279,1597.7859943096375,0.0,1199.9999999999989,1199.999999999999
2025-08-30,m1,23785.773546130826,23785.773546130826,6973.152163515941,30758.925709646766,2363.2963216948892,0.0,1199.999999999999,1200.0000000000018
2025-08-31,m1,42344.03710012945,42344.03710012945,19867.187022146292,62211.224122275744,4799.83252692496,0.0,1200.0000000000018,1200.0000000000032
2025-09-01,m1,43612.19077036483,43612.19077036483,2423.549578099151,46035.74034846398,666.339380149824,0.0,1200.0000000000032,1199.9999999999968
2025-09-02,m1,41174.812487528965,41174.812487528965,4907.207002471571,46082.01949000054,971.1951027284854,0.0,1199.9999999999968,1199.9999999999964
2025-09-03,m1,41154.242002849336,41154.242002849336,3369.7334181977158,44523.97542104705,750.1957387262617,0.0,1199.9999999999964,1199.9999999999977
2025-09-04,m1,38936.47671088712,38936.47671088712,9040.068971765206,47976.54568265232,1876.595562713269,0.0,1199.9999999999977,1199.999999999998
2025-09-05,m1,22202.73967692122,22202.73967692122,102.89564944161293,22305.635326362833,30.607837930241715,0.0,1199.999999999998,1200.0000000000025
2025-09-06,m1,18048.58124632629,18048.58124632629,8256.692134873008,26305.273381199295,2617.957204886437,0.0,1200.0000000000025,1200.0000000000007
2025-09-07,m1,35911.88145510109,35911.88145510109,13265.232170478075,49177.113625579164,2655.430689275126,0.0,1200.0000000000007,1200.0000000000005
2025-09-08,m1,34500.55211894351,34500.55211894351,31435.309228501104,65935.86134744462,6978.514252122575,0.0,1200.0000000000005,1199.9999999999993
2025-09-09,m1,35557.500711426066,35557.500711426066,16567.623845177415,52125.12455660348,3479.9165281786304,0.0,1199.9999999999993,1200.0000000000073
2025-09-10,m1,35648.571671999445,35648.571671999445,32860.811227724786,68509.38289972424,7300.760249975632,0.0,1200.0000000000073,1199.9999999999968
2025-09-11,m1,36598.950008755135,36598.950008755135,15883.384449626898,52482.33445838203,3164.011663897759,0.0,1199.9999999999968,1200.0000000000066
2025-09-12,m1,20279.678319812614,20279.678319812614,3092.153883115398,23371.832202928013,877.1562890577334,0.0,1200.0000000000066,1200.0000000000077
2025-09-13,m1,18081.654527325692,18081.654527325692,5772.850479490919,23854.50500681661,2099.874268736775,0.0,1200.0000000000077,1200.0000000000032
2025-09-14,m1,36254.52850191284,36254.52850191284,24937.6693671175,61192.197869030344,5525.555236147939,0.0,1200.0000000000032,1200.000000000002
2025-09-15,m1,36407.66945407879,36407.66945407879,16189.015963427715,52596.6854175065,3456.155243203578,0.0,1200.000000000002,1200.0000000000018
2025-09-16,m1,35829.725477612534,35829.725477612534,21927.81280703882,57757.53828465135,5424.0457167159875,0.0,1200.0000000000018,1199.999999999996
2025-09-17,m1,37530.35722566793,37530.35722566793,18708.853552176814,56239.210777844746,4139.47148883645,0.0,1199.999999999996,1200.000000000001
2025-09-18,m1,36400.50830346803,36400.50830346803,22096.476246777303,58496.98455024533,4648.40366988077,0.0,1200.000000000001,1200.0000000000039
2025-09-19,m1,21246.39369914004,21246.39369914004,4626.008827535052,25872.40252667509,1514.9107102484693,0.0,1200.0000000000039,1200.0000000000011
2025-09-20,m1,18604.17955452881,18604.17955452881,9632.676541586041,28236.856096114854,2750.3587144401954,0.0,1200.0000000000011,1200.0000000000043
2025-09-21,m1,37787.21103530719,37787.21103530719,15056.74696481413,52843.95800012132,3549.502329563797,0.0,1200.0000000000043,1199.9999999999905
2025-09-22,m1,37162.250049826944,37162.250049826944,19059.224932825815,56221.474982652755,4716.306521940396,0.0,1199.9999999999905,1199.9999999999943
2025-09-23,m1,37500.522096074135,37500.522096074135,25644.01535481023,63144.53745088437,5652.006677358534,0.0,1199.9999999999943,1200.0000000000095
2025-09-24,m1,38588.9564359066,38588.9564359066,16566.165717732543,55155.12215363914,4144.051836742739,0.0,1200.0000000000095,1199.9999999999993
2025-09-25,m1,38152.003486288115,38152.003486288115,15553.980150319956,53705.98363660807,3806.315392481159,0.0,1199.9999999999993,1200.0000000000005
2025-09-26,m1,21464.17009364144,21464.17009364144,4485.438662876344,25949.608756517788,1178.247513863014,0.0,1200.0000000000005,1200.0000000000005
2025-09-27,m1,18601.607896443624,18601.607896443624,9864.631554386066,28466.23945082969,2833.895370509362,0.0,1200.0000000000005,1200.0000000000077
2025-09-28,m1,38169.64840082462,38169.64840082462,25673.37161196979,63843.02001279441,5691.865394602952,0.0,1200.0000000000077,1200.0000000000066
2025-09-29,m1,38398.05251394527,38398.05251394527,21016.528885464526,59414.5813994098,4797.7553824769975,0.0,1200.0000000000066,1199.9999999999993
2025-09-30,m1,38967.262834084,38967.262834084,28441.587514073115,67408.85034815711,6440.188457172793,0.0,1199.9999999999993,1199.9999999999961
2025-10-01,m1,40033.6191261573,40033.6191261573,4580.0123582563665,44613.631484413665,1262.7604617631741,0.0,1199.9999999999961,1200.0000000000064
2025-10-02,m1,35621.70668824791,35621.70668824791,8137.879961537023,43759.586649784935,1930.5254394608978,0.0,1200.0000000000064,1200.0
2025-10-03,m1,18849.5481909344,18849.5481909344,1279.767862365243,20129.316053299644,541.7917658553135,0.0,1200.0,1200.000000000006
2025-10-04,m1,16936.638114801834,16936.638114801834,4796.8667821900635,21733.504896991897,1440.6069786743665,0.0,1200.000000000006,1200.0000000000025
2025-10-05,m1,36656.280071737056,36656.280071737056,9142.594909462357,45798.87498119941,2066.4269801036094,0.0,1200.0000000000025,1199.999999999998
2025-10-06,m1,36789.09116817356,36789.09116817356,9556.30463942761,46345.39580760117,2124.4681082178054,0.0,1199.999999999998,1200.0000000000084
2025-10-07,m1,36443.649264922205,36443.649264922205,12342.303985937875,48785.95325086008,2778.141053618634,0.0,1200.0000000000084,1200.0000000000036
2025-10-08,m1,33953.59500997969,33953.59500997969,20291.6446846716,54245.23969465129,4524.243935489277,0.0,1200.0000000000036,1200.0000000000116
2025-10-09,m1,34702.06033438421,34702.06033438421,17365.855375364168,52067.91570974838,3939.9207893918115,0.0,1200.0000000000116,1200.0000000000011
2025-10-10,m1,17882.932493285458,17882.932493285458,2674.609755869887,20557.542249155344,1046.9370698938997,0.0,1200.0000000000011,1199.9999999999984
2025-10-11,m1,16162.56782878299,16162.56782878299,7206.3499881167145,23368.917816899706,2073.46346460959,0.0,1199.9999999999984,1200.0000000000027
2025-10-12,m1,35316.31032531549,35316.31032531549,20051.355031904564,55367.66535722006,4326.919110861326,0.0,1200.0000000000027,1199.9999999999936
2025-10-13,m1,36854.26759721371,36854.26759721371,11594.262929691362,48448.53052690507,2464.532232798724,0.0,1199.9999999999936,1199.9999999999986
2025-10-14,m1,37603.76447038033,37603.76447038033,16431.368684096065,54035.133154476396,3742.872011999294,0.0,1199.9999999999986,1200.000000000005
2025-10-15,m1,35250.61146996884,35250.61146996884,31423.496135595007,66674.10760556386,7352.685915766498,0.0,1200.000000000005,1199.9999999999957
2025-10-16,m1,36091.81983856329,36091.81983856329,32673.043132406536,68764.86297096983,7345.973038849917,0.0,1199.9999999999957,1199.999999999998
2025-10-17,m1,18864.657803766975,18864.657803766975,2521.193882283372,21385.851686050348,1063.5769674441137,0.0,1199.999999999998,1199.9999999999957
2025-10-18,m1,16903.81302535761,16903.81302535761,5475.393611800386,22379.206637157993,1791.498282705321,0.0,1199.9999999999957,1200.0000000000007
2025-10-19,m1,37011.899697417575,37011.899697417575,29864.151598959506,66876.05129637709,6615.314391078253,0.0,1200.0000000000007,1199.999999999996
2025-10-20,m1,39749.79700771002,39749.79700771002,18493.278675003774,58243.075682713796,4082.4784811247673,0.0,1199.999999999996,1199.999999999998
2025-10-21,m1,40643.395138772175,40643.395138772175,16178.160854850488,56821.555993622664,4244.0888086477335,0.0,1199.999999999998,1199.9999999999939
2025-10-22,m1,38010.987514099535,38010.987514099535,30503.06223455669,68514.04974865622,6764.892590118913,0.0,1199.9999999999939,1199.9999999999875
2025-10-23,m1,39106.50770432518,39106.50770432518,18675.72512395886,57782.23282828404,4245.958928264027,0.0,1199.9999999999875,1199.9999999999995
2025-10-24,m1,18523.90836857504,18523.90836857504,3572.415637305832,22096.324005880873,1212.7064950679608,0.0,1199.9999999999995,1200.0000000000032
2025-10-25,m1,17263.365040007688,17263.365040007688,5715.402113948014,22978.7671539557,1528.599861840979,0.0,1200.0000000000032,1200.000000000003
2025-10-26,m1,40535.69676821683,40535.69676821683,13266.007760558641,53801.70452877547,3026.616127358012,0.0,1200.000000000003,1200.0000000000064
2025-10-27,m1,41718.43420760827,41718.43420760827,13385.16519144033,55103.5993990486,3121.330544833652,0.0,1200.0000000000064,1200.0000000000014
2025-10-28,m1,42047.66935580298,42047.66935580298,13290.169306031092,55337.838661834074,3232.3529385397733,0.0,1200.0000000000014,1200.0000000000018
2025-10-29,m1,39588.578459060634,39588.578459060634,34674.29118960076,74262.86964866139,8508.598051975732,0.0,1200.0000000000018,1199.999999999998
2025-10-30,m1,40941.11592779249,40941.11592779249,15783.902652975412,56725.0185807679,3665.2574820087166,0.0,1199.999999999998,1200.0000000000098
2025-10-31,m1,19496.724340802582,19496.724340802582,5324.515414140882,24821.239754943465,1762.4057792506571,0.0,1200.0000000000098,1200.0000000000007
2025-11-01,m1,17187.89694390141,17187.89694390141,7023.673550169264,24211.570494070675,1995.4249554776563,0.0,1200.0000000000007,1200.0000000000016
2025-11-02,m1,41176.58725356962,41176.58725356962,24064.92869436236,65241.51594793198,5234.819669636043,0.0,1200.0000000000016,1200.0000000000061
2025-11-03,m1,43272.05327444353,43272.05327444353,14557.526159300787,57829.57943374432,4032.6570292557485,0.0,1200.0000000000061,1200.000000000002
2025-11-04,m1,44294.69136679328,44294.69136679328,11678.787312800123,55973.478679593405,2530.736028242514,0.0,1200.000000000002,1200.0000000000068
2025-11-05,m1,43773.58186141515,43773.58186141515,14296.350027977973,58069.93188939312,3548.3331744871957,0.0,1200.0000000000068,1200.0000000000002
2025-11-06,m1,43815.365440493566,43815.365440493566,22914.530872170464,66729.89631266403,5551.44629699646,0.0,1200.0000000000002,1199.999999999996
2025-11-07,m1,20373.905264601482,20373.905264601482,2384.788532988617,22758.6937975901,823.6272627459571,0.0,1199.999999999996,1200.000000000008
2025-11-08,m1,17852.953309630873,17852.953309630873,5045.202014987503,22898.155324618376,1338.0632233140238,0.0,1200.000000000008,1200.0000000000018
2025-11-09,m1,44217.406497543605,44217.406497543605,18772.201411042864,62989.60790858647,4318.278868209379,0.0,1200.0000000000018,1200.0000000000123
2025-11-10,m1,45177.03614221144,45177.03614221144,21554.910661291713,66731.94680350315,5049.042873837141,0.0,1200.0000000000123,1200.0000000000007
2025-11-11,m1,45981.88685867004,45981.88685867004,11052.462005291969,57034.34886396201,2567.582001237737,0.0,1200.0000000000007,1200.0000000000007
2025-11-12,m1,45708.4685259258,45708.4685259258,12892.251773185048,58600.72029911084,2870.1822958344246,0.0,1200.0000000000007,1199.9999999999982
2025-11-13,m1,45515.58037319494,45515.58037319494,18057.794843725263,63573.375216920205,4614.560931880687,0.0,1199.9999999999982,1200.0000000000023
2025-11-14,m1,20991.71526679607,20991.71526679607,1837.2238250472287,22828.9390918433,649.7510914816169,0.0,1200.0000000000023,1200.000000000004
2025-11-15,m1,18107.84775105478,18107.84775105478,8232.495962654271,26340.34371370905,2007.8880763596032,0.0,1200.000000000004,1200.0000000000111
2025-11-16,m1,46666.197578127874,46666.197578127874,19208.453748301552,65874.65132642942,4353.361548752497,0.0,1200.0000000000111,1200.000000000006
2025-11-17,m1,47670.379621331056,47670.379621331056,9320.67955209188,56991.05917342294,2072.95491978821,0.0,1200.000000000006,1199.9999999999955
2025-11-18,m1,47224.19472042586,47224.19472042586,14955.465283335005,62179.660003760866,3647.921372751016,0.0,1199.9999999999955,1200.0000000000066
2025-11-19,m1,47193.15545746786,47193.15545746786,17695.051625040072,64888.20708250793,4140.6095031650275,0.0,1200.0000000000066,1200.0000000000018
2025-11-20,m1,48071.615076141476,48071.615076141476,13451.393761893847,61523.008838035326,3208.0462853095214,0.0,1200.0000000000018,1199.9999999999986
2025-11-21,m1,21604.6551281957,21604.6551281957,2612.3463092186907,24217.00143741439,1089.2775557509894,0.0,1199.9999999999986,1199.9999999999975
2025-11-22,m1,18194.815269656345,18194.815269656345,8963.761434178488,27158.576703834835,2348.0204216769644,0.0,1199.9999999999975,1199.9999999999977
2025-11-23,m1,48488.54758021993,48488.54758021993,16813.48317570873,65302.03075592866,3684.191575998405,0.0,1199.9999999999977,1200.0000000000057
2025-11-24,m1,48490.29385139624,48490.29385139624,11097.816937272328,59588.11078866857,2496.3639010118222,0.0,1200.0000000000057,1199.9999999999898
2025-11-25,m1,48453.48352769816,48453.48352769816,14441.789599436115,62895.27312713428,3254.592545301111,0.0,1199.9999999999898,1200.0000000000018
2025-11-26,m1,48501.23288150469,48501.23288150469,15394.711799196555,63895.94468070125,3678.6007104340015,0.0,1200.0000000000018,1200.000000000001
2025-11-27,m1,49089.34192618531,49089.34192618531,12256.568929664809,61345.91085585012,2953.6344008501455,0.0,1200.000000000001,1199.9999999999918
2025-11-28,m1,21747.17990097459,21747.17990097459,2674.0078232659766,24421.187724240564,881.4456031636771,0.0,1199.9999999999918,1199.9999999999964
2025-11-29,m1,19070.61658510256,19070.61658510256,15681.183923438544,34751.800508541106,4387.633710828286,0.0,1199.9999999999964,1199.9999999999936
2025-11-30,m1,49544.411553883474,49544.411553883474,22250.133309549994,71794.54486343346,5344.657576509312,0.0,1199.9999999999936,1200.0000000000005
2025-12-01,m1,50742.23418559872,50742.23418559872,38011.523497109745,88753.75768270847,9606.121889497259,0.0,1200.0000000000005,1200.0000000000048
2025-12-02,m1,53198.40856152198,53198.40856152198,34374.39258114206,87572.80114266404,8470.004846385593,0.0,1200.0000000000048,1200.000000000009
2025-12-03,m1,53987.91067045402,53987.91067045402,24881.79400417058,78869.7046746246,6600.599156612356,0.0,1200.000000000009,1200.000000000004
2025-12-04,m1,55090.73065101988,55090.73065101988,22438.379107533572,77529.10975855346,5217.751778104588,0.0,1200.000000000004,1200.0000000000032
2025-12-05,m1,26841.781963997237,26841.781963997237,9094.502540282712,35936.284504279945,2968.6214810700985,0.0,1200.0000000000032,1199.9999999999914
2025-12-06,m1,22303.507278200268,22303.507278200268,20744.724015540356,43048.231293740624,6063.956174534269,0.0,1199.9999999999914,1200.0000000000055
2025-12-07,m1,58324.24059871254,58324.24059871254,11258.440992036696,69582.68159074924,2461.3507491291793,0.0,1200.0000000000055,1200.0000000000084
2025-12-08,m1,59248.1364090462,59248.1364090462,7015.047730822936,66263.18413986913,1460.1850535628778,0.0,1200.0000000000084,1200.0000000000023
2025-12-09,m1,59231.63308129339,59231.63308129339,11440.60146950377,70672.23455079716,2281.2229505470673,0.0,1200.0000000000023,1200.0000000000032
2025-12-10,m1,58740.286441036376,58740.286441036376,9167.864690552375,67908.15113158875,2294.4913933114,0.0,1200.0000000000032,1200.000000000006
2025-12-11,m1,58173.64473002352,58173.64473002352,9595.174196402593,67768.81892642612,2104.2909747111053,0.0,1200.000000000006,1200.0000000000043
2025-12-12,m1,27545.999521113255,27545.999521113255,8586.991991717861,36132.99151283112,3110.903122553329,0.0,1200.0000000000043,1200.0000000000123
2025-12-13,m1,25106.82306826098,25106.82306826098,12494.09419189926,37600.91726016024,3411.521284938051,0.0,1200.0000000000123,1199.9999999999934
2025-12-14,m1,58587.52084177018,58587.52084177018,11263.795622024645,69851.31646379482,2407.6919029161472,0.0,1199.9999999999934,1200.0000000000039
2025-12-15,m1,59336.754099131955,59336.754099131955,10495.260507806668,69832.01460693862,2434.31388159323,0.0,1200.0000000000039,1200.0000000000045
2025-12-16,m1,59267.904387592396,59267.904387592396,10430.101139558117,69698.00552715051,2199.431642194141,0.0,1200.0000000000045,1200.0000000000039
2025-12-17,m1,58747.475150453705,58747.475150453705,9346.518552974438,68093.99370342815,2140.546517805507,0.0,1200.0000000000039,1200.000000000006
2025-12-18,m1,58321.19237641648,58321.19237641648,11930.936505954764,70252.12888237124,2591.0366896651453,0.0,1200.000000000006,1200.0000000000086
2025-12-19,m1,29227.122130533506,29227.122130533506,4430.060659458548,33657.18278999205,1646.2175977996728,0.0,1200.0000000000086,1200.0000000000107
2025-12-20,m1,25411.761424689546,25411.761424689546,7814.2099631893325,33225.971387878875,2582.238142297287,0.0,1200.0000000000107,1200.000000000016
2025-12-21,m1,58298.87953636478,58298.87953636478,12935.599015009833,71234.47855137462,2969.204149937822,0.0,1200.000000000016,1200.000000000005
2025-12-22,m1,59338.74915638608,59338.74915638608,9757.35969584721,69096.10885223329,2083.2081676621933,0.0,1200.000000000005,1200.000000000003
2025-12-23,m1,59313.341075776436,59313.341075776436,5507.346972566213,64820.68804834265,1105.5333174282646,0.0,1200.000000000003,1199.9999999999993
2025-12-24,m1,57404.38574454234,57404.38574454234,13533.899488429997,70938.28523297234,2949.498947160747,0.0,1199.9999999999993,1200.0
2025-12-25,m1,57595.20324074055,57595.20324074055,11963.405581202329,69558.60882194288,2931.868830201959,0.0,1200.0,1200.0000000000018
2025-12-26,m1,28663.094952064876,28663.094952064876,4604.298604709583,33267.393556774456,1633.4837910079177,0.0,1200.0000000000018,1200.0000000000045
2025-12-27,m1,25438.257831147355,25438.257831147355,8096.744479208028,33535.00231035538,2321.1962935374895,0.0,1200.0000000000045,1199.999999999989
2025-12-28,m1,58421.19407938617,58421.19407938617,8791.852177858398,67213.04625724457,1901.8480742141128,0.0,1199.999999999989,1199.9999999999984
2025-12-29,m1,58777.33480342961,58777.33480342961,6004.9518225182055,64782.28662594781,1313.3130970189068,0.0,1199.9999999999984,1200.0000000000073
2025-12-30,m1,58418.09660511513,58418.09660511513,7605.710112593574,66023.8067177087,1557.9745732217505,0.0,1200.0000000000073,1200.0000000000118
2025-12-31,m1,59775.3806237767,59775.3806237767,14874.269769947381,74649.65039372408,3340.0187688371693,0.0,1200.0000000000118,6000.000000000005
2025-02-01,m2,23830.85286065196,23369.82907118141,4694.563134321465,28064.392205502878,1352.2039805949162,0.0,1200.0000000000082,1200.0000000000018
2025-02-02,m2,55136.339164578036,54945.741281266775,4123.8603775629535,59069.60165882973,760.6955454510905,0.0,1200.0000000000018,1200.0
2025-02-03,m2,52659.305411228415,51299.83533044019,18475.10793528892,69774.94326572912,4441.790815262167,0.0,1200.0,1200.0000000000018
2025-02-04,m2,52427.84535308702,51326.40999414958,24672.153001012775,75998.56299516236,5563.671575623267,0.0,1200.0000000000018,1199.9999999999982
2025-02-05,m2,52432.64647623292,53550.608920963095,10610.450417848015,64161.05933881111,2312.1684536857438,0.0,1199.9999999999982,1200.0
2025-02-06,m2,52430.58691911067,50385.658169474234,30120.114986266788,80505.77315574102,7133.873493830863,0.0,1200.0,1200.0
2025-02-07,m2,24883.49527524484,24053.540649023806,3736.2697425337146,27789.81039155752,1186.072424300713,0.0,1200.0,1200.0000000000018
2025-02-08,m2,21167.39659168879,23595.107727525097,2951.059551586003,26546.1672791111,1128.613240353065,0.0,1200.0000000000018,1200.0
2025-02-09,m2,50899.92349503124,51595.57177243231,17733.839983800674,69329.41175623299,3908.440348695898,0.0,1200.0,1200.0
2025-02-10,m2,50784.41163790908,49962.228587065874,8656.517275997803,58618.745863063676,1928.2541565640436,0.0,1200.0,1200.0000000000036
2025-02-11,m2,49822.06866073905,48347.85221494177,20975.424952610454,69323.27716755222,4541.968841071186,0.0,1200.0000000000036,1200.0000000000018
2025-02-12,m2,49852.415160435354,48335.17002188982,20283.826551624847,68618.99657351467,4469.726529935038,0.0,1200.0000000000018,1200.0
2025-02-13,m2,48816.966168461724,49196.737381435356,8538.185994666896,57734.92337610225,1897.3330256187455,0.0,1200.0,1200.0000000000018
2025-02-14,m2,21489.564858472826,22402.151011244838,9729.685456715892,32131.83646796073,2917.730249295024,0.0,1200.0000000000018,1200.0000000000018
2025-02-15,m2,19435.24934742164,19557.383863261348,9428.183652577769,28985.567515839117,2983.473349013074,0.0,1200.0000000000018,1200.0000000000018
2025-02-16,m2,48005.81687252763,45846.39292477399,32315.80361508837,78162.19653986236,7601.350132046917,0.0,1200.0000000000018,1200.0
2025-02-17,m2,46742.24862446853,44142.545532896445,28527.080100809406,72669.62563370584,7547.695460275679,0.0,1200.0,1200.0
2025-02-18,m2,45919.58585591244,47904.941636617965,10433.101389670901,58338.04302628887,2211.2180561719097,0.0,1200.0,1200.0
2025-02-19,m2,45491.91923574668,46673.21935453355,18479.553164000485,65152.77251853403,4025.4682778554743,0.0,1200.0,1200.0000000000018
2025-02-20,m2,45824.89277155746,45084.91054202021,19901.24655987569,64986.1571018959,4825.671848676133,0.0,1200.0000000000018,1200.0
2025-02-21,m2,20749.36998917991,21015.37209796117,5220.433847656535,26235.805945617707,1730.5312402829752,0.0,1200.0,1200.0000000000018
2025-02-22,m2,18541.880327290695,18647.289894191283,9487.03419533272,28134.324089524,2638.2314659177564,0.0,1200.0000000000018,1200.0000000000018
2025-02-23,m2,45628.701826417884,45164.23499692389,17992.715002631005,63156.9499995549,4376.633318509786,0.0,1200.0000000000018,1200.0
2025-02-24,m2,44394.1190905794,44650.766045363765,19746.148891477358,64396.91493684112,4401.23259772228,0.0,1200.0,1200.0
2025-02-25,m2,44238.22063139609,42082.700387881734,19894.09955568198,61976.79994356372,4478.717281484179,0.0,1200.0,1200.0
2025-02-26,m2,42861.98722030055,45651.39706954546,9788.612950494826,55440.01002004029,2241.182632909307,0.0,1200.0,1200.0
2025-02-27,m2,42833.285388010954,43675.10282379674,14502.98018925887,58178.08301305561,2900.778952045416,0.0,1200.0,1200.0000000000018
2025-02-28,m2,20025.507400574985,20470.890882800533,2161.5360755878387,22632.426958388372,902.6485012550287,0.0,1200.0000000000018,1200.0
2025-03-01,m2,17910.95515608294,17720.582851767307,8676.573307580926,26397.156159348233,2864.1152172496954,0.0,1200.0,1200.0
2025-03-02,m2,42399.59154137212,43648.17090524036,31546.831481223424,75195.00238646378,7519.956389096108,0.0,1200.0,1200.0000000000018
2025-03-03,m2,41794.060408396515,41449.29322561783,46161.29964457903,87610.59287019685,11497.675469754044,0.0,1200.0000000000018,1200.0
2025-03-04,m2,43120.958353698756,45168.415950429386,13071.061221815246,58239.47717224463,3114.987565481546,0.0,1200.0,1200.0
2025-03-05,m2,42597.67829182259,41178.90544089957,22690.329258740436,63869.23469964001,5540.99775187635,0.0,1200.0,1199.9999999999982
2025-03-06,m2,41820.36830324948,42470.45708617835,13126.150008371762,55596.60709455011,3143.919981678626,0.0,1199.9999999999982,1200.0
2025-03-07,m2,18402.4904185028,18053.565350795365,7261.316616366858,25314.881967162222,2080.805527097393,0.0,1200.0,1200.0
2025-03-08,m2,16813.373164768534,17032.089127930947,2864.329282797502,19896.41841072845,925.8126275973575,0.0,1200.0,1200.0000000000073
2025-03-09,m2,43878.64077908844,42157.6252622842,12775.828212801996,54933.45347508619,3172.3058831731937,0.0,1200.0000000000073,1200.0000000000036
2025-03-10,m2,41325.6835955414,42696.63970079792,14688.703350266644,57385.34305106456,3946.970657711175,0.0,1200.0000000000036,1200.0000000000018
2025-03-11,m2,41407.198144489535,47381.44839761797,10526.415275795753,57907.863673413725,2525.3736495773487,0.0,1200.0000000000018,1200.0
2025-03-12,m2,40227.05640545687,38677.315469562905,23200.55837523468,61877.873844797585,5665.422359485972,0.0,1200.0,1200.0
2025-03-13,m2,39656.68194084348,40754.96587542883,28343.908605385554,69098.87448081438,6887.8910901942645,0.0,1200.0,1200.0
2025-03-14,m2,17738.35610690571,18195.501422176956,2215.1321289517855,20410.63355112874,790.9090149111898,0.0,1200.0,1200.0000000000036
2025-03-15,m2,15578.990898572694,16274.932372723857,9277.723269801252,25552.65564252511,2385.305518105625,0.0,1200.0000000000036,1200.0
2025-03-16,m2,41148.174354979266,41825.864846446704,17236.876997734114,59062.74184418082,4016.943598626585,0.0,1200.0,1200.0
2025-03-17,m2,40410.2033399164,40128.77221670454,7310.247780479276,47439.019997183816,1726.4341902331857,0.0,1200.0,1200.0
2025-03-18,m2,39052.666081681906,37237.43178552288,29760.46569544405,66997.89748096693,6514.260023499952,0.0,1200.0,1200.0000000000018
2025-03-19,m2,38535.39006138833,43335.791487862574,9451.67290205363,52787.464389916204,2292.044335102588,0.0,1200.0000000000018,1200.0000000000036
2025-03-20,m2,38618.036120639874,38438.759195109975,29147.648153755672,67586.40734886564,7097.828892372197,0.0,1200.0000000000036,1200.0
2025-03-21,m2,17556.966602826644,17807.88998020347,3607.013875116892,21414.90385532036,1116.6439495612533,0.0,1200.0,1200.0
2025-03-22,m2,14822.415379904895,14644.226348023807,8603.917992835122,23248.14434085893,2248.3513319542712,0.0,1200.0,1200.0
2025-03-23,m2,38014.03927549024,36367.63102849678,22611.916306795098,58979.54733529188,5155.326307298331,0.0,1200.0,1200.0
2025-03-24,m2,37123.18669904128,37069.08715961935,14342.37504801081,51411.46220763016,3391.252580572257,0.0,1200.0,1200.0
2025-03-25,m2,36923.569328663376,34917.90226699587,40202.92844549411,75120.83071248999,10438.891124374657,0.0,1200.0,1200.0000000000018
2025-03-26,m2,36818.02774091074,37167.8485780404,17762.57155913263,54930.42013717303,4391.274589373059,0.0,1200.0000000000018,1200.0
2025-03-27,m2,36395.62854148797,35033.16077240958,31416.528885017535,66449.68965742711,7143.595098102329,0.0,1200.0,1200.0000000000018
2025-03-28,m2,16796.400921098695,16709.210999317576,3991.57681859096,20700.78781790854,1089.0720820775155,0.0,1200.0000000000018,1200.0
2025-03-29,m2,14552.480762356197,15111.029545395142,6088.430669961365,21199.460215356507,1539.6057032560398,0.0,1200.0,1200.0
2025-03-30,m2,35317.152954348945,33575.337034229335,28498.63164770862,62073.96868193796,7086.657700633614,0.0,1200.0,1200.0000000000018
2025-03-31,m2,35176.911028615286,38694.83973567323,10864.50779878965,49559.34753446288,2478.5371235696775,0.0,1200.0000000000018,1200.0000000000018
2025-04-01,m2,35330.96509421058,34568.121366544154,33725.902734783056,68294.0241013272,9492.393835459994,0.0,1200.0000000000018,1200.0
2025-04-02,m2,34105.46125316801,34208.08214599331,36176.69982531999,70384.78197131329,8703.433229957687,0.0,1200.0,1200.0000000000018
2025-04-03,m2,35772.50563956,33981.61955662051,26969.98558932507,60951.605145945585,6093.798586829647,0.0,1200.0000000000018,1200.0000000000018
2025-04-04,m2,16044.774461874234,16061.373438023375,3749.391664534852,19810.765102558227,1164.1628164954395,0.0,1200.0000000000018,1200.0
2025-04-05,m2,14139.16178140237,14429.782187260083,8348.438613723258,22778.22080098334,2457.1839346855927,0.0,1200.0,1200.0000000000036
2025-04-06,m2,34339.04234110916,34450.26846485575,14948.095039866246,49398.363504721994,4045.414319881189,0.0,1200.0000000000036,1200.0
2025-04-07,m2,34853.76496557081,37240.99148208622,8252.72991068012,45493.72139276634,1894.4415040881825,0.0,1200.0,1200.0000000000018
2025-04-08,m2,34897.036100718404,33527.03158594745,28525.67587234496,62052.70745829241,6263.127551315774,0.0,1200.0000000000018,1200.0000000000018
2025-04-09,m2,34228.5254419921,35261.26909981429,20973.99919781389,56235.26829762818,5076.368219524782,0.0,1200.0000000000018,1200.0
2025-04-10,m2,34629.930680444624,34374.7595247745,22943.842799858983,57318.60232463348,5042.183042534316,0.0,1200.0,1200.0
2025-04-11,m2,15579.93109738446,16474.078163723974,2238.026546907834,18712.104710631807,891.460022294906,0.0,1200.0,1199.9999999999964
2025-04-12,m2,14024.301645898162,13902.996684709136,13598.991976945334,27501.988661654468,3736.510200485376,0.0,1199.9999999999964,1200.0
2025-04-13,m2,33483.563106678375,34019.718572107246,19494.1848024473,53513.903374554546,4333.1787269291235,0.0,1200.0,1200.0
2025-04-14,m2,33390.192296987574,31501.662676045788,30624.659916520708,62126.322592566496,6962.074597276052,0.0,1200.0,1200.0
2025-04-15,m2,33761.23371326756,35659.24885355064,7287.9415564457095,42947.19040999635,1509.1552958475881,0.0,1200.0,1200.0000000000018
2025-04-16,m2,33571.317970097705,34481.70222128648,16699.657603447115,51181.3598247336,4073.6885889266455,0.0,1200.0000000000018,1200.0
2025-04-17,m2,33231.10233378586,36044.28852812783,13467.378044223913,49511.66657235174,2813.0341555761797,0.0,1200.0,1200.0000000000018
2025-04-18,m2,14704.4828344189,14877.45571561557,3133.5998626974997,18011.05557831307,1152.3775068744872,0.0,1200.0000000000018,1199.9999999999982
2025-04-19,m2,13085.653705722663,14356.563875331352,6511.229186862049,20867.7930621934,2084.1843281789115,0.0,1199.9999999999982,1200.0
2025-04-20,m2,32159.27147192575,33766.09157836154,14858.932976300985,48625.02455466252,3360.0472235307157,0.0,1200.0,1200.0
2025-04-21,m2,32273.98781832144,31069.097023012993,19228.893136641043,50297.99015965404,4721.039577789625,0.0,1200.0,1200.0
2025-04-22,m2,31820.101917094165,35511.42794042795,12080.393333381387,47591.82127380934,2693.956015973827,0.0,1200.0,1200.0000000000055
2025-04-23,m2,33008.12766464382,38815.671729841946,8625.17006778088,47440.84179762282,2033.9584864883627,0.0,1200.0000000000055,1200.0
2025-04-24,m2,31788.95943914666,33165.19373235456,13106.08962754278,46271.28335989734,2675.157377030565,0.0,1200.0,1199.9999999999982
2025-04-25,m2,13861.637893918394,13782.313767494828,2317.3837323085163,16099.697499803344,837.006388290836,0.0,1199.9999999999982,1200.0
2025-04-26,m2,12731.971287245113,13133.25784529874,4624.85091623597,17758.10876153471,1294.5697597583098,0.0,1200.0,1200.0000000000018
2025-04-27,m2,30726.722024396353,34619.46323872691,10812.79444025371,45432.25767898062,2542.4469865183246,0.0,1200.0000000000018,1200.0
2025-04-28,m2,30578.83823357882,31218.744462087012,32995.587226093165,64214.33168818017,8293.156415044006,0.0,1200.0,1200.0000000000018
2025-04-29,m2,31416.91290856988,33141.60141709252,8505.202343684403,41646.80376077692,2035.9200628037072,0.0,1200.0000000000018,1200.0
2025-04-30,m2,31394.061322528658,32952.33307628119,10728.193443715492,43680.52651999668,2417.3688752089793,0.0,1200.0,1200.0
2025-05-01,m2,29365.901679331655,31603.503015829374,28792.98288662236,60396.485902451735,6145.912296435051,0.0,1200.0,1200.0000000000018
2025-05-02,m2,14112.030812799381,14008.687480609207,17304.978429199073,31313.665909808282,4791.20295018016,0.0,1200.0000000000018,1200.0
2025-05-03,m2,13203.087816126528,13197.695711502836,17080.256364387933,30277.952075890767,4022.8643641655017,0.0,1200.0,1200.0
2025-05-04,m2,31937.651043640224,31122.400628322877,29175.894003000074,60298.29463132295,7462.5431160350945,0.0,1200.0,1199.9999999999982
2025-05-05,m2,32176.219525444634,31902.89327550549,38006.33734457004,69909.23062007553,8276.00088542248,0.0,1199.9999999999982,1200.0
2025-05-06,m2,32650.424571845295,36840.70328286829,13580.214598078594,50420.91788094689,3212.1645798348363,0.0,1200.0,1200.0000000000018
2025-05-07,m2,32957.582709986484,36855.94396547274,21024.417423481398,57880.36138895414,4493.616330991905,0.0,1200.0000000000018,1200.0000000000018
2025-05-08,m2,33003.75279597011,33464.151406689045,25846.164689951584,59310.31609664063,6410.975522647849,0.0,1200.0000000000018,1200.0000000000018
2025-05-09,m2,15881.139359906058,16527.979229716497,9112.67749637389,25640.656726090387,2344.1185573878247,0.0,1200.0000000000018,1200.0000000000018
2025-05-10,m2,13607.65368839889,14502.596517611684,12598.740129244296,27101.33664685598,3255.5685594340075,0.0,1200.0000000000018,1200.0000000000036
2025-05-11,m2,33076.57114322163,33771.52561003259,24450.14531979887,58221.67092983147,5880.162107741654,0.0,1200.0000000000036,1200.0000000000036
2025-05-12,m2,33487.377226554665,38591.2111356159,8195.938843356242,46787.14997897214,2171.2346971852894,0.0,1200.0000000000036,1200.0
2025-05-13,m2,33007.75164739687,34364.34464942501,21347.592101025948,55711.93675045096,4864.108699622875,0.0,1200.0,1200.0000000000036
2025-05-14,m2,32992.92618201891,33713.81095978507,25768.957330570156,59482.76829035523,5629.978282178899,0.0,1200.0000000000036,1200.0000000000018
2025-05-15,m2,32883.75484288647,33926.425849422776,22843.566535329905,56769.99238475268,5178.636300106582,0.0,1200.0000000000018,1200.0
2025-05-16,m2,15764.332071702158,15715.018124947706,4686.211433474519,20401.229558422227,1454.5240815810425,0.0,1200.0,1199.9999999999982
2025-05-17,m2,13526.779595156462,13736.720190883821,12268.579851298491,26005.300042182313,3714.95624476698,0.0,1199.9999999999982,1200.0000000000036
2025-05-18,m2,32719.4731973433,32375.578904367005,22470.956726993783,54846.53563136079,6024.453001200589,0.0,1200.0000000000036,1200.0000000000018
2025-05-19,m2,32656.15498171536,33440.90657067309,13157.608579075519,46598.51514974861,2801.2197405506504,0.0,1200.0000000000018,1200.0000000000018
2025-05-20,m2,32452.24255540129,35756.46696241504,11109.256141634713,46865.72310404976,2326.8855110371787,0.0,1200.0000000000018,1200.0000000000018
2025-05-21,m2,31768.39723811242,37074.5783238042,10545.648046789287,47620.22637059349,2450.9066553585526,0.0,1200.0000000000018,1200.0
2025-05-22,m2,32064.06201205527,33683.01921825861,16429.296692147273,50112.31591040589,3393.255448307359,0.0,1200.0,1200.0
2025-05-23,m2,15188.016565747985,16718.89914011494,3572.958366309993,20291.85750642493,1279.333779251872,0.0,1200.0,1199.9999999999982
2025-05-24,m2,13421.722423455381,13380.26470476413,6180.957641745954,19561.222346510083,1633.5083926635084,0.0,1199.9999999999982,1200.0000000000018
2025-05-25,m2,31694.795981437826,32255.46984742271,12723.386235611712,44978.85608303442,3158.5016950835347,0.0,1200.0000000000018,1200.0000000000036
2025-05-26,m2,32176.161057494446,38426.142870894866,11827.300321463714,50253.44319235858,2675.7586833322507,0.0,1200.0000000000036,1200.0
2025-05-27,m2,32471.83919742293,36338.21726228329,8349.591167498984,44687.80842978227,2017.5363029922742,0.0,1200.0,1200.0000000000018
2025-05-28,m2,31807.286761412113,33043.92912927881,20416.162813586463,53460.09194286527,4972.192699778928,0.0,1200.0000000000018,1200.0000000000018
2025-05-29,m2,32213.80780262466,34708.30782180225,19573.107971794576,54281.415793596825,4205.624341717732,0.0,1200.0000000000018,1200.0
2025-05-30,m2,15549.402791021712,16171.380772213686,4588.10313160345,20759.483903817134,1379.3193247436452,0.0,1200.0,1200.0000000000018
2025-05-31,m2,13492.26380175536,13095.853580346808,11304.188307645,24400.041887991807,3019.1959780784764,0.0,1200.0000000000018,1200.0000000000018
2025-06-01,m2,32208.50250332887,31242.068935894687,95665.52867845737,126907.59761435205,23970.534044695174,0.0,1200.0000000000018,1200.0
2025-06-02,m2,33411.73817107377,32823.89721845748,75910.29438840432,108734.1916068618,19308.16637286656,0.0,1200.0,1200.0
2025-06-03,m2,36779.13493821367,37569.954168201286,45558.62848405412,83128.5826522554,10807.873348542525,0.0,1200.0,1200.0
2025-06-04,m2,36886.443560276064,35571.24961675512,61377.122983244015,96948.37259999913,16805.524864876956,0.0,1200.0,1200.0
2025-06-05,m2,39795.13034722238,42167.63006682011,31403.367417470297,73570.9974842904,7879.707254662173,0.0,1200.0,1200.0
2025-06-06,m2,19617.249751427873,19290.27100414838,25457.900575460902,44748.17157960928,7455.1877515285305,0.0,1200.0,1200.0000000000018
2025-06-07,m2,15967.14169590916,16495.817373259124,36449.40756367507,52945.224936934195,9933.06497129323,0.0,1200.0000000000018,1200.0
2025-06-08,m2,42430.39695450742,44233.654353887185,23125.70505020179,67359.35940408897,4648.193092636857,0.0,1200.0,1200.0000000000018
2025-06-09,m2,43584.16385895685,42140.90930720509,38540.93774149618,80681.84704870127,8732.275676245772,0.0,1200.0000000000018,1200.0000000000018
2025-06-10,m2,44494.484652915424,47329.01267117809,15211.626083692887,62540.638754870975,3815.6994942534257,0.0,1200.0000000000018,1200.0
2025-06-11,m2,45653.03008535839,48013.64494228714,28890.512117094455,76904.1570593816,6295.16153781748,0.0,1200.0,1200.0000000000018
2025-06-12,m2,47805.00238651694,47822.73960360462,15461.749039061559,63284.488642666176,3292.091357638167,0.0,1200.0000000000018,1200.0000000000018
2025-06-13,m2,23462.654257094982,23936.81997045939,3917.229675068392,27854.049645527783,1358.6494620744613,0.0,1200.0000000000018,1199.9999999999982
2025-06-14,m2,18411.47302602995,18512.10603941644,18428.16819845255,36940.27423786899,5599.211458211392,0.0,1199.9999999999982,1199.9999999999964
2025-06-15,m2,43372.904562190684,47857.1300283007,13785.849378870895,61642.979407171595,2706.1944681367772,0.0,1199.9999999999964,1200.0
2025-06-16,m2,45760.191225689734,48406.09752653188,17270.605747806832,65676.70327433871,4061.0116944946176,0.0,1200.0,1200.0000000000018
2025-06-17,m2,46459.39766643451,49915.44780017614,21166.008476894367,71081.45627707051,4977.647229157081,0.0,1200.0000000000018,1200.0000000000018
2025-06-18,m2,47169.01831688568,49101.537455012265,10910.812775557233,60012.3502305695,2722.0343873036113,0.0,1200.0000000000018,1200.0
2025-06-19,m2,45228.273390548304,48639.49195382044,22354.829249487673,70994.32120330812,4750.233827905275,0.0,1200.0,1200.0
2025-06-20,m2,23410.18935524873,22936.278326454012,2058.875789335524,24995.154115789537,822.4583425304234,0.0,1200.0,1200.0000000000018
2025-06-21,m2,18411.073074103748,18237.647492465832,11402.666472477329,29640.31396494316,3016.5998731031896,0.0,1200.0000000000018,1199.9999999999982
2025-06-22,m2,43153.86903715051,45836.5579957006,12013.2103177788,57849.7683134794,2859.315773382232,0.0,1199.9999999999982,1200.0
2025-06-23,m2,44337.865190859215,45343.40692766122,15789.282463187235,61132.689390848456,3414.8988263319125,0.0,1200.0,1200.0
2025-06-24,m2,44657.51489991711,44217.17894654846,39948.24400777198,84165.42295432044,9833.328086524627,0.0,1200.0,1200.0000000000018
2025-06-25,m2,44936.90455408217,48908.92921957679,12855.33186835238,61764.261087929175,3022.5769786245987,0.0,1200.0000000000018,1200.0000000000018
2025-06-26,m2,43646.562672601256,46710.925067110395,19420.792686345434,66131.71775345583,4131.793181468474,0.0,1200.0000000000018,1200.0000000000018
2025-06-27,m2,20612.64604772719,20022.564564955675,5472.529047762074,25495.09361271775,1607.634869500249,0.0,1200.0000000000018,1200.0
2025-06-28,m2,17596.21632249799,17688.0653107389,10356.639100992339,28044.70441173124,2985.6357037789403,0.0,1200.0,1200.0000000000018
2025-06-29,m2,43237.77351116651,49623.630551845126,19144.04252988746,68767.67308173259,4192.059556065635,0.0,1200.0000000000018,1200.0000000000018
2025-06-30,m2,45115.594127483026,45414.3866879984,10348.613954832823,55763.00064283122,2544.460497175166,0.0,1200.0000000000018,1200.0
2025-07-01,m2,46142.493447531284,49872.248027798036,34081.484396600135,83953.73242439817,9277.900276333901,0.0,1200.0,1200.0
2025-07-02,m2,45735.41178939694,46260.09596665977,36016.55310918125,82276.64907584102,9331.864493631561,0.0,1200.0,1200.0
2025-07-03,m2,46058.99441942881,47363.127257604254,39645.50049282987,87008.62775043413,9308.645202777423,0.0,1200.0,1200.0
2025-07-04,m2,23317.491317171123,25069.638672102337,20147.51737068539,45217.15604278773,5805.903471429805,0.0,1200.0,1200.0
2025-07-05,m2,21253.185981376802,21438.3703968076,22307.74666417056,43746.11706097816,6219.898354768274,0.0,1200.0,1200.0000000000018
2025-07-06,m2,44510.26646689842,52775.53938560744,39337.5131602711,92113.05254587854,9022.266222295928,0.0,1200.0000000000018,1200.0
2025-07-07,m2,49390.991315898435,49271.91090680752,14614.513465623095,63886.424372430614,3223.469112151637,0.0,1200.0,1200.0
2025-07-08,m2,50942.88150463009,51109.4981058374,16263.525021637712,67373.02312747511,3344.3954076871087,0.0,1200.0,1200.0
2025-07-09,m2,49520.10666189482,48997.56813694898,17833.148385956163,66830.71652290515,3526.5649236401373,0.0,1200.0,1200.0
2025-07-10,m2,49212.8795113166,51023.16319571623,12093.296167885339,63116.45936360157,2752.3983941667593,0.0,1200.0,1200.0
2025-07-11,m2,27648.04121729573,27010.758005268435,10028.080703723192,37038.83870899163,3237.706044324141,0.0,1200.0,1200.0
2025-07-12,m2,23570.746703618497,25634.63738510071,11290.477988183618,36925.11537328432,3470.324925549095,0.0,1200.0,1200.0000000000036
2025-07-13,m2,48383.514009587016,45890.66716418525,34275.82685417748,80166.49401836273,7131.769708745915,0.0,1200.0000000000036,1200.0
2025-07-14,m2,47228.0490851967,48356.799553621204,18073.552035345543,66430.35158896675,4365.767301211849,0.0,1200.0,1200.0
2025-07-15,m2,48395.31176524078,47200.14645498882,21300.1770068325,68500.32346182132,6005.396315445765,0.0,1200.0,1200.0
2025-07-16,m2,46968.64520276735,47115.9461266972,24626.059164669936,71742.00529136714,5384.692582720043,0.0,1200.0,1200.0
2025-07-17,m2,46580.423684636735,49437.41355974764,20704.429252535956,70141.8428122836,4459.711392755896,0.0,1200.0,1200.0
2025-07-18,m2,27414.92947953457,27120.042578343673,9891.409036372683,37011.45161471635,3004.9352702874558,0.0,1200.0,1200.0
2025-07-19,m2,23827.53289589071,23582.57649016317,18978.26895492331,42560.84544508648,5259.27117079663,0.0,1200.0,1200.0000000000018
2025-07-20,m2,46295.789801883584,46712.255615684,21845.790538278685,68558.04615396268,5645.884078404448,0.0,1200.0000000000018,1200.0
2025-07-21,m2,46539.70530139464,47224.83598897627,21400.18496894534,68625.02095792162,5527.220287555328,0.0,1200.0,1200.0
2025-07-22,m2,48255.26783595198,51357.63436213073,11055.425495184994,62413.059857315726,2657.6610689919453,0.0,1200.0,1200.0
2025-07-23,m2,47044.54475119958,44681.92551274602,50125.00789630855,94806.93340905456,11372.32620447845,0.0,1200.0,1200.0
2025-07-24,m2,47429.468949799644,45454.744980914904,37127.59343073635,82582.33841165126,8883.258725646392,0.0,1200.0,1200.0
2025-07-25,m2,27414.346359249434,27492.31731508682,3291.9443696724793,30784.2616847593,1000.9113783118537,0.0,1200.0,1200.0
2025-07-26,m2,24393.275478661453,24851.020629900388,8972.929680801848,33823.95031070223,3245.1289695768105,0.0,1200.0,1199.9999999999982
2025-07-27,m2,46846.5507309214,49277.76075449615,21549.199317892464,70826.96007238861,4699.1267911931045,0.0,1199.9999999999982,1200.0
2025-07-28,m2,47240.59234616361,48658.092197875354,22655.95207708887,71314.04427496422,5731.958777171007,0.0,1200.0,1200.0
2025-07-29,m2,48077.782946395644,53987.38465628443,8135.178806402717,62122.56346268715,1759.924599725585,0.0,1200.0,1200.0
2025-07-30,m2,47273.48123898267,57850.24098367565,9175.12412151551,67025.36510519116,2096.9770188376688,0.0,1200.0,1200.0
2025-07-31,m2,48002.63643796441,52915.60059368197,9955.303272910356,62870.90386659233,2092.879138413049,0.0,1200.0,1200.0
2025-08-01,m2,26453.277326941577,26091.51543440622,1777.7618339729809,27869.277268379203,508.3560210393481,0.0,1200.0,1200.0
2025-08-02,m2,24690.22847512035,24585.30964624727,15292.628350009674,39877.937996256944,3634.1417904002783,0.0,1200.0,1199.9999999999982
2025-08-03,m2,47029.089669747475,47553.69747102327,8832.171910906096,56385.86938192936,2009.8134662063544,0.0,1199.9999999999982,1200.0
2025-08-04,m2,46415.70026989191,47050.392106977924,16908.448909308612,63958.84101628653,4101.684833536673,0.0,1200.0,1200.0
2025-08-05,m2,45622.593272664315,47817.1717443072,8942.813730972786,56759.98547527999,2204.849208814435,0.0,1200.0,1200.0
2025-08-06,m2,44335.53867696829,43587.878486508154,35205.367252098906,78793.24573860706,8173.555807701776,0.0,1200.0,1200.0
2025-08-07,m2,44464.96139727574,44774.53985919948,19769.420902158723,64543.960761358205,4904.364943643899,0.0,1200.0,1200.0
2025-08-08,m2,25460.683022318382,25467.524844102452,2580.7704779425285,28048.29532204498,768.5113250162602,0.0,1200.0,1200.0
2025-08-09,m2,23277.13911148982,23372.152175757998,6830.093353358474,30202.245529116473,2214.0303861431375,0.0,1200.0,1200.0
2025-08-10,m2,40811.21299694096,40545.98497566585,36091.38774934824,76637.3727250141,8517.776162842523,0.0,1200.0,1200.0
2025-08-11,m2,43171.86295482856,45471.37933463098,12805.389337536437,58276.76867216742,3034.4325997182805,0.0,1200.0,1200.0
2025-08-12,m2,42897.497230291556,43550.65103614949,24473.933908136532,68024.58494428602,6064.448756943028,0.0,1200.0,1200.0
2025-08-13,m2,43119.499571078755,45957.619749407044,12211.661936206841,58169.28168561388,2972.1383282985207,0.0,1200.0,1200.0
2025-08-14,m2,42564.864866466254,45134.77124472304,19713.583793686048,64848.355038409085,4360.973782479388,0.0,1200.0,1200.0
2025-08-15,m2,25017.62509706236,24694.68337115664,12558.138117440436,37252.821488597074,3527.906981737645,0.0,1200.0,1200.0000000000036
2025-08-16,m2,23112.02638630384,22784.700013376732,22746.093644430694,45530.79365780743,5633.77003901219,0.0,1200.0000000000036,1200.0
2025-08-17,m2,41973.03226230474,42553.74321169881,20585.062237143546,63138.80544884236,4807.663964465806,0.0,1200.0,1200.0
2025-08-18,m2,42594.806923731754,42421.246710552994,24836.05091999194,67257.29763054493,5244.986320726088,0.0,1200.0,1200.0
2025-08-19,m2,42880.603308740516,43506.55710846267,13128.657897998428,56635.2150064611,2988.313482763355,0.0,1200.0,1200.0
2025-08-20,m2,42205.404163507876,42205.26158174139,40661.898760542375,82867.16034228377,10089.275248795968,0.0,1200.0,1200.0
2025-08-21,m2,43199.274286197404,42854.66535196633,21856.60357419221,64711.26892615854,5256.63371779638,0.0,1200.0,1200.0
2025-08-22,m2,25100.497095526036,25019.251305810598,6961.867728960845,31981.119034771444,2266.2333806936754,0.0,1200.0,1200.0000000000018
2025-08-23,m2,23696.822052897158,24732.80664254451,4902.471229616126,29635.277872160637,1676.7655330389318,0.0,1200.0000000000018,1200.0
2025-08-24,m2,41802.26132184084,42558.91950658555,21555.4462373165,64114.36574390205,4756.590256033105,0.0,1200.0,1200.0
2025-08-25,m2,43204.3700156204,41786.324160287135,50539.769446792896,92326.09360708002,13101.237469482607,0.0,1200.0,1200.0000000000018
2025-08-26,m2,44409.2142240418,45439.26027084595,16369.682594076108,61808.942864922064,3618.5919203108765,0.0,1200.0000000000018,1200.0000000000018
2025-08-27,m2,44039.068230701196,48431.320201432274,20220.55221126019,68651.87241269246,4129.405521313351,0.0,1200.0000000000018,1200.0
2025-08-28,m2,43586.342428225515,49165.468619609004,22569.67790418707,71735.14652379608,5568.687007306724,0.0,1200.0,1200.0
2025-08-29,m2,26203.97423817944,25956.44543839391,15107.246442013777,41063.691880407685,4204.673057944284,0.0,1200.0,1200.0000000000018
2025-08-30,m2,23785.773546130822,23688.25693669445,16536.80372945955,40225.060666154,4505.0191445400815,0.0,1200.0000000000018,1200.0
2025-08-31,m2,42344.03710012945,44605.54957706026,19047.895309350195,63653.44488641045,4618.0593494503455,0.0,1200.0,1200.0
2025-09-01,m2,43612.19077036483,43335.388569029084,8529.702460265351,51865.09102929443,2630.598688070606,0.0,1200.0,1200.0
2025-09-02,m2,41174.812487528965,43659.39987185936,5190.326921288164,48849.72679314752,1003.5229320816796,0.0,1200.0,1200.0
2025-09-03,m2,41154.242002849336,41235.82798345754,3299.0068073294597,44534.834790787,863.1691790308037,0.0,1200.0,1200.0
2025-09-04,m2,38936.47671088711,38438.948241378064,12924.373735172318,51363.32197655038,2696.87239720278,0.0,1200.0,1200.0
2025-09-05,m2,22202.73967692122,21964.251794746076,25.971285152735224,21990.223079898813,12.147467330559039,0.0,1200.0,1200.0000000000036
2025-09-06,m2,18048.58124632629,17983.71375846979,6020.322455443034,24004.036213912823,2121.123174284111,0.0,1200.0000000000036,1199.9999999999982
2025-09-07,m2,35911.88145510109,38857.88530960207,9087.3313707491,47945.216680351165,1805.4113498111296,0.0,1199.9999999999982,1200.0000000000018
2025-09-08,m2,34500.55211894351,35631.00321854542,28282.142329519742,63913.145548065164,6691.121183020976,0.0,1200.0000000000018,1200.0
2025-09-09,m2,35557.500711426066,38934.426417255396,13270.369858816543,52204.79627607194,2628.4791517179024,0.0,1200.0,1199.9999999999982
2025-09-10,m2,35648.57167199945,36474.145665715194,35096.45791967142,71570.60358538662,8336.157596092271,0.0,1199.9999999999982,1200.0000000000018
2025-09-11,m2,36598.95000875513,35465.72431561135,25670.32711980679,61136.051435418136,6002.195471373216,0.0,1200.0000000000018,1200.0
2025-09-12,m2,20279.678319812614,20315.046136900535,2779.658777078568,23094.704913979105,782.0023709005739,0.0,1200.0,1200.0000000000036
2025-09-13,m2,18081.654527325692,18228.60943173135,4895.096287358182,23123.705719089532,1886.4399137939363,0.0,1200.0000000000036,1200.0
2025-09-14,m2,36254.52850191285,35503.928802116396,35099.69759354838,70603.62639566477,8366.013615801901,0.0,1200.0,1200.0
2025-09-15,m2,36407.66945407879,38540.473165641815,14283.380988111227,52823.85415375304,2979.0984675212685,0.0,1200.0,1200.0000000000018
2025-09-16,m2,35829.725477612534,35043.32732373186,35846.0520471497,70889.37937088156,9367.18141013549,0.0,1200.0000000000018,1199.9999999999982
2025-09-17,m2,37530.35722566793,36894.824496286776,28038.97524427623,64933.799740563,6208.765656186204,0.0,1199.9999999999982,1200.0
2025-09-18,m2,36400.50830346803,42037.76616106951,16212.603683802607,58250.36984487211,3367.788637940278,0.0,1200.0,1200.0000000000018
2025-09-19,m2,21246.393699140044,21428.708297298614,3715.530912962042,25144.239210260654,1543.007357851792,0.0,1200.0000000000018,1200.0
2025-09-20,m2,18604.17955452881,18589.15067667059,8422.827711711867,27011.978388382457,2492.0844416518366,0.0,1200.0,1200.0000000000018
2025-09-21,m2,37787.2110353072,37469.07779909817,18196.845632491346,55665.923431589516,3925.668167960629,0.0,1200.0000000000018,1200.0
2025-09-22,m2,37162.25004982694,35581.80510145792,39697.38416262694,75279.18926408485,10121.637060449342,0.0,1200.0,1200.0000000000018
2025-09-23,m2,37500.522096074135,36845.2087047316,33876.31483720946,70721.52354194106,7658.726254060264,0.0,1200.0000000000018,1200.0
2025-09-24,m2,38588.95643590661,44278.026621784666,14163.428824910901,58441.45544669557,3345.944949174678,0.0,1200.0,1200.0
2025-09-25,m2,38152.003486288115,40821.87379949349,15188.27835296453,56010.152152458024,3774.6899053042307,0.0,1200.0,1200.0000000000018
2025-09-26,m2,21464.17009364144,21085.16745049521,4235.003915163768,25320.171365658978,1462.1483011627738,0.0,1200.0000000000018,1199.9999999999982
2025-09-27,m2,18601.607896443627,19282.186244574877,6693.046816966022,25975.2330615409,1996.022439419291,0.0,1199.9999999999982,1200.0000000000018
2025-09-28,m2,38169.64840082462,41679.33724728141,17874.886893492083,59554.22414077349,3965.302133292788,0.0,1200.0000000000018,1200.0
2025-09-29,m2,38398.05251394527,37089.09408550155,36720.78385483048,73809.87794033202,8465.134660632695,0.0,1200.0,1200.0
2025-09-30,m2,38967.262834084,41360.77206869139,27633.982452882923,68994.75452157432,6314.793523546135,0.0,1200.0,1199.9999999999964
2025-10-01,m2,40033.6191261573,39263.34642477626,5177.045320066423,44440.39174484268,1406.7645270918993,0.0,1199.9999999999964,1200.0
2025-10-02,m2,35621.70668824792,33973.542272267885,24148.3248493907,58121.867121658586,5609.628961661047,0.0,1200.0,1200.0000000000036
2025-10-03,m2,18849.548190934398,19552.834326407414,1132.4956199848507,20685.329946392263,498.2922743258826,0.0,1200.0000000000036,1200.0
2025-10-04,m2,16936.638114801834,16759.312572372153,9200.9846568578,25960.297229229953,2563.006989936523,0.0,1200.0,1200.0000000000073
2025-10-05,m2,36656.28007173705,35694.99458847798,18549.393665759795,54244.388254237776,4859.127014534983,0.0,1200.0000000000073,1200.0
2025-10-06,m2,36789.09116817356,40986.2339319289,8893.815545942089,49880.04947787099,2025.0651748419082,0.0,1200.0,1199.9999999999982
2025-10-07,m2,36443.649264922205,39251.006700299935,7779.271726369747,47030.27842666968,1813.0382674696705,0.0,1199.9999999999982,1199.9999999999982
2025-10-08,m2,33953.59500997969,35054.050629579535,19316.815622728012,54370.86625230755,4320.919907213232,0.0,1199.9999999999982,1200.0000000000018
2025-10-09,m2,34702.06033438421,33412.597363687164,36598.98575303341,70011.58311672058,9165.995875816048,0.0,1200.0000000000018,1200.0000000000018
2025-10-10,m2,17882.932493285458,17649.134878466608,6744.297408050785,24393.432286517393,2044.9193121373783,0.0,1200.0000000000018,1200.0000000000018
2025-10-11,m2,16162.567828782989,16098.594815567034,9092.594996103986,25191.18981167102,2848.3404625076837,0.0,1200.0000000000018,1200.0000000000036
2025-10-12,m2,35316.31032531549,35462.6922197128,22585.68589019322,58048.37810990602,4736.620408473589,0.0,1200.0000000000036,1200.0
2025-10-13,m2,36854.26759721371,36534.88405212721,25391.525333947844,61926.40938607505,6154.91997675998,0.0,1200.0,1199.9999999999982
2025-10-14,m2,37603.76447038033,37283.6525831755,30393.591015921822,67677.24359909732,7383.921750536572,0.0,1199.9999999999982,1200.0000000000036
2025-10-15,m2,35250.61146996884,33999.82155406018,47828.06521784055,81827.88677190072,11786.33459981579,0.0,1200.0000000000036,1200.0000000000018
2025-10-16,m2,36091.81983856329,37114.088734174125,35934.9901961608,73049.07893033492,8212.872894716427,0.0,1200.0000000000018,1200.0
2025-10-17,m2,18864.657803766975,21751.665653698285,1917.3006143854766,23668.96626808376,862.0891741963503,0.0,1200.0,1199.9999999999964
2025-10-18,m2,16903.81302535761,17030.06758390313,6837.106675502639,23867.174259405765,2254.0998914143374,0.0,1199.9999999999964,1200.0000000000018
2025-10-19,m2,37011.89969741757,36455.79295388677,37414.98438364308,73870.77733752984,8401.515681362871,0.0,1200.0000000000018,1200.0000000000018
2025-10-20,m2,39749.79700771002,38532.148211409796,34080.87966928191,72613.0278806917,7483.827640371306,0.0,1200.0000000000018,1200.0
2025-10-21,m2,40643.39513877217,40901.684354416226,20796.292056309496,61697.97641072572,5251.741479452692,0.0,1200.0,1200.0
2025-10-22,m2,38010.98751409953,38858.28650461413,28463.51579327123,67321.80229788536,6052.67353206984,0.0,1200.0,1200.0000000000018
2025-10-23,m2,39106.50770432518,37602.69160274491,42217.56508540594,79820.25668815085,11621.266429104575,0.0,1200.0000000000018,1200.0
2025-10-24,m2,18523.90836857504,18950.77555276942,5294.528821033202,24245.304373802624,1848.1195152710018,0.0,1200.0,1200.0
2025-10-25,m2,17263.365040007688,17359.66651028545,9062.461546414706,26422.128056700156,2644.5332878801437,0.0,1200.0,1200.0000000000018
2025-10-26,m2,40535.69676821683,38989.41665012225,32974.17390785191,71963.59055797415,8127.9344656757585,0.0,1200.0000000000018,1199.9999999999982
2025-10-27,m2,41718.434207608276,44486.66138736991,11506.579264819964,55993.240652189874,2578.6956023788553,0.0,1199.9999999999982,1200.0
2025-10-28,m2,42047.66935580298,45677.390479422786,12651.024166360596,58328.414645783385,2809.976334478645,0.0,1200.0,1200.0000000000036
2025-10-29,m2,39588.57845906063,39880.75154163932,35861.53408442735,75742.28562606667,8939.376594888705,0.0,1200.0000000000036,1200.0
2025-10-30,m2,40941.11592779249,43258.618003801734,14931.640750092527,58190.25875389426,3369.2179277651776,0.0,1200.0,1199.9999999999982
2025-10-31,m2,19496.72434080259,19304.04245875869,8195.12901164198,27499.17147040067,2635.156708664459,0.0,1199.9999999999982,1199.9999999999945
2025-11-01,m2,17187.896943901414,17237.16327513085,6109.230063359129,23346.39333848998,1774.028353975042,0.0,1199.9999999999945,1199.9999999999982
2025-11-02,m2,41176.587253569625,42878.84560974531,24391.457029789366,67270.30263953467,5256.425200184276,0.0,1199.9999999999982,1200.0
2025-11-03,m2,43272.05327444353,42179.5251693093,25784.0770869346,67963.6022562439,7149.237054780888,0.0,1200.0,1200.0000000000018
2025-11-04,m2,44294.69136679328,46087.60801943224,10655.664142519388,56743.27216195163,2274.2487866951274,0.0,1200.0000000000018,1200.0
2025-11-05,m2,43773.58186141515,42082.67288179601,32740.98486440981,74823.65774620582,8644.538951752616,0.0,1200.0,1200.0
2025-11-06,m2,43815.365440493566,45576.38832840463,19276.754135625837,64853.14246403047,4789.874647167158,0.0,1200.0,1200.0000000000018
2025-11-07,m2,20373.905264601475,20900.06116997772,2189.3011061891802,23089.3622761669,788.9726477090253,0.0,1200.0000000000018,1200.0
2025-11-08,m2,17852.95330963088,18061.30115077975,7498.614421413551,25559.9155721933,2269.020553810945,0.0,1200.0,1200.0000000000055
2025-11-09,m2,44217.4064975436,44410.922209314514,19697.26438149367,64108.18659080818,4555.879937730716,0.0,1200.0000000000055,1200.0
2025-11-10,m2,45177.036142211444,47411.53325579956,23504.715393937313,70916.24864973687,5385.468697942668,0.0,1200.0,1200.0
2025-11-11,m2,45981.88685867004,44711.606185828845,23170.661354741296,67882.26754057014,5209.105049773611,0.0,1200.0,1200.0
2025-11-12,m2,45708.4685259258,47782.523851335165,13314.241098198061,61096.76494953323,3050.9188027801956,0.0,1200.0,1200.0
2025-11-13,m2,45515.58037319494,48036.13372525967,13385.157497344268,61421.29122260394,3145.3821055301423,0.0,1200.0,1200.0000000000018
2025-11-14,m2,20991.71526679607,21129.610703938564,2023.0918962821597,23152.702600220724,828.3377702027838,0.0,1200.0000000000018,1200.0
2025-11-15,m2,18107.847751054782,17966.10435657219,11763.936737584288,29730.041094156477,3267.087686782009,0.0,1200.0,1200.0000000000018
2025-11-16,m2,46666.19757812788,49670.42833969202,13610.903988989689,63281.33232868171,3131.10902511299,0.0,1200.0000000000018,1200.0000000000036
2025-11-17,m2,47670.379621331056,53695.06296643292,6945.935564566082,60640.998530999,1583.2217072835238,0.0,1200.0000000000036,1200.0
2025-11-18,m2,47224.19472042586,48687.69174293922,14520.275979236318,63207.96772217554,3366.0193849355505,0.0,1200.0,1200.0000000000036
2025-11-19,m2,47193.15545746786,52429.189336210286,10746.874164560042,63176.063500770324,2569.297222753319,0.0,1200.0000000000036,1200.0
2025-11-20,m2,48071.61507614148,51260.55293353596,9906.512428127533,61167.065361663495,2302.8261246839593,0.0,1200.0,1200.0
2025-11-21,m2,21604.655128195704,24024.34854857821,2225.284866795624,26249.633415373835,919.8077469869684,0.0,1200.0,1200.0000000000018
2025-11-22,m2,18194.81526965634,18184.833017511068,12191.720580214609,30376.553597725677,3429.5329027096823,0.0,1200.0000000000018,1200.0
2025-11-23,m2,48488.54758021993,52107.6372046176,9809.612081649622,61917.24928626722,2141.0453137395903,0.0,1200.0,1200.0000000000018
2025-11-24,m2,48490.29385139624,50780.00412996354,8659.978114833799,59439.98224479734,1955.6874683463238,0.0,1200.0000000000018,1200.0
2025-11-25,m2,48453.48352769816,46555.427483347325,32934.33930398156,79489.76678732887,8138.944306489543,0.0,1200.0,1200.0
2025-11-26,m2,48501.23288150469,50092.930620214465,17398.110272620725,67491.04089283518,4314.803819287794,0.0,1200.0,1200.0
2025-11-27,m2,49089.34192618531,51529.40205932102,9574.829342365701,61104.231401686724,2297.0307872005633,0.0,1200.0,1200.0000000000018
2025-11-28,m2,21747.17990097458,22662.204007872348,2184.0022293099555,24846.206237182305,719.5659703181997,0.0,1200.0000000000018,1200.0000000000018
2025-11-29,m2,19070.616585102558,19068.24251274194,19439.816476788645,38508.05898953059,6234.367917861577,0.0,1200.0000000000018,1200.0000000000018
2025-11-30,m2,49544.41155388347,52533.09987643838,14344.37401496739,66877.47389140577,3766.7019275244384,0.0,1200.0000000000018,1200.0
2025-12-01,m2,50742.23418559872,49599.86743805411,50247.66834086829,99847.5357789224,12486.137244606593,0.0,1200.0,1200.0000000000018
2025-12-02,m2,53198.40856152198,52283.02285647495,43724.977412707456,96008.0002691824,11244.30832903337,0.0,1200.0000000000018,1200.0
2025-12-03,m2,53987.91067045402,60790.2759498642,16108.480930662081,76898.75688052629,4095.787160382776,0.0,1200.0,1200.0000000000018
2025-12-04,m2,55090.73065101988,54712.557345440946,32075.325743499852,86787.8830889408,7545.2358022465305,0.0,1200.0000000000018,1199.9999999999982
2025-12-05,m2,26841.78196399724,27880.560049763095,8368.339343256692,36248.89939301979,2826.797050509715,0.0,1199.9999999999982,1200.0000000000018
2025-12-06,m2,22303.507278200268,22185.87195329693,21016.376463437737,43202.24841673467,6031.040260191203,0.0,1200.0000000000018,1200.0000000000018
2025-12-07,m2,58324.24059871254,56764.32948282584,22384.64186472426,79148.9713475501,5539.52847451288,0.0,1200.0000000000018,1200.0
2025-12-08,m2,59248.1364090462,58918.3684439274,10573.19034674457,69491.55879067197,2464.2522880011093,0.0,1200.0,1200.0
2025-12-09,m2,59231.63308129339,58497.737005798015,13647.711602213994,72145.44860801201,2862.2577533952926,0.0,1200.0,1200.0
2025-12-10,m2,58740.28644103638,61055.97166576375,8933.341392885948,69989.3130586497,2143.448852051597,0.0,1200.0,1200.0000000000018
2025-12-11,m2,58173.64473002352,57276.17213412332,12656.501091689228,69932.67322581256,3075.4601851325287,0.0,1200.0000000000018,1200.0
2025-12-12,m2,27545.999521113255,29953.831963819393,7973.288432851781,37927.12039667118,2966.3031547907713,0.0,1200.0,1200.0000000000018
2025-12-13,m2,25106.823068260986,25795.33059369729,14519.364365706,40314.69495940329,3872.458458138405,0.0,1200.0000000000018,1200.0000000000018
2025-12-14,m2,58587.52084177018,63004.52456600492,7516.886376336136,70521.41094234106,1520.8285293042536,0.0,1200.0000000000018,1200.0
2025-12-15,m2,59336.75409913197,64629.8928316662,5381.586513320647,70011.47934498684,1113.6096559557177,0.0,1200.0,1200.0000000000036
2025-12-16,m2,59267.904387592396,59097.92524247676,12321.214646856199,71419.13988933296,2573.7276555560657,0.0,1200.0000000000036,1199.9999999999982
2025-12-17,m2,58747.47515045371,57704.08371152165,15578.005624071138,73282.08933559278,3691.8559627447153,0.0,1199.9999999999982,1200.0
2025-12-18,m2,58321.19237641648,60077.339895922014,10284.291451427587,70361.6313473496,2224.4201964553463,0.0,1200.0,1200.0000000000018
2025-12-19,m2,29227.12213053351,31056.27705241761,4184.742866836194,35241.0199192538,1590.6149250167182,0.0,1200.0000000000018,1200.0
2025-12-20,m2,25411.76142468955,25169.344157305342,10752.886082099645,35922.23023940499,3185.3370319346595,0.0,1200.0,1199.9999999999982
2025-12-21,m2,58298.87953636479,59065.44767889875,14833.07937582469,73898.52705472344,3476.5862435541612,0.0,1199.9999999999982,1200.0000000000018
2025-12-22,m2,59338.74915638609,61066.25563990523,9487.647840311609,70553.90348021683,2028.75004241631,0.0,1200.0000000000018,1200.0
2025-12-23,m2,59313.341075776436,58596.49196073951,10615.508807108024,69212.00076784754,2336.2536827065987,0.0,1200.0,1200.0
2025-12-24,m2,57404.385744542335,57566.38221155033,15195.504729947908,72761.88694149823,3349.6956232045573,0.0,1200.0,1200.0
2025-12-25,m2,57595.20324074055,60472.44030386531,9210.4220980632,69682.8624019285,2002.4081310121137,0.0,1200.0,1199.9999999999982
2025-12-26,m2,28663.094952064876,30288.80235603692,4172.906383573405,34461.70873961032,1496.0463204905832,0.0,1199.9999999999982,1200.0000000000055
2025-12-27,m2,25438.257831147355,26543.042995040814,7975.083603462149,34518.12659850296,2328.1823263863594,0.0,1200.0000000000055,1200.0000000000018
2025-12-28,m2,58421.19407938617,58656.313514361405,8645.430672241459,67301.74418660287,1801.0797871867662,0.0,1200.0000000000018,1200.0000000000018
2025-12-29,m2,58777.3348034296,61926.885606802825,4886.052170382554,66812.93777718538,1040.2676524427168,0.0,1200.0000000000018,1200.0000000000018
2025-12-30,m2,58418.09660511513,58440.992633099064,7791.3451274576055,66232.33776055666,1730.1875808847542,0.0,1200.0000000000018,1200.0
2025-12-31,m2,59775.380623776706,60210.702217078935,16851.567981836488,77062.27019891542,4012.3558396512044,0.0,1200.0,6000.0
2025-02-01,m3,23830.85286065196,23822.977217620228,3280.634928696996,27103.612146317224,1027.0216466483794,53.01221250000003,1200.0000000000082,1200.0000000000018
2025-02-02,m3,55136.339164578036,56076.50053772668,3144.866327035106,59221.36686476179,564.5377228775354,59.598235000000116,1200.0000000000018,1200.0
2025-02-03,m3,52659.305411228415,51975.74956504472,13788.068834491824,65763.81839953654,3310.7174794088296,59.621957500000065,1200.0,1200.0000000000018
2025-02-04,m3,52427.84535308702,52419.21777218771,20852.09827488668,73271.31604707439,4742.363379867471,58.53410499999998,1200.0000000000018,1200.0
2025-02-05,m3,52432.64647623292,55027.637828620595,7671.850948093773,62699.48877671437,1708.4117989329989,59.57263500000019,1200.0,1200.0
2025-02-06,m3,52430.58691911067,51212.30186464953,26718.92871010852,77931.23057475805,6308.664794479359,57.660512500000095,1200.0,1200.0
2025-02-07,m3,24883.49527524484,25057.13674232252,2962.9571962464643,28020.093938568985,1012.2591397953731,56.23424749999997,1200.0,1200.0
2025-02-08,m3,21167.39659168879,24702.230306534417,2380.953823856691,27083.184130391106,989.9585277325777,53.79148250000012,1200.0,1200.0
2025-02-09,m3,50899.92349503124,52494.36697989965,14108.394158770567,66602.76113867022,3087.6175892635083,55.07137000000017,1200.0,1200.0
2025-02-10,m3,50784.41163790908,50800.6395035852,6911.994912271344,57712.63441585654,1569.6009901044592,52.39470999999994,1200.0,1200.0000000000036
2025-02-11,m3,49822.06866073905,49108.210753206076,17824.880995887288,66933.09174909336,3856.1360496239436,57.3207625,1200.0000000000036,1200.0000000000018
2025-02-12,m3,49852.415160435354,48914.731252571466,15803.307560606816,64718.03881317828,3485.2703479333077,58.986684999999945,1200.0000000000018,1200.0
2025-02-13,m3,48816.966168461724,50034.95770805219,6454.815602872654,56489.773310924844,1463.3882297151322,61.425322499999936,1200.0,1200.0000000000018
2025-02-14,m3,21489.564858472826,22680.27643958209,9727.161598289651,32407.43803787174,2838.479536389261,61.663962499999926,1200.0000000000018,1200.0000000000018
2025-02-15,m3,19435.24934742164,20164.411658957684,7608.174395676879,27772.586054634565,2463.813612902907,61.08323749999988,1200.0000000000018,1200.0
2025-02-16,m3,48005.81687252763,46447.08635067226,26820.286157021197,73267.37250769345,6343.144688036781,61.04062499999998,1200.0,1200.0
2025-02-17,m3,46742.24862446853,44829.32653529611,22914.85549585428,67744.18203115038,6226.83457441181,64.5730675000003,1200.0,1200.0
2025-02-18,m3,45919.58585591244,49663.7355518122,8115.981632721282,57779.71718453348,1729.061589519443,65.68198250000002,1200.0,1200.0
2025-02-19,m3,45491.91923574668,48375.795518679595,14409.74394843688,62785.539467116476,3161.5577305484226,68.73224500000009,1200.0,1200.0000000000018
2025-02-20,m3,45824.89277155746,46035.82112369031,15270.46162466592,61306.28274835623,3712.902030569929,72.75066000000007,1200.0000000000018,1200.0
2025-02-21,m3,20749.36998917991,21906.69311572969,4581.212439384364,26487.905555114055,1576.8978970891615,72.79321249999992,1200.0,1200.0000000000018
2025-02-22,m3,18541.880327290695,19395.423429915343,7091.7341821024,26487.15761201774,2084.3389631454065,68.63570500000002,1200.0000000000018,1200.0000000000018
2025-02-23,m3,45628.701826417884,46927.96905329499,14232.232600715763,61160.20165401075,3522.6513872763917,71.85530500000002,1200.0000000000018,1200.0
2025-02-24,m3,44394.1190905794,46157.08350462142,16130.603317812103,62287.68682243352,3629.254060797296,72.24094250000003,1200.0,1200.0
2025-02-25,m3,44238.22063139609,42853.3389645145,14454.26521983061,57307.60418434511,3271.096681885955,70.34612750000024,1200.0,1200.0
2025-02-26,m3,42861.98722030055,47610.794924993344,7189.383777398053,54800.1787023914,1678.821826600224,70.91370000000006,1200.0,1200.0
2025-02-27,m3,42833.285388010954,45428.459443949214,10170.289618969513,55598.74906291872,1989.4014880086693,73.72054500000006,1200.0,1200.0000000000018
2025-02-28,m3,20025.507400574985,21384.09898332733,2097.796450933015,23481.895434260347,887.8698141399896,74.97121500000009,1200.0000000000018,1200.0
2025-03-01,m3,17910.95515608294,18227.53389372442,7100.392623583318,25327.926517307737,2398.815654228474,74.26919749999995,1200.0,1200.0
2025-03-02,m3,42399.59154137212,45383.31584514089,28578.533640813115,73961.84948595401,6752.355494438229,78.97528999999993,1200.0,1200.0
2025-03-03,m3,41794.060408396515,42524.337062766026,39268.10084062312,81792.43790338915,9873.300119574993,78.31082500000002,1200.0,1200.0
2025-03-04,m3,43120.958353698756,47301.184541476316,10057.50228246263,57358.686823938944,2425.924360572995,79.74242000000012,1200.0,1200.0
2025-03-05,m3,42597.67829182259,42359.97633270782,18000.117895664654,60360.09422837247,4390.583202364804,80.14508749999997,1200.0,1199.9999999999982
2025-03-06,m3,41820.36830324948,44554.31542260129,10316.846770768017,54871.16219336931,2471.093622289638,81.09570499999985,1199.9999999999982,1200.0
2025-03-07,m3,18402.4904185028,18674.68252273869,7225.110044135356,25899.792566874046,1993.9410448136696,80.78365000000002,1200.0,1200.0
2025-03-08,m3,16813.373164768534,18054.905700364186,2279.5678839296143,20334.473584293803,778.762570183314,81.91048749999999,1200.0,1200.0000000000073
2025-03-09,m3,43878.64077908844,43321.01503865179,9347.261718239502,52668.2767568913,2351.682712229117,81.65578999999983,1200.0000000000073,1200.0000000000036
2025-03-10,m3,41325.6835955414,44912.74672072479,11092.232508937735,56004.979229662524,3006.3654902385942,81.61643499999994,1200.0000000000036,1200.0000000000018
2025-03-11,m3,41407.198144489535,49613.47732416542,8071.0728250749235,57684.55014924034,1959.7017752590905,81.60211500000004,1200.0000000000018,1200.0
2025-03-12,m3,40227.05640545687,39798.876883613855,18055.09155854254,57853.968442156394,4440.4920870857495,82.00044999999997,1200.0,1200.0
2025-03-13,m3,39656.68194084348,42204.65381222564,22616.59694490584,64821.25075713148,5536.289143963439,84.52906250000018,1200.0,1200.0
2025-03-14,m3,17738.35610690571,18719.06546943801,2133.127239593703,20852.19270903171,766.5481146394841,82.05595750000016,1200.0,1200.0000000000036
2025-03-15,m3,15578.990898572694,17092.593725760795,7465.188042073795,24557.78176783459,1935.3448837535348,88.58848750000004,1200.0000000000036,1200.0
2025-03-16,m3,41148.174354979266,43822.45817228559,12472.949411124058,56295.407583409644,2967.999170243552,87.06730749999994,1200.0,1200.0
2025-03-17,m3,40410.2033399164,41365.87285220775,5343.188652789804,46709.06150499755,1276.416549276697,86.49267249999998,1200.0,1200.0
2025-03-18,m3,39052.666081681906,37955.41925626437,22725.223390022853,60680.642646287226,4918.200727963274,92.20399999999995,1200.0,1200.0000000000018
2025-03-19,m3,38535.39006138833,45763.544558797534,6849.778761371282,52613.32332016881,1769.3169673693733,90.53830500000016,1200.0000000000018,1200.0000000000036
2025-03-20,m3,38618.036120639874,40246.522079676564,25432.330566965487,65678.85264664204,6193.161338661865,92.95334500000004,1200.0000000000036,1200.0
2025-03-21,m3,17556.966602826644,18891.87299109706,2638.8161201807497,21530.68911127781,905.0125883061994,95.11623499999983,1200.0,1200.0
2025-03-22,m3,14822.415379904895,15189.928410910034,7854.411037136008,23044.33944804604,2047.3416116085582,94.29315500000001,1200.0,1200.0
2025-03-23,m3,38014.03927549024,37220.03082608711,17499.766597004946,54719.79742309205,4050.8683835185684,94.42842499999995,1200.0,1200.0
2025-03-24,m3,37123.18669904128,38290.67749222148,9033.6541682274,47324.33166044888,2200.7964702016984,94.03058749999998,1200.0,1200.0
2025-03-25,m3,36923.569328663376,35741.43596373412,37169.91699164953,72911.35295538366,9611.911450646678,94.020715,1200.0,1200.0000000000018
2025-03-26,m3,36818.02774091074,38973.03519823194,14876.29260381271,53849.32780204465,3742.2387241638576,95.05579000000013,1200.0000000000018,1200.0
2025-03-27,m3,36395.62854148797,35813.547754127365,23817.800862215274,59631.34861634264,5481.436609056014,94.28452000000006,1200.0,1200.0000000000018
2025-03-28,m3,16796.400921098695,17327.75625021707,4111.229749841017,21438.98600005809,1111.3470471109356,95.37777500000004,1200.0000000000018,1200.0
2025-03-29,m3,14552.480762356197,15737.338655885756,5381.72089214689,21119.059548032645,1372.4249332868426,95.12059500000029,1200.0,1200.0000000000018
2025-03-30,m3,35317.152954348945,34437.57920693867,24868.51013477716,59306.08934171584,6152.008678678389,94.47751500000011,1200.0000000000018,1200.0000000000018
2025-03-31,m3,35176.911028615286,41132.568106653416,9118.483411492722,50251.05151814614,2081.1166699092328,95.30845500000014,1200.0000000000018,1200.0000000000018
2025-04-01,m3,35330.96509421058,35659.28021563603,28138.729595990277,63798.0098116263,8107.981261323603,95.50132000000002,1200.0000000000018,1200.0
2025-04-02,m3,34105.46125316801,36110.16318242951,29470.938375849175,65581.1015582787,7123.295790367826,95.3485,1200.0,1200.0000000000018
2025-04-03,m3,35772.50563956,34643.65892954847,21169.73376400512,55813.392693553586,4871.771938377614,95.65581000000017,1200.0000000000018,1200.0000000000018
2025-04-04,m3,16044.774461874234,17038.91742040459,2892.082637329542,19931.00005773413,949.0046516420364,95.09562000000012,1200.0000000000018,1200.0
2025-04-05,m3,14139.16178140237,15180.655312823517,6593.143131578114,21773.798444401633,1940.6978864937064,95.73309250000021,1200.0,1200.0000000000036
2025-04-06,m3,34339.04234110916,35566.96161549048,11104.549052145654,46671.51066763613,3029.300828765526,98.14486500000001,1200.0000000000036,1200.0
2025-04-07,m3,34853.76496557081,39212.93248111383,5856.930596873112,45069.86307798694,1422.8851769380967,97.1969375000001,1200.0,1200.0000000000018
2025-04-08,m3,34897.036100718404,34323.425746498375,22272.38118923719,56595.80693573556,4913.929285292394,97.60748749999992,1200.0000000000018,1200.0000000000018
2025-04-09,m3,34228.5254419921,37639.80317562621,17391.229568051018,55031.032743677235,4190.328870437799,96.99166250000026,1200.0000000000018,1200.0
2025-04-10,m3,34629.930680444624,36007.58963266144,18618.560875280964,54626.1505079424,4121.399696989157,96.42036500000029,1200.0,1200.0
2025-04-11,m3,15579.93109738446,17696.495410834203,2208.127214973822,19904.622625808024,884.070172583089,97.05947499999996,1200.0,1199.9999999999964
2025-04-12,m3,14024.301645898162,14380.290584825085,11809.959431273335,26190.25001609842,3122.170319232671,99.32177499999995,1199.9999999999964,1200.0
2025-04-13,m3,33483.563106678375,35883.93625517006,13543.636927842223,49427.57318301228,2969.887792268788,97.48252249999987,1200.0,1200.0
2025-04-14,m3,33390.192296987574,31771.413889643743,24489.692038593104,56261.10592823685,5615.47254443962,99.01434500000023,1200.0,1200.0
2025-04-15,m3,33761.23371326756,37921.01408640638,5917.495491958161,43838.50957836454,1233.794904996032,101.9521050000002,1200.0,1200.0000000000018
2025-04-16,m3,33571.317970097705,36319.275872095735,11726.549204672909,48045.82507676864,2876.321244595507,100.82335249999993,1200.0000000000018,1200.0
2025-04-17,m3,33231.10233378586,38359.382511535216,11247.635877325709,49607.018388860924,2351.926261668546,100.27142500000014,1200.0,1200.0000000000018
2025-04-18,m3,14704.4828344189,15826.870653655227,3086.226527695744,18913.09718135097,1141.689324653431,99.95688250000038,1200.0000000000018,1199.9999999999982
2025-04-19,m3,13085.653705722663,15158.596200389078,5744.947501873106,20903.543702262185,1846.322382913495,100.19377500000013,1199.9999999999982,1200.0
2025-04-20,m3,32159.27147192575,35952.20408639968,10257.516621763314,46209.720708163,2354.2442931274463,99.90397499999997,1200.0,1200.0
2025-04-21,m3,32273.98781832144,31234.89237732367,16047.733451139578,47282.62582846325,3912.351471225733,99.86167499999995,1200.0,1200.0
2025-04-22,m3,31820.101917094165,37673.767900058476,7782.631383899832,45456.39928395831,1789.9184725007922,99.98417500000016,1200.0,1200.0000000000055
2025-04-23,m3,33008.12766464382,41419.57195345075,7666.2808365235,49085.85278997425,1844.0245046849132,99.51188500000006,1200.0000000000055,1200.0
2025-04-24,m3,31788.95943914666,35220.32050266402,9931.83495116275,45152.15545382677,1994.0388942970412,99.16949500000013,1200.0,1199.9999999999982
2025-04-25,m3,13861.637893918394,14360.20196847937,2133.884109068515,16494.086077547887,792.9700016241693,99.36580500000026,1199.9999999999982,1200.0
2025-04-26,m3,12731.971287245113,13839.487956356961,4319.27315951799,18158.76111587495,1222.1030381755886,101.71310250000005,1200.0,1200.0000000000018
2025-04-27,m3,30726.722024396353,36903.467500886436,8137.308465743622,45040.775966630055,1931.8341432008715,100.4724625,1200.0000000000018,1200.0
2025-04-28,m3,30578.83823357882,33227.338988597076,25419.629631993597,58646.96862059068,6495.385345196215,99.61051499999999,1200.0,1200.0000000000018
2025-04-29,m3,31416.91290856988,35247.262079138105,6932.865787562458,42180.12786670056,1623.3515328245428,99.49705500000019,1200.0000000000018,1200.0000000000018
2025-04-30,m3,31394.061322528654,34918.48627983111,9252.055341840758,44170.541621671866,2094.510677307495,99.24804000000023,1200.0000000000018,1200.0
2025-05-01,m3,29365.901679331655,34075.195308109505,26012.68476809454,60087.88007620405,5533.191830255009,99.01126499999995,1200.0,1200.0000000000018
2025-05-02,m3,14112.030812799381,14626.044835258166,15761.056104634517,30387.100939892684,4237.360954369164,99.11985000000016,1200.0000000000018,1200.0
2025-05-03,m3,13203.087816126528,13783.34828249931,16600.539643790242,30383.88792628955,3860.399352204723,98.73641750000004,1200.0,1200.0
2025-05-04,m3,31937.651043640224,31275.51772760938,25805.103070609515,57080.62079821889,6569.364800958471,98.35867250000015,1200.0,1199.9999999999982
2025-05-05,m3,32176.219525444634,33608.87210750488,30529.620001359617,64138.4921088645,6670.149292088197,99.96333750000016,1199.9999999999982,1200.0
2025-05-06,m3,32650.424571845295,39209.19302669959,11637.096120861786,50846.28914756138,2822.2568321759245,100.0999650000004,1200.0,1200.0000000000018
2025-05-07,m3,32957.582709986484,39105.09733742994,18733.608300706786,57838.70563813673,3959.567239932714,99.76988750000027,1200.0000000000018,1200.0000000000018
2025-05-08,m3,33003.75279597011,34745.021553207815,20900.414031236658,55645.43558444447,5199.426409384849,99.42962500000004,1200.0000000000018,1200.0000000000018
2025-05-09,m3,15881.139359906058,17287.094740583583,6292.645035028096,23579.739775611677,1674.3860856702822,99.111325,1200.0000000000018,1200.0000000000018
2025-05-10,m3,13607.65368839889,15347.31223479848,12228.6041330361,27575.91636783458,3067.5029265202616,99.0071125,1200.0000000000018,1200.0000000000036
2025-05-11,m3,33076.57114322163,35427.434243467666,19069.628912214655,54497.06315568232,4597.092720160181,98.91148749999996,1200.0000000000036,1200.0000000000036
2025-05-12,m3,33487.377226554665,40862.3418104489,6844.894597663524,47707.236408112425,1814.2725608379437,98.54860000000008,1200.0000000000036,1200.0
2025-05-13,m3,33007.75164739687,34929.61086942106,21124.455656853657,56054.06652627472,4694.285642311805,98.11332500000015,1200.0,1200.0000000000036
2025-05-14,m3,32992.92618201891,35622.0585158831,21909.37997314,57531.4384890231,4767.512918963109,98.52663500000014,1200.0000000000036,1200.0000000000018
2025-05-15,m3,32883.75484288647,35752.01576698907,18909.877909526273,54661.89367651534,4293.348456155436,98.88934749999996,1200.0000000000018,1200.0
2025-05-16,m3,15764.332071702158,16330.309427867443,4674.901773860479,21005.21120172792,1451.8364248286566,98.91148749999996,1200.0,1199.9999999999982
2025-05-17,m3,13526.779595156462,14517.548418199613,15908.375212775318,30425.923630974932,4155.593439910472,98.54860000000008,1199.9999999999982,1200.0000000000036
2025-05-18,m3,32719.4731973433,32990.32311694751,18788.014300827337,51778.33741777485,5113.640058744314,98.41589500000012,1200.0000000000036,1200.0000000000018
2025-05-19,m3,32656.15498171536,34428.45917267768,10379.69055257454,44808.14972525222,2235.3959495804766,98.16806499999987,1200.0000000000018,1200.0000000000018
2025-05-20,m3,32452.24255540129,37901.7899105206,9623.01154590241,47524.80145642301,2006.7032681602993,97.9293324999999,1200.0000000000018,1200.0000000000018
2025-05-21,m3,31768.39723811242,39277.87462099917,9627.497292160275,48905.37191315945,2251.098278528246,97.6996975000002,1200.0000000000018,1200.0
2025-05-22,m3,32064.06201205527,35612.6271793031,12403.999388702761,48016.62656800586,2559.9046689449424,97.15790000000015,1200.0,1200.0
2025-05-23,m3,15188.016565747985,17493.46117731388,3169.3579019165736,20662.819079230452,1165.945777818831,97.5607200000002,1200.0,1199.9999999999982
2025-05-24,m3,13421.722423455381,13881.482966929874,6162.582676654029,20044.065643583905,1629.2356417992075,96.9564900000002,1199.9999999999982,1200.0000000000018
2025-05-25,m3,31694.795981437826,33335.89263530045,10302.714105432968,43638.60674073342,2528.467900792557,96.50235000000006,1200.0000000000018,1200.0000000000036
2025-05-26,m3,32176.161057494446,40629.68371679845,9064.853098606574,49694.53681540502,2043.282106166616,96.88152500000004,1200.0000000000036,1200.0
2025-05-27,m3,32471.83919742293,38474.92846475206,7635.237426233959,46110.16589098602,1859.915344050212,95.55340000000012,1200.0,1200.0000000000018
2025-05-28,m3,31807.286761412113,34954.9413030881,14062.332216607545,49017.27351969564,3460.24690853632,94.23224000000019,1200.0000000000018,1200.0
2025-05-29,m3,32213.80780262466,36742.12964261525,14811.665715711195,51553.795358326446,3169.4600447438356,93.94163000000019,1200.0,1200.0
2025-05-30,m3,15549.402791021712,16919.18003703001,1447.318513354906,18366.498550384917,623.169225601031,93.67766250000028,1200.0,1200.0000000000018
2025-05-31,m3,13492.26380175536,13348.066586441326,10199.078246521876,23547.144832963204,2766.6893742550956,93.22923750000024,1200.0000000000018,1200.0000000000018
2025-06-01,m3,32208.50250332887,32043.522013783873,90763.97196830083,122807.4939820847,22724.952919602772,92.48775000000018,1200.0000000000018,1200.0
2025-06-02,m3,33411.73817107377,33046.270883489495,74353.07549557812,107399.3463790676,19036.636804563757,92.81587500000013,1200.0,1200.0
2025-06-03,m3,36779.13493821367,39648.45634910891,37417.09226691564,77065.54861602455,8918.671614400511,94.14361500000012,1200.0,1200.0
2025-06-04,m3,36886.443560276064,35869.46925908913,62131.692582200834,98001.16184128996,16851.064954303212,93.61273500000024,1200.0,1200.0
2025-06-05,m3,39795.13034722238,44400.84339113305,25690.921627807747,70091.7650189408,6497.6870600085595,93.89061000000028,1200.0,1200.0
2025-06-06,m3,19617.249751427873,20154.99173842154,22344.76008829564,42499.75182671718,6531.622130885999,93.00115000000028,1200.0,1200.0000000000018
2025-06-07,m3,15967.14169590916,17140.13991572125,35254.30645040624,52394.44636612749,9431.80463710648,94.15667500000002,1200.0000000000018,1200.0
2025-06-08,m3,42430.39695450742,45530.24510813992,20874.339564649752,66404.58467278967,4146.617669542876,93.5589250000003,1200.0,1200.0000000000018
2025-06-09,m3,43584.16385895685,42843.76915504138,30941.754378077916,73785.5235331193,6983.133437901854,92.90116000000032,1200.0000000000018,1200.0000000000018
2025-06-10,m3,44494.484652915424,49679.66360198912,11749.68433747236,61429.347939461484,3006.6625741880125,92.18338000000018,1200.0000000000018,1200.0
2025-06-11,m3,45653.03008535839,50457.14603334978,23423.788068494414,73880.93410184419,5087.655137070446,92.48775000000018,1200.0,1200.0000000000018
2025-06-12,m3,47805.00238651694,50112.473382413285,12863.438760721681,62975.91214313496,2768.452946516687,91.78631250000012,1200.0000000000018,1200.0000000000018
2025-06-13,m3,23462.654257094982,25917.520316967722,2461.029257421398,28378.549574389122,1025.8925248800747,91.57818750000004,1200.0000000000018,1199.9999999999982
2025-06-14,m3,18411.47302602995,19406.472677203077,15907.876228696865,35314.34890589994,4855.03205373859,91.01713500000001,1199.9999999999982,1199.9999999999964
2025-06-15,m3,43372.904562190684,50406.320335143464,11760.3454373463,62166.66577248977,2297.297633481148,92.18338000000018,1199.9999999999964,1200.0000000000018
2025-06-16,m3,45760.191225689734,50914.94489178038,14015.04228268848,64929.987174468864,3316.199249296227,91.83003750000006,1200.0000000000018,1200.0000000000018
2025-06-17,m3,46459.39766643451,52300.16293302724,18936.231768925485,71236.39470195273,4450.004104986844,92.31109750000003,1200.0000000000018,1200.0000000000018
2025-06-18,m3,47169.01831688568,51348.785376514876,9005.387166748085,60354.17254326296,2246.1337411842374,91.07223250000018,1200.0000000000018,1200.0
2025-06-19,m3,45228.273390548304,49906.13512559202,17285.405701716474,67191.54082730849,3602.050289832805,90.40102750000005,1200.0,1200.0
2025-06-20,m3,23410.18935524873,23940.15281720991,1914.1377474455244,25854.290564655435,757.6212325304235,91.87209750000001,1200.0,1200.0000000000036
2025-06-21,m3,18411.073074103744,19324.54648424712,9668.98366473016,28993.53014897728,2619.2776745746537,90.97178749999995,1200.0000000000036,1199.9999999999982
2025-06-22,m3,43153.86903715051,47274.01433153757,9510.082742185365,56784.097073722936,2248.311287889296,90.08557749999993,1199.9999999999982,1200.0
2025-06-23,m3,44337.865190859215,47544.814378574374,12296.520166737859,59841.33454531223,2708.3097401428704,90.46650750000003,1200.0,1200.0
2025-06-24,m3,44657.51489991711,45839.25076307504,32642.64149893006,78481.8922620051,8115.21238133112,89.95274999999995,1200.0,1200.0000000000018
2025-06-25,m3,44936.90455408217,50900.045254755096,9189.012749984024,60089.05800473912,2205.7572726348662,89.89365000000005,1200.0000000000018,1200.0000000000018
2025-06-26,m3,43646.562672601256,48972.917577243905,14426.310025637507,63399.22760288141,3085.435535229965,89.70882499999993,1200.0000000000018,1200.0000000000018
2025-06-27,m3,20612.64604772719,20134.536717200677,5314.985135416562,25449.52185261724,1593.8190672336373,89.45066749999981,1200.0000000000018,1200.0
2025-06-28,m3,17596.21632249799,18260.632847498127,8680.888376836476,26941.521224334603,2579.58055392203,89.95933750000005,1200.0,1200.0000000000018
2025-06-29,m3,43237.77351116651,51158.55451446608,14462.298400426193,65620.85291489227,3115.9333007476525,89.88568750000005,1200.0000000000018,1200.0000000000018
2025-06-30,m3,45115.594127483026,47895.44351672862,6740.77284272615,54636.216359454775,1719.1380220557257,89.91585749999996,1200.0000000000018,1200.0
2025-07-01,m3,46142.493447531284,52389.834325831514,32244.90024306308,84634.7345688946,8892.98512473415,89.78824999999983,1200.0,1200.0
2025-07-02,m3,45735.41178939694,48437.52961181576,34325.53977529974,82763.0693871155,8959.037176413447,90.08804499999991,1200.0,1200.0
2025-07-03,m3,46058.99441942881,49764.67816921723,34838.76809753218,84603.44626674941,8226.613190873191,89.98931499999995,1200.0,1200.0
2025-07-04,m3,23317.491317171123,27092.19435770931,19610.42475849927,46702.61911620858,5675.76740896632,90.11639999999994,1200.0,1200.0
2025-07-05,m3,21253.185981376802,22269.623661965452,20649.74022691902,42919.36388888447,5815.534833797337,90.29324750000009,1200.0,1200.0000000000018
2025-07-06,m3,44510.26646689842,55331.9245803072,35747.776357013885,91079.70093732109,8220.482557403153,90.63867500000015,1200.0000000000018,1200.0
2025-07-07,m3,49390.991315898435,50991.15663385025,13386.271038423147,64377.4276722734,2956.5770877826862,90.24128750000008,1200.0,1200.0
2025-07-08,m3,50942.88150463009,52131.79990469985,12100.242896968794,64232.04280166865,2493.4640166237295,90.26488500000008,1200.0,1200.0
2025-07-09,m3,49520.10666189482,50007.64540200264,14031.72841986849,64039.37382187114,2696.7480225131662,89.96632500000001,1200.0,1200.0
2025-07-10,m3,49212.8795113166,53310.38847469227,10397.755768544153,63708.14424323643,2357.8084703055033,89.47282500000003,1200.0,1200.0
2025-07-11,m3,27648.04121729573,27524.95196528912,9134.150018350774,36659.10198363989,2834.078987409231,90.63406250000003,1200.0,1200.0
2025-07-12,m3,23570.746703618497,27541.265314219338,10528.929156206117,38070.19447042546,3277.8639505490946,90.96231250000004,1200.0,1200.0000000000036
2025-07-13,m3,48383.514009587016,46627.370308238045,30355.253456124323,76982.62376436236,6276.635940516819,90.46993750000003,1200.0000000000036,1200.0
2025-07-14,m3,47228.0490851967,49507.31326035133,13743.188957068762,63250.50221742009,3281.2717652535316,90.38816750000004,1200.0,1200.0
2025-07-15,m3,48395.31176524078,47945.14534144292,17402.437914948037,65347.58325639096,4948.4004654640285,91.061365,1200.0,1200.0
2025-07-16,m3,46968.64520276735,48551.395677615335,19940.357598848488,68491.75327646383,4368.063421332841,91.91178750000006,1200.0,1200.0
2025-07-17,m3,46580.423684636735,51482.06997949429,16538.878301046367,68020.94828054066,3618.2038962089327,91.7396875000001,1200.0,1200.0
2025-07-18,m3,27414.92947953457,27672.371328601697,7577.95893382246,35250.330262424155,2353.9564369210407,91.40586250000003,1200.0,1200.0
2025-07-19,m3,23827.53289589071,24095.598701856055,16722.9877399746,40818.58644183066,4700.902224545609,92.17321749999994,1200.0,1200.0000000000018
2025-07-20,m3,46295.789801883584,48386.07143222971,17595.501830160447,65981.57326239016,4599.766733277185,93.67600250000005,1200.0000000000018,1200.0
2025-07-21,m3,46539.70530139464,48626.306089052225,15648.772141109657,64275.07823016188,4117.10889800291,92.89047499999992,1200.0,1200.0
2025-07-22,m3,48255.26783595198,53883.21962981926,9616.48540118019,63499.70503099945,2351.035531532858,93.44603750000007,1200.0,1200.0
2025-07-23,m3,47044.54475119958,45210.85830056759,42852.41398083398,88063.27228140157,9877.794910931232,92.34556249999991,1200.0,1200.0
2025-07-24,m3,47429.468949799644,46110.5236539568,31371.277158523757,77481.80081248056,7481.311921638039,94.74467750000015,1200.0,1200.0
2025-07-25,m3,27414.346359249434,28179.34625800876,2735.7946625648665,30915.140920573627,858.1762997226239,94.6791350000004,1200.0,1200.0
2025-07-26,m3,24393.275478661453,25642.67691070174,7602.585283593707,33245.26219429544,2756.860002343323,93.80018750000028,1200.0,1199.9999999999982
2025-07-27,m3,46846.5507309214,50453.49356520157,16179.424769218165,66632.91833441974,3548.1550298735237,92.9684350000002,1199.9999999999982,1200.0
2025-07-28,m3,47240.59234616361,50949.685262970444,16379.612428756813,67329.29769172726,4277.022849292533,93.47923250000018,1200.0,1200.0
2025-07-29,m3,48077.782946395644,56592.912993383914,7346.843367935254,63939.75636131917,1593.1820464001203,93.74063250000023,1200.0,1200.0
2025-07-30,m3,47273.48123898267,60440.73300331517,6473.021017303186,66913.75402061835,1549.2653794873593,93.04479750000016,1200.0,1200.0
2025-07-31,m3,48002.63643796441,55418.870350515834,7896.004106038974,63314.87445655481,1685.8774304058154,92.79959999999994,1200.0,1200.0
2025-08-01,m3,26453.277326941577,26754.76953501441,1482.0518361435438,28236.821371157952,432.73054396667214,92.50591250000008,1200.0,1200.0
2025-08-02,m3,24690.22847512035,25130.29276468744,8345.610487753616,33475.90325244106,2186.11973291856,94.00583000000015,1200.0,1200.0
2025-08-03,m3,47029.08966974747,49822.724117249585,8111.474401656502,57934.19851890609,1860.1444528497336,93.74063250000023,1200.0,1200.0
2025-08-04,m3,46415.70026989191,48711.22351486994,14861.544651775035,63572.76816664498,3625.737469731085,93.6243550000004,1200.0,1200.0
2025-08-05,m3,45622.593272664315,49666.82344003848,6754.815577401686,56421.63901744017,1757.6777499000054,94.01038749999998,1200.0,1200.0
2025-08-06,m3,44335.53867696829,45070.10978195738,32380.175178987898,77450.28496094528,7538.045282799349,94.35564000000007,1200.0,1200.0
2025-08-07,m3,44464.96139727574,45255.92656146287,15033.347932253286,60289.274493716155,3872.2809975439786,94.63682750000007,1200.0,1200.0
2025-08-08,m3,25460.683022318382,26118.168545446948,2660.3860708160137,28778.55461626296,796.4629076473717,94.11637250000007,1200.0,1200.0
2025-08-09,m3,23277.13911148982,24117.403822995988,5814.745993798747,29932.149816794736,1883.7483229686309,94.39584250000027,1200.0,1200.0
2025-08-10,m3,40811.21299694096,41674.893588619074,31602.68962826807,73277.58321688714,7498.346431140214,95.42512499999998,1200.0,1200.0
2025-08-11,m3,43171.86295482856,47479.39996297905,9533.548543754805,57012.948506733854,2350.5594688919305,95.43160999999986,1200.0,1200.0
2025-08-12,m3,42897.497230291556,44337.44873162425,22055.793222813256,66393.24195443752,5359.502327291961,95.11637000000007,1200.0,1200.0
2025-08-13,m3,43119.499571078755,48019.43400758535,8703.985395631611,56723.41940321696,2124.9228505573574,94.93524500000018,1200.0,1200.0
2025-08-14,m3,42564.864866466254,46974.07618157251,15902.504868296415,62876.581049868924,3539.881727610623,94.88823500000004,1200.0,1200.0
2025-08-15,m3,25017.62509706236,25236.9939735816,12405.43000304852,37642.42397663012,3524.5269486478855,94.21338750000007,1200.0,1200.0000000000036
2025-08-16,m3,23112.02638630384,23278.77751058813,14400.651089453526,37679.428600041654,3646.4145941702855,94.22235750000013,1200.0000000000036,1200.0
2025-08-17,m3,41973.03226230474,42988.896679462974,15395.373369497964,58384.27004896094,3797.228589579595,93.90440249999989,1200.0,1200.0
2025-08-18,m3,42594.806923731754,44128.076709954454,20303.682752158973,64431.75946211343,4310.679967167796,93.26724749999994,1200.0,1200.0
2025-08-19,m3,42880.603308740516,45456.91749238255,10258.139405215281,55715.05689759783,2392.636120834084,92.31089250000015,1200.0,1200.0
2025-08-20,m3,42205.404163507876,43195.906448203874,34043.08364079817,77238.99008900204,8555.536853481877,92.12338749999992,1200.0,1200.0
2025-08-21,m3,43199.274286197404,43622.36307119971,18178.09765060609,61800.4607218058,4337.565670048724,92.23915499999981,1200.0,1200.0
2025-08-22,m3,25100.497095526036,25531.856282260702,6904.6153846601455,32436.471666920846,2291.986985866837,92.62967749999984,1200.0,1200.0000000000018
2025-08-23,m3,23696.822052897158,25469.7924117308,4576.328051068034,30046.120462798834,1526.9357337433175,94.28787000000004,1200.0000000000018,1200.0000000000018
2025-08-24,m3,41802.26132184084,44143.67872923516,17215.36372303612,61359.04245227128,3809.1474078365286,95.41984750000023,1200.0000000000018,1200.0
2025-08-25,m3,43204.3700156204,41961.27034960422,54576.694050065955,96537.96439967018,13385.974445481797,95.18123750000007,1200.0,1200.0000000000018
2025-08-26,m3,44409.2142240418,47408.16842226351,12899.163131297384,60307.33155356089,2868.801935880537,95.3291275000002,1200.0000000000018,1200.0000000000018
2025-08-27,m3,44039.068230701196,50577.07723806763,15767.260733468182,66344.3379715358,3233.3594577259933,95.1072925,1200.0000000000018,1200.0
2025-08-28,m3,43586.342428225515,51346.671633817445,18520.185022727943,69866.8566565454,4638.123604093711,94.65786250000006,1200.0,1200.0
2025-08-29,m3,26203.97423817944,26537.16442935521,10163.204914267319,36700.36934362253,2993.4205923461277,95.01129000000026,1200.0,1200.0000000000018
2025-08-30,m3,23785.773546130822,24402.165131241312,19477.178626221998,43879.34375746331,5314.243182799489,94.91957500000012,1200.0000000000018,1200.0
2025-08-31,m3,42344.03710012945,46768.53588289267,15966.562432147144,62735.09831503981,3820.3173879078035,94.90765250000017,1200.0,1200.0
2025-09-01,m3,43612.19077036483,43817.916522715284,6113.4725525271115,49931.3890752424,2054.3097174172517,94.90390500000007,1200.0,1200.0
2025-09-02,m3,41174.812487528965,45614.55272789639,2492.64575692339,48107.19848481978,478.88133171721483,94.53582750000008,1200.0,1200.0
2025-09-03,m3,41154.242002849336,42296.011414277265,1593.8700973637278,43889.881511641,402.01383577350816,93.95814000000021,1200.0,1200.0
2025-09-04,m3,38936.47671088711,39523.907956086274,9099.439095278078,48623.347051364355,1843.4164540828951,93.74872500000004,1200.0,1200.0
2025-09-05,m3,22202.73967692122,22662.906275681056,25.971285152735224,22688.877560833793,12.147467330559039,94.92619750000014,1200.0,1200.0000000000036
2025-09-06,m3,18048.58124632629,18533.724606269134,5140.274617995616,23673.99922426475,1905.1554360908558,95.28375500000001,1200.0000000000036,1199.9999999999982
2025-09-07,m3,35911.88145510109,41030.844070226434,7116.932239984624,48147.77631021106,1378.885037269445,95.04584750000006,1199.9999999999982,1200.0000000000018
2025-09-08,m3,34500.55211894351,36659.4307413584,24396.66762417424,61056.09836553264,5721.938077427502,95.00344249999998,1200.0000000000018,1200.0
2025-09-09,m3,35557.500711426066,40979.081238696,11407.054131116187,52386.13536981219,2231.2000418451507,94.43218750000005,1200.0,1199.9999999999982
2025-09-10,m3,35648.57167199945,37360.446835925584,30342.68610375638,67703.13293968196,7173.565216671114,93.84414500000017,1199.9999999999982,1200.0000000000018
2025-09-11,m3,36598.95000875513,36592.961509840155,23344.140265153314,59937.10177499347,5286.040014387182,93.70101499999997,1200.0000000000018,1200.0
2025-09-12,m3,20279.678319812614,21088.68692551534,2556.0405890774937,23644.727514592832,743.9545969982456,93.87206750000001,1200.0,1200.0000000000036
2025-09-13,m3,18081.654527325692,19029.156779766847,3974.090504944631,23003.247284711477,1673.2482159077672,95.01129000000026,1200.0000000000036,1200.0
2025-09-14,m3,36254.52850191285,35715.54070422943,33513.03306447403,69228.57376870347,7774.965696540125,94.91957500000012,1200.0,1200.0
2025-09-15,m3,36407.66945407879,40707.61450043693,11277.72838516026,51985.342885597194,2312.0822595251925,94.92619750000014,1200.0,1200.0000000000018
2025-09-16,m3,35829.725477612534,36080.65872704388,33376.43005286654,69457.08877991042,8628.421416822042,95.47823749999995,1200.0000000000018,1199.9999999999982
2025-09-17,m3,37530.35722566793,38309.69229107423,22789.12762134864,61098.81991242287,5078.592362630154,95.25089750000001,1199.9999999999982,1200.0
2025-09-18,m3,36400.50830346803,44565.49245841198,14189.638521620574,58755.130980032554,2912.784246754406,95.62596750000012,1200.0,1200.0000000000018
2025-09-19,m3,21246.393699140044,22264.75142433797,2459.138716724424,24723.890141062395,1087.0137563272483,95.41628749999995,1200.0000000000018,1200.0
2025-09-20,m3,18604.17955452881,19378.8679035441,6830.057196353486,26208.925099897584,2097.519252717448,95.20193749999991,1200.0,1200.0000000000018
2025-09-21,m3,37787.2110353072,39489.10747566901,13820.897703559742,53310.00517922875,2924.9967477909313,95.07602750000007,1200.0000000000018,1200.0
2025-09-22,m3,37162.25004982694,36396.310800244064,36347.8089556098,72744.11975585387,9210.611333700213,94.93766750000009,1200.0,1200.0000000000018
2025-09-23,m3,37500.522096074135,38301.95493747728,26047.517022634525,64349.47196011181,5857.557140836476,95.62596750000012,1200.0000000000018,1200.0
2025-09-24,m3,38588.95643590661,46793.81445803911,10384.809073915723,57178.62353195483,2553.128640089338,95.41628749999995,1200.0,1200.0
2025-09-25,m3,38152.003486288115,42977.709483875595,12781.72509895359,55759.434582829184,3179.6213366410616,95.44094000000007,1200.0,1200.0000000000018
2025-09-26,m3,21464.17009364144,21928.738630619733,3298.964591498562,25227.703222118296,1124.071719583139,95.3001799999999,1200.0000000000018,1199.9999999999982
2025-09-27,m3,18601.607896443627,20398.445781824244,5239.300165955883,25637.745947780128,1648.8983037007265,95.25089750000001,1199.9999999999982,1200.0000000000018
2025-09-28,m3,38169.64840082462,43832.58196895811,11783.677907694975,55616.25987665309,2687.530112006195,94.98859250000018,1200.0000000000018,1200.0
2025-09-29,m3,38398.05251394527,37900.67053252125,28837.568536971274,66738.23906949253,6650.763864796378,94.92361249999999,1200.0,1200.0
2025-09-30,m3,38967.262834084,43555.704506650465,22509.71867670928,66065.42318335974,5180.121033631303,95.91539000000007,1200.0,1199.9999999999964
2025-10-01,m3,40033.6191261573,41050.82508001155,3597.7658093477735,44648.59088935932,1062.5760879323989,97.17086999999981,1199.9999999999964,1200.0
2025-10-02,m3,35621.70668824792,34347.95419982146,19494.443676664177,53842.397876485644,4491.190765717642,96.53760749999995,1200.0,1200.0000000000036
2025-10-03,m3,18849.548190934398,20704.67888514697,1022.4463660911125,21727.12525123808,470.5343204638541,95.92862250000015,1200.0000000000036,1200.0
2025-10-04,m3,16936.638114801834,17167.412488059148,8868.882082102387,26036.294570161535,2511.910846215153,96.33461249999993,1200.0,1200.0000000000073
2025-10-05,m3,36656.28007173705,36225.414182908666,15452.736681279654,51678.15086418832,4051.987953228123,96.85227999999996,1200.0000000000073,1200.0
2025-10-06,m3,36789.09116817356,43508.366849626575,6467.723262884376,49976.09011251095,1462.8008925078739,97.97274999999985,1200.0,1199.9999999999982
2025-10-07,m3,36443.649264922205,41605.36639085727,4271.709733335795,45877.07612419307,1047.7241043560807,98.72841500000003,1199.9999999999982,1199.9999999999982
2025-10-08,m3,33953.59500997969,37331.93314337487,14902.796238176601,52234.72938155147,3241.8621798535787,98.40669500000007,1199.9999999999982,1200.0000000000018
2025-10-09,m3,34702.06033438421,33684.47678953741,34450.76974998346,68135.24653952087,8444.054915430434,98.56318750000003,1200.0000000000018,1200.0000000000018
2025-10-10,m3,17882.932493285458,18075.92990162767,4975.847066449782,23051.77696807745,1613.330599785565,98.96800249999977,1200.0000000000018,1200.0000000000018
2025-10-11,m3,16162.567828782989,16827.35309664887,7284.737689714433,24112.090786363304,2437.2512787629985,98.75666749999993,1200.0000000000018,1200.0000000000018
2025-10-12,m3,35316.31032531549,37591.47396688644,16950.682225417302,54542.156192303744,3525.0619559833945,98.51594750000004,1200.0000000000018,1200.0
2025-10-13,m3,36854.26759721371,38035.67643869976,23051.092658375666,61086.76909707543,5546.453676427168,98.91288750000001,1200.0,1199.9999999999982
2025-10-14,m3,37603.76447038033,38806.06154444945,24818.46119284101,63624.522737290456,6025.324749402142,99.02685000000008,1199.9999999999982,1200.0000000000036
2025-10-15,m3,35250.61146996884,35345.028452981285,42349.792241127056,77694.82069410835,10364.18246008294,99.68351500000009,1200.0000000000036,1200.0000000000018
2025-10-16,m3,36091.81983856329,39156.50478002704,30102.064538190112,69258.56931821715,6922.177156420872,100.1514024999999,1200.0000000000018,1200.0
2025-10-17,m3,18864.657803766975,23479.372403145317,1917.3006143854766,25396.673017530793,862.0891741963503,100.25487249999992,1200.0,1199.9999999999964
2025-10-18,m3,16903.81302535761,17902.301418395946,5520.885962941144,23423.18738133709,1922.0979629616716,100.58441999999997,1199.9999999999964,1200.0000000000018
2025-10-19,m3,37011.89969741757,38620.892923141546,29907.833487566528,68528.72641070807,6742.052240909321,100.29579999999987,1200.0000000000018,1200.0000000000018
2025-10-20,m3,39749.79700771002,39569.808856394695,25578.190202464946,65147.99905885964,5620.096139121266,100.02714249999985,1200.0000000000018,1200.0
2025-10-21,m3,40643.39513877217,43192.92338806054,14634.372136685075,57827.29552474561,3774.6271046658753,99.98944749999987,1200.0,1200.0
2025-10-22,m3,38010.98751409953,41458.07160888579,21386.661029905415,62844.7326387912,4548.96242385921,99.83336499999993,1200.0,1200.0000000000018
2025-10-23,m3,39106.50770432518,38412.93916065496,36876.13710604393,75289.07626669889,10301.556228102083,99.55889500000005,1200.0000000000018,1200.0
2025-10-24,m3,18523.90836857504,20109.580029724766,4079.625886189065,24189.20591591383,1459.6964324079242,100.13206249999996,1200.0,1200.0
2025-10-25,m3,17263.365040007688,18305.373537549574,6705.607553459955,25010.98109100953,2054.7135980701355,100.38113000000023,1200.0,1200.0000000000018
2025-10-26,m3,40535.69676821683,40617.2492551967,25272.524213842593,65889.7734690393,6300.85771637782,100.3396950000001,1200.0000000000018,1199.9999999999982
2025-10-27,m3,41718.434207608276,47125.709327181234,7561.114272274007,54686.82359945524,1732.0670469911397,100.73716999999982,1199.9999999999982,1200.0
2025-10-28,m3,42047.66935580298,48107.27722587542,7931.864875883516,56039.14210175894,1823.031610649552,100.4030599999999,1200.0,1200.0000000000036
2025-10-29,m3,39588.57845906063,42049.3298641602,26891.56553204752,68940.89539620772,6818.404314540834,100.99849999999992,1200.0000000000036,1199.9999999999982
2025-10-30,m3,40941.11592779249,45412.59831802023,10445.312283397674,55857.910601417905,2426.0215450441247,100.6612424999999,1199.9999999999982,1199.9999999999982
2025-10-31,m3,19496.72434080259,20301.50328590491,6696.851193993561,26998.35447989847,2135.0532305090455,102.29719750000015,1199.9999999999982,1199.9999999999945
2025-11-01,m3,17187.896943901414,18317.048780051737,5329.230058523997,23646.278838575734,1579.1414549280719,102.33288500000015,1199.9999999999945,1199.9999999999982
2025-11-02,m3,41176.587253569625,45408.47410212259,19289.440187531858,64697.91428965445,4122.087412873171,101.9629550000001,1199.9999999999982,1200.0
2025-11-03,m3,43272.05327444353,43276.457330303754,18062.834426648205,61339.29175695196,5305.344906649613,101.23078750000008,1200.0,1200.0000000000018
2025-11-04,m3,44294.69136679328,48805.77973276755,8444.719303392996,57250.499036160545,1809.2308746768076,101.55555000000022,1200.0000000000018,1200.0
2025-11-05,m3,43773.58186141515,43650.43848374523,25024.26930576843,68674.70778951366,6771.877160292992,100.96258250000005,1200.0,1200.0
2025-11-06,m3,43815.365440493566,48240.5333450512,12460.378660469469,60700.912005520666,3191.616199314083,102.041495,1200.0,1200.0000000000018
2025-11-07,m3,20373.905264601475,22460.750412529094,1500.5839270220963,23961.33433955119,625.3901076760797,101.95008499999992,1200.0000000000018,1200.0000000000018
2025-11-08,m3,17852.95330963088,18677.201131664322,5461.361188906041,24138.562320570363,1661.0062686298927,101.75294999999994,1200.0000000000018,1200.0000000000055
2025-11-09,m3,44217.4064975436,46596.684521845054,14099.55858993679,60696.24311178185,3216.424768541807,101.44441750000016,1200.0000000000055,1200.0
2025-11-10,m3,45177.036142211444,49866.11762314703,17787.546146485198,67653.66376963223,4073.507625928084,100.68462250000007,1200.0,1200.0
2025-11-11,m3,45981.88685867004,45675.71568860157,15073.581747984666,60749.29743658624,3415.6211195087735,100.07700250000016,1200.0,1200.0
2025-11-12,m3,45708.4685259258,50118.012446617926,9023.384885007652,59141.39733162558,2117.7441815048296,99.62155750000014,1200.0,1200.0
2025-11-13,m3,45515.58037319494,50327.833673138666,9180.669045811703,59508.50271895037,2153.104723576339,99.45976250000001,1200.0,1200.0000000000018
2025-11-14,m3,20991.71526679607,22612.979377934906,1364.3907298158324,23977.37010775074,566.2300793087654,99.54843749999978,1200.0000000000018,1200.0
2025-11-15,m3,18107.847751054782,18467.437585363066,10087.755122253657,28555.192707616723,2663.8945305386837,100.80171499999994,1200.0,1200.0000000000018
2025-11-16,m3,46666.19757812788,52267.82214524828,8748.50131613954,61016.32346138782,2024.382761847061,100.29466250000002,1200.0000000000018,1200.0000000000036
2025-11-17,m3,47670.379621331056,56261.56247117727,4676.40178060125,60937.96425177852,1122.6865451418362,99.96893750000002,1200.0000000000036,1200.0
2025-11-18,m3,47224.19472042586,51291.479748552985,11284.163421404068,62575.64316995705,2604.559767884479,99.45976250000001,1200.0,1200.0000000000036
2025-11-19,m3,47193.15545746786,54998.968864202325,8259.585837733814,63258.55470193614,2039.5938430812926,99.48986500000007,1200.0000000000036,1200.0
2025-11-20,m3,48071.61507614148,53761.26747881516,7611.686775538884,61372.954254354045,1826.7273430228456,99.1551549999999,1200.0,1200.0
2025-11-21,m3,21604.655128195704,26032.45219168392,2128.5123370950746,28160.964528778994,893.9634734255671,98.90583250000006,1200.0,1200.0000000000018
2025-11-22,m3,18194.81526965634,18734.133586603355,10105.594383580086,28839.72797018344,2859.707795313696,98.7418975000004,1200.0000000000018,1200.0
2025-11-23,m3,48488.54758021993,54589.765614964665,7739.685907590581,62329.451522555246,1709.601072452828,98.6683750000002,1200.0,1200.0000000000018
2025-11-24,m3,48490.29385139624,53208.725317601464,7017.800910140501,60226.52622774197,1595.104791301188,98.60820000000015,1200.0000000000018,1200.0
2025-11-25,m3,48453.48352769816,47382.03351776108,24974.475246766568,72356.50876452765,6253.582483881113,98.6498950000001,1200.0,1200.0
2025-11-26,m3,48501.23288150469,52159.06054133429,12704.431601673039,64863.49214300733,3193.3101539607037,98.47178499999998,1200.0,1200.0
2025-11-27,m3,49089.34192618531,53925.70681534987,6898.6321581732345,60824.3389735231,1691.5530550076926,98.17100500000002,1200.0,1200.0000000000018
2025-11-28,m3,21747.17990097458,24461.960404951533,1749.9191755937736,26211.879580545305,623.6698521236499,98.09107499999999,1200.0000000000018,1200.0000000000018
2025-11-29,m3,19070.616585102558,19545.158768106077,18067.00077702583,37612.15954513191,5713.5452486737595,98.01057000000006,1200.0000000000018,1200.0000000000018
2025-11-30,m3,49544.41155388347,54732.26085780586,9961.945303018543,64694.2061608244,2657.3248083639983,97.7063399999999,1200.0000000000018,1200.0
2025-12-01,m3,50742.23418559872,50491.20222694024,42343.436513147135,92834.63874008736,10643.81218499146,97.47470249999994,1200.0,1200.0000000000018
2025-12-02,m3,53198.40856152198,53768.06897826541,35618.69231474782,89386.76129301323,9307.38197129851,97.31565750000007,1200.0000000000018,1200.0
2025-12-03,m3,53987.91067045402,63126.86095283499,12417.276671263353,75544.13762409834,3326.313403997063,97.12962499999992,1200.0,1200.0000000000018
2025-12-04,m3,55090.73065101988,56462.709836861395,26748.11157287746,83210.82140973886,6360.006449779464,96.93488749999983,1200.0000000000018,1199.9999999999982
2025-12-05,m3,26841.78196399724,29862.978078707096,6735.349643633993,36598.32772234109,2448.059500350669,96.72361249999999,1199.9999999999982,1200.0000000000018
2025-12-06,m3,22303.507278200268,23518.481394285387,16579.081472873415,40097.562867158806,4926.097182408112,96.4783025000001,1200.0000000000018,1200.0000000000018
2025-12-07,m3,58324.24059871254,57706.761006887624,16710.967789889008,74417.72879677663,4173.783975333389,96.19895750000003,1200.0000000000018,1200.0
2025-12-08,m3,59248.1364090462,60179.9727694837,6751.985563519485,66931.95833300319,1528.583131139612,96.62878749999993,1200.0,1200.0
2025-12-09,m3,59231.63308129339,59540.81986743705,9339.111815632585,68879.93168306963,1858.2631900325396,96.38399500000013,1200.0,1200.0
2025-12-10,m3,58740.28644103638,63228.326276733125,7294.052206330802,70522.37848306392,1757.3433023618534,96.04106499999983,1200.0,1200.0000000000018
2025-12-11,m3,58173.64473002352,58917.729572850905,9253.304173305136,68171.03374615604,2245.3112978390172,95.86112499999987,1200.0000000000018,1200.0
2025-12-12,m3,27545.999521113255,31807.62404711944,6767.559762646843,38575.183809766284,2633.45466442043,95.84417500000012,1200.0,1200.0000000000018
2025-12-13,m3,25106.823068260986,26995.83428859741,11281.892029823397,38277.726318420806,3136.024348656852,95.6209,1200.0000000000018,1200.0000000000018
2025-12-14,m3,58587.52084177018,65280.29460197027,5848.486859661563,71128.78146163184,1176.1851648626491,95.29348499999998,1200.0000000000018,1199.9999999999982
2025-12-15,m3,59336.75409913197,66897.90421916917,4150.15143657277,71048.05565574193,860.9896096458838,94.65169499999988,1199.9999999999982,1200.0000000000036
2025-12-16,m3,59267.904387592396,60957.783260110424,8525.674649412571,69483.457909523,1750.6445232957753,94.12645500000002,1200.0000000000036,1199.9999999999982
2025-12-17,m3,58747.47515045371,58623.20981292055,10330.389185897187,68953.59899881773,2476.7690089677308,93.77716250000017,1199.9999999999982,1200.0
2025-12-18,m3,58321.19237641648,62306.92748289964,7144.860148783806,69451.78763168344,1594.3923576079237,93.4907750000001,1200.0,1200.0000000000018
2025-12-19,m3,29227.12213053351,33024.32864371575,3796.251400467982,36820.580044183735,1496.5114014306287,93.2344850000001,1200.0000000000018,1200.0
2025-12-20,m3,25411.76142468955,26364.13726305614,8423.314977626711,34787.45224068285,2677.5329364155173,93.12677499999991,1200.0,1199.9999999999982
2025-12-21,m3,58298.87953636479,60823.46086764884,10519.018850367358,71342.4797180162,2477.4132358923316,92.96772249999998,1199.9999999999982,1200.0
2025-12-22,m3,59338.74915638609,63164.086984516165,7093.559367911549,70257.64635242772,1522.47618666569,92.98132749999994,1200.0,1200.0
2025-12-23,m3,59313.341075776436,59606.81472755002,6754.874022665811,66361.68875021584,1434.2773734775114,92.876725,1200.0,1200.0
2025-12-24,m3,57404.385744542335,59525.27556835444,10776.756944778135,70302.03251313258,2402.5158745568183,92.8373299999999,1200.0,1200.0
2025-12-25,m3,57595.20324074055,62692.55012881252,7860.915697164596,70553.46582597712,1699.910060199043,93.05923249999992,1200.0,1199.9999999999982
2025-12-26,m3,28663.094952064876,32200.145091070903,3798.5257373155755,35998.67082838648,1403.9866662719446,93.51171750000009,1199.9999999999982,1200.0000000000055
2025-12-27,m3,25438.257831147355,28169.44529356397,5882.639055916663,34052.08434948063,1849.4096175411255,93.63420250000014,1200.0000000000055,1200.0
2025-12-28,m3,58421.19407938617,60603.793220053114,6722.848491668623,67326.64171172174,1406.3608738233627,93.80643749999996,1200.0,1200.0000000000018
2025-12-29,m3,58777.3348034296,64149.95039100098,4105.776150853722,68255.7265418547,877.4258524326738,93.37956750000005,1200.0000000000018,1200.0000000000018
2025-12-30,m3,58418.09660511513,60120.78499351678,5223.3193809779395,65344.104374494724,1145.2720366028407,93.11237250000002,1200.0000000000018,1200.0
2025-12-31,m3,59775.380623776706,62252.92978937388,12081.840942004023,74334.7707313779,2858.7365609606986,93.75057499999994,1200.0,6000.0
