date,method,plan_cost_yuan,emergency_cost_yuan,total_cost_yuan,emergency_kwh,soc_start_kwh,soc_end_kwh
2025-02-01,m1,21995.815274862904,4283.050218958333,26278.865493821235,1019.1533666666664,1200.0000000000082,1200.0000000000155
2025-02-02,m1,19828.134662289616,183737.33233469166,203565.46699698127,43978.102016666664,1200.0000000000155,1199.999999999992
2025-02-03,m1,51699.26832828156,12424.49964131667,64123.76796959824,3331.582733333334,1199.999999999992,1200.0000000000014
2025-02-04,m1,52988.78627099335,12192.013190016663,65180.799461010014,2936.3882833333328,1200.0000000000014,1200.0000000000002
2025-02-05,m1,53937.73908477296,6829.713891833333,60767.45297660629,1970.2572666666667,1200.0000000000002,1200.000000000001
2025-02-06,m1,53301.77674413056,7490.961005858333,60792.7377499889,1897.8490333333332,1200.000000000001,1200.0000000000118
2025-02-07,m1,52996.19319153666,0.0,52996.19319153666,0.0,1200.0000000000118,1200.0000000000045
2025-02-08,m1,19351.521988815926,10895.330944691666,30246.852933507595,2855.629533333333,1200.0000000000045,1200.0000000000032
2025-02-09,m1,18783.49036003708,194160.94859069167,212944.43895072874,46989.37088333333,1200.0000000000032,1200.0000000000055
2025-02-10,m1,52397.16524736777,3869.6690264249964,56266.83427379277,1123.8543833333324,1200.0000000000055,1199.9999999999982
2025-02-11,m1,48655.74466727246,10158.305253883338,58814.0499211558,2498.9159166666673,1199.9999999999982,1200.0000000000095
2025-02-12,m1,49476.05670551663,7351.65490218333,56827.71160769996,1830.8304999999996,1200.0000000000095,1200.0000000000039
2025-02-13,m1,49655.199050484836,3052.527881158331,52707.72693164317,981.1041999999995,1200.0000000000039,1200.0000000000043
2025-02-14,m1,46534.217525079504,31.489176666666708,46565.706701746174,14.728333333333353,1200.0000000000043,1200.000000000004
2025-02-15,m1,18419.350554745426,6128.612535441664,24547.96309018709,1726.9609666666659,1200.000000000004,1199.9999999999984
2025-02-16,m1,18455.098288963334,183380.06466738333,201835.16295634667,43520.66396666666,1199.9999999999984,1200.0000000000023
2025-02-17,m1,49331.03959292083,3660.604847424999,52991.64444034583,1076.0385333333334,1200.0000000000023,1200.000000000004
2025-02-18,m1,46240.73986686932,10677.841720416669,56918.58158728599,2584.105716666667,1200.000000000004,1200.000000000002
2025-02-19,m1,46947.8693440239,11763.699065908331,58711.56840993223,2913.592349999999,1200.000000000002,1200.0000000000055
2025-02-20,m1,47823.01473692809,7320.855388833335,55143.87012576142,2179.6478333333334,1200.0000000000055,1200.0000000000005
2025-02-21,m1,46215.68367963549,42.71724000000004,46258.40091963549,19.980000000000018,1200.0000000000005,1200.000000000011
2025-02-22,m1,17519.120478349996,11565.6608371,29084.781315449996,2923.1012,1200.000000000011,1200.0000000000027
2025-02-23,m1,17731.50286511833,172460.52586060835,190192.02872572668,41028.7027,1200.0000000000027,1200.0000000000014
2025-02-24,m1,46422.381929852905,5949.834520583332,52372.21645043624,1423.8128166666665,1200.0000000000014,1200.0000000000073
2025-02-25,m1,44335.784556354956,4864.225922233336,49200.010478588294,1264.8552833333338,1200.0000000000073,1200.000000000001
2025-02-26,m1,42819.97102896549,14622.944832983332,57442.91586194882,4077.766633333333,1200.000000000001,1199.9999999999986
2025-02-27,m1,44569.222067361254,10144.147706008327,54713.36977336958,2172.066049999999,1199.9999999999986,1200.0000000000016
2025-02-28,m1,44034.24143037005,83.54591333333342,44117.787343703385,39.07666666666671,1200.0000000000016,1199.9999999999968
2025-03-01,m1,16967.940192109218,10383.06687988333,27351.00707199255,2415.6056666666664,1199.9999999999968,1199.9999999999977
2025-03-02,m1,16512.29263017134,183003.9186021965,199516.21123236784,43771.72409485596,1199.9999999999977,1200.000000000005
2025-03-03,m1,47194.69250662827,13173.400712233328,60368.0932188616,3204.841566666666,1200.000000000005,1200.0000000000064
2025-03-04,m1,47149.596166960226,3822.519762541671,50972.115929501895,1188.2663166666675,1200.0000000000064,1199.9999999999982
2025-03-05,m1,44760.030016624005,5835.115315666668,50595.145332290675,1385.613483333333,1199.9999999999982,1199.9999999999993
2025-03-06,m1,42773.46428099031,9140.429607691669,51913.89388868198,2384.2601833333338,1199.9999999999993,1200.0000000000032
2025-03-07,m1,42638.62490307051,0.0,42638.62490307051,0.0,1200.0000000000032,1199.9999999999984
2025-03-08,m1,15754.922359874858,4828.524530033332,20583.44688990819,1502.8790166666663,1199.9999999999984,1200.0000000000016
2025-03-09,m1,15838.890681954155,159567.93071751666,175406.82139947082,37576.236999999994,1200.0000000000016,1200.000000000006
2025-03-10,m1,40994.22871451321,19577.010631499998,60571.2393460132,5884.741483333333,1200.000000000006,1200.0000000000005
2025-03-11,m1,43615.826834818785,5820.280491291664,49436.10732611045,1434.4198666666662,1200.0000000000005,1200.0000000000027
2025-03-12,m1,41183.60652322918,4735.130085750008,45918.73660897919,1346.9640666666683,1200.0000000000027,1199.9999999999925
2025-03-13,m1,40329.59876420358,25210.41200279167,65540.01076699526,6763.094116666668,1199.9999999999925,1200.0000000000039
2025-03-14,m1,43445.25312209892,0.0,43445.25312209892,0.0,1200.0000000000039,1199.9999999999936
2025-03-15,m1,15254.428506764507,14569.947603058332,29824.37610982284,4094.0315166666664,1199.9999999999936,1199.999999999999
2025-03-16,m1,15666.221009477158,156537.3942729833,172203.61528246047,37083.1507,1199.999999999999,1200.0000000000005
2025-03-17,m1,40634.98112533683,3372.647345675,44007.628471011834,786.9972833333331,1200.0000000000005,1200.0000000000048
2025-03-18,m1,37331.51628342598,20439.276186349998,57770.79246977598,4821.391783333333,1200.0000000000048,1200.0000000000032
2025-03-19,m1,39359.937093710796,3916.3628386666674,43276.299932377464,1096.0832000000005,1200.0000000000032,1200.0
2025-03-20,m1,38367.966420285484,14953.663768858332,53321.63018914382,4120.770433333333,1200.0,1199.9999999999977
2025-03-21,m1,40020.38205037753,17.67057000000009,40038.05262037753,8.265000000000043,1199.9999999999977,1200.0000000000002
2025-03-22,m1,14801.711276250988,11654.44586605833,26456.15714230932,3188.257083333333,1200.0000000000002,1199.9999999999986
2025-03-23,m1,14647.324272345395,149033.51138529167,163680.83565763707,35497.42546666667,1199.9999999999986,1200.0000000000007
2025-03-24,m1,37678.04641420673,12001.112538225,49679.158952431724,2827.5003166666665,1200.0000000000007,1200.0000000000084
2025-03-25,m1,37397.92408160555,18336.206505241673,55734.13058684723,4751.4824333333345,1200.0000000000084,1200.000000000002
2025-03-26,m1,39103.54130894586,5573.353797150002,44676.895106095864,1426.5785833333337,1200.000000000002,1200.0000000000034
2025-03-27,m1,35901.15772278333,18812.450484466666,54713.60820725,4722.778366666666,1200.0000000000034,1200.0000000000139
2025-03-28,m1,37654.833181643684,56.91356000000013,37711.746741643685,26.62000000000006,1200.0000000000139,1199.999999999995
2025-03-29,m1,14252.811018295948,5127.741621200001,19380.55263949595,1383.8143166666669,1199.999999999995,1200.0000000000007
2025-03-30,m1,14442.439767656586,133217.42554489165,147659.86531254824,32809.97356666667,1200.0000000000007,1200.0000000000023
2025-03-31,m1,35528.5706470795,15770.033399191667,51298.60404627117,4193.838766666668,1200.0000000000023,1200.0
2025-04-01,m1,36454.03805827696,16255.725602875002,52709.763661151956,4881.376249999999,1200.0,1199.9999999999986
2025-04-02,m1,38044.889848330364,17541.747031974995,55586.63688030536,3683.794883333333,1199.9999999999986,1199.9999999999957
2025-04-03,m1,38300.21552405167,9401.377236375,47701.592760426676,2252.2276500000007,1199.9999999999957,1200.000000000004
2025-04-04,m1,36003.71485271148,90.97902666666656,36094.693879378145,42.553333333333285,1200.000000000004,1200.0000000000027
2025-04-05,m1,13527.326216710037,13143.136405724996,26670.462622435032,3184.029299999999,1200.0000000000027,1199.999999999997
2025-04-06,m1,13852.382726576605,142243.8119975833,156096.19472415993,33718.16473333333,1199.999999999997,1199.9999999999995
2025-04-07,m1,34935.645039466355,8281.190829999996,43216.83586946635,2394.357266666666,1199.9999999999995,1199.9999999999918
2025-04-08,m1,34042.56891584312,20999.00831581666,55041.57723165978,4544.799133333332,1199.9999999999918,1199.9999999999932
2025-04-09,m1,35220.70617448593,23021.892709725005,58242.59888421094,6634.105000000001,1199.9999999999932,1200.0000000000045
2025-04-10,m1,37322.324233189254,7183.57665698333,44505.90089017258,1719.8711666666663,1200.0000000000045,1199.999999999996
2025-04-11,m1,35185.998610563765,59.86756333333345,35245.8661738971,28.001666666666722,1199.999999999996,1199.9999999999995
2025-04-12,m1,13307.09588275228,9876.15515153333,23183.25103428561,2768.435433333333,1199.9999999999995,1199.999999999998
2025-04-13,m1,13034.269197098518,147461.75674036666,160496.0259374652,34493.88538333333,1199.999999999998,1199.9999999999973
2025-04-14,m1,34708.40674237056,6751.975434791669,41460.382177162224,1894.5276833333337,1199.9999999999973,1200.0000000000064
2025-04-15,m1,33400.85480635927,11204.99022081667,44605.845027175936,2664.9437000000003,1200.0000000000064,1200.0000000000077
2025-04-16,m1,32659.942763204883,24973.929525233325,57633.87228843821,6848.1608333333315,1200.0000000000077,1200.0000000000116
2025-04-17,m1,35186.54679877858,6956.217959541665,42142.76475832025,1529.6828333333328,1200.0000000000116,1200.0000000000068
2025-04-18,m1,33993.84617333718,22.78039000000006,34016.62656333718,10.65500000000003,1200.0000000000068,1200.000000000004
2025-04-19,m1,12477.350128042652,6562.591389049999,19039.94151709265,1694.2994833333332,1200.000000000004,1200.0000000000007
2025-04-20,m1,12402.433498660497,139122.66345600833,151525.09695466884,33439.172933333335,1200.0000000000007,1200.0000000000045
2025-04-21,m1,33104.60331453777,7493.467036966666,40598.07035150444,1955.202283333333,1200.0000000000045,1200.000000000001
2025-04-22,m1,31360.757781685003,20713.883107333328,52074.64088901833,5627.704949999998,1200.000000000001,1200.0000000000027
2025-04-23,m1,33077.52766784142,6433.7475736,39511.27524144142,1830.2776999999996,1200.0000000000027,1199.999999999995
2025-04-24,m1,32514.507678417547,6855.340156508328,39369.84783492587,1473.8210499999986,1199.999999999995,1199.9999999999982
2025-04-25,m1,30855.479277004997,0.0,30855.479277004997,0.0,1199.9999999999982,1199.999999999999
2025-04-26,m1,11974.680991360601,6585.723215441666,18560.404206802268,1730.2099666666666,1199.999999999999,1200.0000000000023
2025-04-27,m1,12346.223099847592,128421.84788534166,140768.07098518926,31465.796883333333,1200.0000000000023,1200.0000000000011
2025-04-28,m1,31855.970227296853,33093.21571586667,64949.185943163524,9247.407916666667,1200.0000000000011,1200.0000000000014
2025-04-29,m1,35361.8001337703,4196.975677083336,39558.775810853636,1005.9298500000007,1200.0000000000014,1200.0000000000007
2025-04-30,m1,31199.57749878445,14595.876984599998,45795.45448338445,4143.386383333333,1200.0000000000007,1200.0000000000039
2025-05-01,m1,30803.402424574622,31818.137836175003,62621.54026074962,6862.000599999999,1200.0000000000039,1200.0000000000005
2025-05-02,m1,34476.77062186296,34.99193333333335,34511.76255519629,16.366666666666674,1200.0000000000005,1200.000000000006
2025-05-03,m1,15139.775155787529,5033.959496075,20173.734651862527,1214.8135666666667,1200.000000000006,1200.0000000000016
2025-05-04,m1,14528.862489517214,129813.26571264166,144342.12820215887,31610.507449999997,1200.0000000000016,1199.9999999999939
2025-05-05,m1,33948.49709628167,26714.897202999993,60663.39429928167,5912.210533333331,1199.9999999999939,1200.0000000000007
2025-05-06,m1,35710.0885217924,7643.434057475002,43353.5225792674,2051.1644833333344,1200.0000000000007,1200.0000000000023
2025-05-07,m1,34609.42026078,17840.494326216663,52449.91458699667,4357.600233333333,1200.0000000000023,1200.000000000006
2025-05-08,m1,36145.03482263404,12823.716173158333,48968.750995792376,3700.2758666666664,1200.000000000006,1199.9999999999973
2025-05-09,m1,36009.08577652192,0.0,36009.08577652192,0.0,1199.9999999999973,1199.9999999999982
2025-05-10,m1,14240.310160996853,11008.564700316665,25248.874861313518,2935.606133333333,1199.9999999999982,1199.9999999999995
2025-05-11,m1,14223.867447062596,141092.97740709168,155316.84485415427,33692.3111,1199.9999999999995,1200.0000000000007
2025-05-12,m1,35827.510071615856,10064.689303158331,45892.19937477419,2946.0985,1200.0000000000007,1199.9999999999945
2025-05-13,m1,33906.15154450111,19732.94136691666,53639.09291141777,4200.358566666666,1199.9999999999945,1199.9999999999982
2025-05-14,m1,34360.58693439424,9774.204134666668,44134.791069060906,2676.8298000000004,1199.9999999999982,1200.000000000004
2025-05-15,m1,34282.48370522329,12404.5414154,46687.02512062329,3143.0023,1200.000000000004,1200.0000000000018
2025-05-16,m1,34340.64624794197,0.0,34340.64624794197,0.0,1200.0000000000018,1199.9999999999977
2025-05-17,m1,13364.127240037806,12867.383871799999,26231.511111837804,3999.8432666666663,1199.9999999999977,1199.999999999996
2025-05-18,m1,14214.095779783025,136666.94580450834,150881.04158429138,32528.54183333333,1199.999999999996,1200.0000000000034
2025-05-19,m1,34177.27380127186,7352.017509399998,41529.29131067186,1551.7733166666667,1200.0000000000034,1199.9999999999943
2025-05-20,m1,31810.726809315,30692.075732358335,62502.802541673336,8297.7709,1199.9999999999943,1200.0000000000005
2025-05-21,m1,35021.63331091574,11757.694351616661,46779.32766253241,2831.817716666666,1200.0000000000005,1200.0000000000032
2025-05-22,m1,33761.362736882096,10668.595013158332,44429.95775004043,2805.399866666666,1200.0000000000032,1200.000000000004
2025-05-23,m1,33224.31807478425,3.1927466666666793,33227.51082145092,1.4933333333333394,1200.000000000004,1199.9999999999973
2025-05-24,m1,13362.722470886849,4112.014960600001,17474.73743148685,1200.7481833333336,1199.9999999999973,1199.9999999999973
2025-05-25,m1,13160.440136212352,120075.6806638,133236.12080001234,30000.50848333333,1199.9999999999973,1200.0000000000045
2025-05-26,m1,32131.930006171675,27516.401311824993,59648.331317996664,7313.700349999999,1200.0000000000045,1200.00000000001
2025-05-27,m1,34901.66210552892,5686.690418783335,40588.35252431226,1492.5734500000008,1200.00000000001,1199.9999999999977
2025-05-28,m1,32288.40403158796,19942.647032225002,52231.05106381296,5870.609283333334,1199.9999999999977,1200.0
2025-05-29,m1,33687.606215754495,18128.90652023333,51816.512735987824,4034.230999999998,1200.0,1200.0000000000014
2025-05-30,m1,35009.11701027092,7.294143333333505,35016.411153604255,3.411666666666747,1200.0000000000014,1199.999999999995
2025-05-31,m1,13519.493298946856,7526.922492,21046.415790946856,2364.0075999999995,1199.999999999995,1200.0000000000036
2025-06-01,m1,13262.408299461436,195779.39056594996,209041.7988654114,47762.27951666667,1200.0000000000036,1200.0000000000032
2025-06-02,m1,46100.004813830215,16604.115796533326,62704.12061036354,3942.522866666666,1200.0000000000032,1199.999999999994
2025-06-03,m1,45205.424212381535,15462.238416533331,60667.66262891487,3908.308216666666,1199.999999999994,1199.9999999999948
2025-06-04,m1,44567.920042586906,15168.728102824994,59736.6481454119,4522.695149999999,1199.9999999999948,1199.9999999999943
2025-06-05,m1,45015.26755288606,17280.92686982499,62296.19442271105,4135.917899999999,1199.9999999999943,1199.999999999997
2025-06-06,m1,46350.96275787201,0.0,46350.96275787201,0.0,1199.999999999997,1199.999999999997
2025-06-07,m1,20580.33386331536,14117.571341416668,34697.90520473203,3406.9989000000005,1199.999999999997,1199.999999999995
2025-06-08,m1,19575.41766837507,137958.30906847498,157533.72673685005,33520.53528333333,1199.999999999995,1200.0000000000068
2025-06-09,m1,42743.5272549261,30933.749537558328,73677.27679248442,7274.105633333333,1200.0000000000068,1199.999999999998
2025-06-10,m1,46574.382186650546,14444.750649183341,61019.13283583389,3874.602750000002,1199.999999999998,1199.999999999992
2025-06-11,m1,46663.60833025722,27845.42283238333,74509.03116264055,6414.74295,1199.999999999992,1199.9999999999932
2025-06-12,m1,50413.63365519131,6319.843895983334,56733.47755117465,1763.9351000000001,1199.9999999999932,1199.9999999999998
2025-06-13,m1,47647.722148202636,76.26602333333312,47723.988171535966,35.67166666666657,1199.9999999999998,1199.9999999999934
2025-06-14,m1,19439.72253358271,8439.63579235,27879.35832593271,2699.953916666667,1199.9999999999934,1199.9999999999952
2025-06-15,m1,19332.49012991759,168655.75218335833,187988.24231327593,39422.272249999995,1199.9999999999952,1199.9999999999998
2025-06-16,m1,45907.86763564333,17950.764943441667,63858.632579084995,4524.4034666666685,1199.9999999999998,1200.0000000000018
2025-06-17,m1,47630.83680336514,17483.913255458338,65114.75005882348,4607.295966666667,1200.0000000000018,1199.9999999999955
2025-06-18,m1,49043.39812084155,5656.780644174996,54700.17876501655,1614.105216666666,1199.9999999999955,1200.000000000001
2025-06-19,m1,46100.78228954261,11770.62213869166,57871.404428234266,2550.0224999999987,1200.000000000001,1199.999999999995
2025-06-20,m1,44728.8790002362,0.0,44728.8790002362,0.0,1199.999999999995,1199.9999999999945
2025-06-21,m1,18099.42367520463,9016.655416866673,27116.079092071304,2269.803233333335,1199.9999999999945,1200.0000000000025
2025-06-22,m1,17599.359781776846,160911.096791375,178510.45657315184,38691.24346666667,1200.0000000000025,1199.9999999999986
2025-06-23,m1,43901.89068951948,13905.782689949996,57807.673379469474,3140.4290666666657,1199.9999999999986,1199.9999999999936
2025-06-24,m1,44252.42511609002,40454.367738675006,84706.79285476502,10526.863616666667,1199.9999999999936,1199.9999999999934
2025-06-25,m1,50119.92178053297,5529.529343683334,55649.4511242163,1432.2567333333327,1199.9999999999934,1200.0000000000025
2025-06-26,m1,45598.29598285276,9105.95016254167,54704.24614539443,2011.129066666667,1200.0000000000025,1200.0
2025-06-27,m1,44057.82827966966,0.0,44057.82827966966,0.0,1200.0,1199.9999999999939
2025-06-28,m1,17500.635235600923,11122.961038416663,28623.596274017586,3065.028933333332,1199.9999999999939,1199.9999999999982
2025-06-29,m1,17612.68920978315,165223.17454489166,182835.86375467482,40120.51965,1199.9999999999982,1200.0000000000007
2025-06-30,m1,44750.75564608653,16483.18596270833,61233.94160879486,4001.996183333332,1200.0000000000007,1199.9999999999952
2025-07-01,m1,45296.875889965086,39677.98153913334,84974.85742909843,10838.756650000003,1199.9999999999952,1199.9999999999952
2025-07-02,m1,51802.27928722923,5677.594841466662,57479.87412869589,1512.5266499999989,1199.9999999999952,1199.9999999999973
2025-07-03,m1,48055.19287069666,34171.09463056667,82226.28750126333,8344.15566666667,1199.9999999999973,1199.9999999999945
2025-07-04,m1,52697.557879144406,25.24621666666655,52722.80409581107,11.80833333333328,1199.9999999999945,1199.9999999999964
2025-07-05,m1,24190.109198781785,10329.263013075,34519.37221185678,3238.787066666667,1199.9999999999964,1200.0000000000016
2025-07-06,m1,24544.58351794623,177567.40477868333,202111.98829662957,41648.55338333333,1200.0000000000016,1200.0000000000018
2025-07-07,m1,53162.78654728431,4404.766363933332,57567.552911217645,1479.2903666666666,1200.0000000000018,1199.9999999999977
2025-07-08,m1,48252.846289315,24448.443143874996,72701.28943318999,5579.7502,1199.9999999999977,1199.9999999999957
2025-07-09,m1,50549.35542946667,11629.914400166668,62179.26982963334,3623.047833333333,1199.9999999999957,1199.9999999999898
2025-07-10,m1,48995.7407689402,14167.970551816667,63163.71132075687,3522.675666666667,1199.9999999999898,1199.9999999999923
2025-07-11,m1,48661.12510612555,191.3652533333333,48852.49035945888,89.50666666666666,1199.9999999999923,1199.9999999999936
2025-07-12,m1,24190.015310378396,9926.951927683336,34116.967238061734,2550.580250000001,1199.9999999999936,1199.9999999999982
2025-07-13,m1,24524.96980143463,143079.375751725,167604.34555315963,33282.776516666665,1199.9999999999982,1199.9999999999955
2025-07-14,m1,46663.18186337926,19264.097712833332,65927.27957621259,5172.327799999999,1199.9999999999955,1199.999999999996
2025-07-15,m1,47799.40054592709,14737.718688758334,62537.11923468542,4482.239333333334,1199.999999999996,1199.9999999999955
2025-07-16,m1,48078.47806170851,13274.723385591667,61353.20144730018,3618.4662,1199.9999999999955,1199.9999999999986
2025-07-17,m1,47883.75764891987,21850.151206116665,69733.90885503654,4924.70255,1199.9999999999986,1199.9999999999989
2025-07-18,m1,48603.36123618549,8.976036666666767,48612.33727285216,4.19833333333338,1199.9999999999989,1200.000000000002
2025-07-19,m1,23430.180392927407,8208.242436033333,31638.42282896074,2170.8934333333327,1200.000000000002,1200.000000000001
2025-07-20,m1,24094.19453954185,149938.87610949166,174033.0706490335,35864.66251666666,1200.000000000001,1200.0
2025-07-21,m1,47588.96165111042,17367.13348888333,64956.09513999375,4530.028799999999,1200.0,1199.9999999999973
2025-07-22,m1,49025.00665915648,16509.562075175,65534.56873433148,4187.5407,1199.9999999999973,1199.9999999999936
2025-07-23,m1,48769.45360062028,16752.876597824998,65522.330198445285,4244.742466666665,1199.9999999999936,1199.999999999994
2025-07-24,m1,49381.9818739194,13713.602616,63095.584489919405,3802.2053499999997,1199.999999999994,1199.9999999999902
2025-07-25,m1,48881.13565135466,64.15425333333332,48945.289904688,30.00666666666666,1199.9999999999902,1199.9999999999966
2025-07-26,m1,23134.342511054994,12049.828698508338,35184.171209563334,3441.7066833333356,1199.9999999999966,1199.999999999998
2025-07-27,m1,23453.24618791191,162244.41483084165,185697.66101875357,38078.06376666666,1199.999999999998,1199.9999999999998
2025-07-28,m1,48782.09385083254,22408.00740459166,71190.1012554242,6403.246016666666,1199.9999999999998,1199.9999999999911
2025-07-29,m1,51362.50824002553,10178.509139774997,61541.01737980053,2759.0010666666662,1199.9999999999911,1199.9999999999961
2025-07-30,m1,49937.364527056954,13541.997764908334,63479.362291965284,3425.3370833333333,1199.9999999999961,1199.9999999999939
2025-07-31,m1,49027.217443782225,16997.30269851666,66024.52014229889,4045.1231666666654,1199.9999999999939,1199.9999999999975
2025-08-01,m1,49551.35580692049,0.0,49551.35580692049,0.0,1199.9999999999975,1199.9999999999968
2025-08-02,m1,22684.632986111115,8665.439478200002,31350.072464311117,2260.281266666667,1199.9999999999968,1200.0000000000002
2025-08-03,m1,22572.85737165092,133026.67326639168,155599.5306380426,32476.47796666667,1200.0000000000002,1200.0
2025-08-04,m1,42900.075223057225,17815.603967633324,60715.67919069055,4471.320716666665,1200.0,1200.0000000000064
2025-08-05,m1,44032.346717512715,11773.351062383332,55805.69777989604,2960.2220666666663,1200.0000000000064,1199.9999999999982
2025-08-06,m1,43572.6925227258,23574.204531566662,67146.89705429247,5725.152766666666,1199.9999999999982,1199.9999999999986
2025-08-07,m1,45711.95642203184,8885.888307400004,54597.84472943185,2370.5664166666675,1199.9999999999986,1199.9999999999964
2025-08-08,m1,43024.02617390426,0.0,43024.02617390426,0.0,1199.9999999999964,1200.0000000000011
2025-08-09,m1,22194.633834466782,9159.69514260833,31354.328977075114,2714.692249999999,1200.0000000000011,1199.9999999999989
2025-08-10,m1,22408.174590458453,141448.02660390837,163856.20119436682,33684.019166666665,1199.9999999999989,1200.0000000000023
2025-08-11,m1,43889.154884291565,13026.695554983331,56915.850439274895,3313.474916666666,1200.0000000000023,1199.9999999999945
2025-08-12,m1,43592.10599774278,23885.16001961667,67477.26601735945,5838.540400000002,1199.9999999999945,1199.9999999999993
2025-08-13,m1,45570.060755404316,10233.91344218333,55803.974197587646,2761.673766666666,1199.9999999999993,1199.9999999999989
2025-08-14,m1,44058.1096879026,16800.633385583333,60858.74307348594,3939.6287999999995,1199.9999999999989,1199.9999999999936
2025-08-15,m1,44562.81873514339,43.62588999999994,44606.44462514339,20.404999999999973,1199.9999999999936,1199.9999999999968
2025-08-16,m1,22433.845280904134,8429.480632483333,30863.325913387467,2066.193933333333,1199.9999999999968,1199.999999999999
2025-08-17,m1,22510.5128395058,135746.5689691833,158257.0818086891,32665.76658333333,1199.999999999999,1199.9999999999998
2025-08-18,m1,43102.57815508444,19228.700159783333,62331.27831486777,4291.54505,1199.9999999999998,1200.000000000001
2025-08-19,m1,43682.229097478266,12043.653001825003,55725.88209930327,3620.540600000001,1200.000000000001,1199.9999999999986
2025-08-20,m1,43574.45045347401,34179.220306566654,77753.67076004067,8173.587249999999,1199.9999999999986,1200.0000000000034
2025-08-21,m1,46925.954617772455,6742.482821508332,53668.43743928079,1823.907533333333,1200.0000000000034,1199.9999999999957
2025-08-22,m1,44105.348091708416,0.0,44105.348091708416,0.0,1199.9999999999957,1200.0000000000007
2025-08-23,m1,23368.566154060427,8298.158738033331,31666.724892093756,2341.693916666666,1200.0000000000007,1200.0000000000011
2025-08-24,m1,22798.868154015057,138425.41248600834,161224.2806400234,33089.55628333333,1200.0000000000011,1199.9999999999998
2025-08-25,m1,43918.26491085649,30973.829914624992,74892.09482548147,8482.563849999999,1199.9999999999998,1200.0000000000016
2025-08-26,m1,47266.96559921505,5763.203694208335,53030.16929342339,1427.0195166666667,1200.0000000000016,1199.9999999999989
2025-08-27,m1,44416.26876476132,17409.462456666668,61825.73122142799,4412.9376999999995,1199.9999999999989,1200.0000000000007
2025-08-28,m1,45902.47560252851,22180.799958866664,68083.27556139517,6093.096283333333,1200.0000000000007,1199.9999999999925
2025-08-29,m1,47018.81271236839,48.92456666666665,47067.73727903506,22.883333333333326,1199.9999999999925,1199.9999999999939
2025-08-30,m1,23224.697840641973,7948.061419266669,31172.759259908642,2263.616966666667,1199.9999999999939,1199.9999999999995
2025-08-31,m1,23200.74715155833,135963.34876293334,159164.09591449169,33497.06593333333,1199.9999999999995,1200.0
2025-09-01,m1,45062.15062551906,1735.1942949416675,46797.34492046073,484.23475000000036,1200.0,1199.9999999999995
2025-09-02,m1,35519.0009204987,17594.77953289167,53113.78045339037,3920.141600000001,1199.9999999999995,1199.9999999999986
2025-09-03,m1,35937.662875598544,16095.787293241669,52033.45016884021,4382.372966666667,1199.9999999999986,1200.0000000000018
2025-09-04,m1,37163.367800153836,12066.089395249994,49229.457195403826,2753.4366499999987,1200.0000000000018,1200.000000000007
2025-09-05,m1,36711.617771239005,0.0,36711.617771239005,0.0,1200.000000000007,1200.0000000000039
2025-09-06,m1,16249.634036792035,8543.094328216665,24792.728365008697,2179.6303999999996,1200.0000000000039,1199.999999999999
2025-09-07,m1,16405.268817382035,126501.05963426665,142906.3284516487,31386.673,1199.999999999999,1200.0000000000023
2025-09-08,m1,36350.25832960829,24316.254794624998,60666.51312423329,5947.535383333333,1200.0000000000023,1199.999999999999
2025-09-09,m1,39143.38679178321,5045.849818825,44189.23661060821,1257.8065000000006,1199.999999999999,1200.0000000000025
2025-09-10,m1,36848.92344331375,36525.88786434999,73374.81130766374,8892.547216666666,1200.0000000000025,1199.999999999995
2025-09-11,m1,40079.26572856514,5572.777731108335,45652.04345967347,1354.04145,1199.999999999995,1200.000000000012
2025-09-12,m1,36648.449060020175,0.0,36648.449060020175,0.0,1200.000000000012,1199.9999999999989
2025-09-13,m1,17018.63420505605,6349.60653558333,23368.24074063938,1597.9687166666658,1199.9999999999989,1200.0
2025-09-14,m1,17082.336304055963,134114.550487125,151196.88679118096,33977.987766666665,1200.0,1200.0000000000023
2025-09-15,m1,39485.717719381035,7962.246272166669,47447.9639915477,2013.477450000001,1200.0000000000023,1199.999999999995
2025-09-16,m1,37555.31270849445,18334.51425035,55889.82695884445,5703.3568,1199.999999999995,1200.000000000003
2025-09-17,m1,39323.28965270585,17558.221056741666,56881.51070944751,3787.9952166666662,1200.000000000003,1200.0000000000002
2025-09-18,m1,39471.86086204776,9093.610643658329,48565.47150570609,2230.582466666666,1200.0000000000002,1200.0000000000068
2025-09-19,m1,39213.40198708025,11.897970000000116,39225.29995708025,5.565000000000055,1200.0000000000068,1200.0000000000089
2025-09-20,m1,17357.05178221808,10348.745705399997,27705.797487618078,2465.8027333333325,1200.0000000000089,1199.9999999999982
2025-09-21,m1,17479.15386859506,136903.16824405,154382.32211264505,32678.925849999996,1199.9999999999982,1200.0000000000016
2025-09-22,m1,38679.690331570564,15601.324509533335,54281.0148411039,3881.7539166666675,1200.0000000000016,1200.0000000000125
2025-09-23,m1,40093.6981449856,16244.217958475001,56337.91610346061,3659.084733333333,1200.0000000000125,1199.9999999999998
2025-09-24,m1,41395.499224137544,9198.768470458328,50594.267694595874,2868.689816666665,1199.9999999999998,1200.0000000000068
2025-09-25,m1,40321.134074780006,9363.899776233335,49685.033851013344,2241.230366666667,1200.0000000000068,1200.0000000000095
2025-09-26,m1,40074.622424918576,0.0,40074.622424918576,0.0,1200.0000000000095,1200.0000000000025
2025-09-27,m1,17049.333092966473,12631.40701585,29680.740108816473,3232.4753,1200.0000000000025,1200.0000000000036
2025-09-28,m1,18461.873689941975,151683.51900463333,170145.3926945753,35602.55593333333,1200.0000000000036,1200.0000000000034
2025-09-29,m1,41674.52507721369,8048.716351674996,49723.24142888869,2003.6171833333328,1200.0000000000034,1199.9999999999964
2025-09-30,m1,41591.411178593524,18743.37721075,60334.78838934352,4495.7857,1199.9999999999964,1200.0
2025-10-01,m1,43439.32486223997,821.6349307083335,44260.959792948306,284.07510000000013,1200.0,1199.9999999999932
2025-10-02,m1,34371.082015361666,15838.063432733332,50209.145448095,3856.5449333333327,1199.9999999999932,1199.9999999999984
2025-10-03,m1,34309.44362728999,22.73050333333332,34332.17413062332,10.63166666666666,1199.9999999999984,1200.0000000000043
2025-10-04,m1,14580.982726332837,9478.855986066665,24059.8387123995,2639.5494499999995,1200.0000000000043,1200.000000000002
2025-10-05,m1,15500.25504352722,135605.00428363332,151105.25932716054,32637.725333333332,1200.000000000002,1200.0000000000016
2025-10-06,m1,35750.68545732,15878.3944146,51629.07987192,4130.5978,1200.0000000000016,1200.000000000005
2025-10-07,m1,37603.97873568664,9163.637400624993,46767.61613631164,2164.415716666666,1200.000000000005,1199.9999999999843
2025-10-08,m1,37614.455471082656,6411.277435675003,44025.73290675766,1876.416716666667,1199.9999999999843,1199.9999999999986
2025-10-09,m1,36833.56075992501,9479.620388674994,46313.1811486,2287.6083999999983,1199.9999999999986,1200.000000000006
2025-10-10,m1,36853.0164383692,73.5721433333335,36926.588581702534,34.41166666666675,1200.000000000006,1200.000000000004
2025-10-11,m1,15806.584628939872,6721.502637566666,22528.08726650654,1940.6156333333329,1200.000000000004,1200.0000000000005
2025-10-12,m1,15896.46546911084,144188.06617825833,160084.53164736918,34593.17396666667,1200.0000000000005,1200.0000000000018
2025-10-13,m1,38104.67101971968,7438.8705347833275,45543.54155450301,1773.7581999999989,1200.0000000000018,1199.9999999999986
2025-10-14,m1,37591.03739167673,18318.85629133333,55909.89368301006,4841.731649999999,1199.9999999999986,1200.0000000000045
2025-10-15,m1,39826.45297310932,11653.881709916666,51480.33468302598,3163.417683333333,1200.0000000000045,1200.0000000000011
2025-10-16,m1,40141.592349178696,13175.598960041663,53317.19130922036,3167.6243666666655,1200.0000000000011,1199.9999999999945
2025-10-17,m1,41432.17817105846,0.0,41432.17817105846,0.0,1199.9999999999945,1200.0000000000018
2025-10-18,m1,16024.285183179218,6024.607997858337,22048.893181037554,1731.8954833333341,1200.0000000000018,1200.0000000000055
2025-10-19,m1,16125.73116491094,167179.25376588333,183304.98493079428,38945.02234999999,1200.0000000000055,1200.0
2025-10-20,m1,42008.25477170924,13827.346321441668,55835.60109315091,3357.467583333334,1200.0,1200.0000000000025
2025-10-21,m1,42225.825234377975,11335.844450675002,53561.66968505298,3328.548366666668,1200.0000000000025,1200.0000000000002
2025-10-22,m1,43143.53660367418,9716.252163308334,52859.788766982514,2197.4909166666666,1200.0000000000002,1200.0000000000107
2025-10-23,m1,43052.61534400871,7919.917173908336,50972.53251791705,1939.5710333333345,1200.0000000000107,1200.0000000000139
2025-10-24,m1,41575.78537512789,0.0,41575.78537512789,0.0,1200.0000000000139,1200.0000000000002
2025-10-25,m1,17100.264235348746,7042.247669766664,24142.51190511541,1898.5756833333328,1200.0000000000002,1200.0000000000034
2025-10-26,m1,16807.11397490652,158482.79049087502,175289.90446578152,37729.08953333333,1200.0000000000034,1200.000000000003
2025-10-27,m1,42059.27130508932,10559.855659658333,52619.12696474766,2530.4784666666665,1200.000000000003,1200.0000000000039
2025-10-28,m1,42050.65886592747,13732.543843558331,55783.202709485806,3897.115599999999,1200.0000000000039,1200.0000000000023
2025-10-29,m1,43228.418336911396,17626.16074196666,60854.57907887806,4619.417033333333,1200.0000000000023,1200.000000000001
2025-10-30,m1,45548.61984294559,4479.124171533333,50027.74401447892,1272.2558166666663,1200.000000000001,1200.0000000000016
2025-10-31,m1,42666.90514417301,0.0,42666.90514417301,0.0,1200.0000000000016,1199.9999999999934
2025-11-01,m1,17428.364898075168,4691.318668808334,22119.6835668835,1391.2193666666667,1199.9999999999934,1199.999999999994
2025-11-02,m1,17159.103317366607,171999.30257234166,189158.40588970826,40505.351266666665,1199.999999999994,1200.0000000000039
2025-11-03,m1,45301.859180354055,8622.506258474998,53924.36543882905,2742.6684333333324,1200.0000000000039,1200.0000000000036
2025-11-04,m1,45284.93314487625,6117.447738391668,51402.38088326792,1403.3652833333338,1200.0000000000036,1199.9999999999964
2025-11-05,m1,44560.496179925736,12418.520478291666,56979.0166582174,3511.1686166666677,1199.9999999999964,1199.9999999999973
2025-11-06,m1,45730.58997729303,15333.541718558328,61064.131695851356,3610.1226166666647,1199.9999999999973,1200.0000000000027
2025-11-07,m1,47023.110098064004,91.23202333333336,47114.342121397334,42.67166666666668,1200.0000000000027,1199.999999999992
2025-11-08,m1,17753.143177423335,7920.385092525002,25673.528269948336,2166.2458333333334,1199.999999999992,1199.9999999999986
2025-11-09,m1,17406.7708976899,178786.92368824166,196193.69458593155,42297.79201666666,1199.9999999999986,1200.000000000004
2025-11-10,m1,47052.6451712383,13082.877050324998,60135.5222215633,3525.7589666666663,1200.000000000004,1199.999999999994
2025-11-11,m1,48785.28739519509,4207.4440317666695,52992.73142696176,1227.7172000000007,1199.999999999994,1199.9999999999977
2025-11-12,m1,47286.17327098093,6938.455565408334,54224.62883638927,1593.2786666666666,1199.9999999999977,1200.0000000000016
2025-11-13,m1,47070.3715133401,10950.679760699993,58021.05127404009,3333.1253499999984,1200.0000000000016,1200.0000000000027
2025-11-14,m1,47745.258689610986,37.942373333333336,47783.20106294432,17.74666666666667,1200.0000000000027,1199.9999999999973
2025-11-15,m1,18119.63777511333,9542.0157308,27661.65350591333,2329.100283333333,1199.9999999999973,1199.9999999999982
2025-11-16,m1,18223.142949633333,184718.0361490117,202941.17909864502,43737.25368004115,1199.9999999999982,1200.0
2025-11-17,m1,49450.42345632633,4992.778208149995,54443.20166447633,1319.784083333332,1200.0,1200.0000000000036
2025-11-18,m1,48098.895485710724,13379.82528156667,61478.720767277395,3869.3310666666675,1200.0000000000036,1200.0000000000014
2025-11-19,m1,49399.84600344021,11507.339300208332,60907.18530364854,2739.0733833333325,1200.0000000000014,1200.0000000000032
2025-11-20,m1,50064.746957067444,8975.318543558336,59040.06550062578,2459.9143666666673,1200.0000000000032,1200.0
2025-11-21,m1,49592.48208206579,0.0,49592.48208206579,0.0,1200.0,1199.9999999999968
2025-11-22,m1,18490.865319945002,11942.237612083027,30433.10293202803,2879.6943664609053,1199.9999999999968,1200.000000000003
2025-11-23,m1,18834.441859292616,183615.66865677497,202450.1105160676,43569.01843333333,1200.000000000003,1200.000000000006
2025-11-24,m1,50007.731755266046,11090.168596291665,61097.90035155771,2842.4689666666663,1200.000000000006,1200.000000000007
2025-11-25,m1,49126.03740574852,13689.901993016665,62815.939398765186,3517.6562333333327,1200.000000000007,1199.9999999999973
2025-11-26,m1,50459.57858702824,9034.654276058334,59494.232863086574,2320.41385,1199.9999999999973,1199.9999999999977
2025-11-27,m1,50958.05159006438,6822.914818258336,57780.96640832272,1781.7148333333344,1199.9999999999977,1199.999999999998
2025-11-28,m1,50388.75358855464,102.68457666666673,50491.438165221305,48.028333333333364,1199.999999999998,1200.0000000000005
2025-11-29,m1,18971.04699821093,16261.567364600003,35232.614362810935,4730.514283333334,1200.0000000000005,1200.0000000000064
2025-11-30,m1,20056.44249818018,190583.03452212497,210639.47702030514,45315.37801666666,1200.0000000000064,1200.0000000000061
2025-12-01,m1,53469.291756704806,25791.384596575,79260.6763532798,6896.174000000001,1200.0000000000061,1199.9999999999986
2025-12-02,m1,57888.65375681332,13667.850324166666,71556.50408097998,3621.791133333333,1199.9999999999986,1200.0000000000023
2025-12-03,m1,59671.871201118,6741.319007775004,66413.19020889301,1974.7934333333342,1200.0000000000023,1200.000000000003
2025-12-04,m1,58096.69946882164,12068.465251983334,70165.16472080497,2811.997666666667,1200.000000000003,1200.0000000000055
2025-12-05,m1,58340.53120019834,114.62887000000002,58455.16007019834,53.61500000000001,1200.0000000000055,1200.0000000000114
2025-12-06,m1,23545.383305682208,14512.832313275,38058.215618957205,4168.080866666666,1200.0000000000114,1199.9999999999968
2025-12-07,m1,24709.0784634639,185269.90180575,209978.9802692139,43988.05043333333,1199.9999999999968,1200.0000000000077
2025-12-08,m1,58824.89484769703,8079.682750266669,66904.5775979637,2166.8205166666676,1200.0000000000077,1200.0000000000036
2025-12-09,m1,58819.79973985162,10227.976533008332,69047.77627285995,2251.3946166666656,1200.0000000000036,1200.000000000004
2025-12-10,m1,58977.57663860374,10995.20027665,69972.77691525375,3258.0624666666663,1200.000000000004,1200.0000000000066
2025-12-11,m1,59073.12116083654,7288.636012258335,66361.75717309487,1764.9149166666673,1200.0000000000066,1200.000000000002
2025-12-12,m1,57566.60449997999,90.50866666666674,57657.11316664666,42.33333333333337,1200.000000000002,1200.0000000000057
2025-12-13,m1,24669.42316801049,9476.791301741665,34146.21446975216,2316.5190666666667,1200.0000000000057,1200.0000000000018
2025-12-14,m1,24737.906147030866,187219.49472662498,211957.40087365586,44980.188416666664,1200.0000000000018,1200.0000000000034
2025-12-15,m1,59674.36023495493,8516.353633808334,68190.71386876327,2396.91255,1200.0000000000034,1200.0000000000005
2025-12-16,m1,59978.62671449744,7398.690063608334,67377.31677810577,1864.8834000000002,1200.0000000000005,1200.0000000000023
2025-12-17,m1,60046.41447185667,5538.366792658331,65584.781264515,1529.147133333333,1200.0000000000023,1200.0000000000075
2025-12-18,m1,58961.774922630466,8534.205043299997,67495.97996593046,2016.3455166666663,1200.0000000000075,1200.0000000000064
2025-12-19,m1,58860.0581319611,42.902533333333324,58902.960665294435,20.066666666666663,1200.0000000000064,1200.0000000000039
2025-12-20,m1,24484.318634400046,8150.45499065,32634.773625050046,2139.930333333333,1200.0000000000039,1199.9999999999886
2025-12-21,m1,24362.58203897575,191310.03858967498,215672.62062865074,46181.42961666666,1199.9999999999886,1200.0000000000089
2025-12-22,m1,59747.81344703729,8192.196463550004,67940.0099105873,2164.4588666666677,1200.0000000000089,1200.0000000000048
2025-12-23,m1,59765.81234691181,4127.537190749998,63893.34953766181,1133.4524333333327,1200.0000000000048,1200.0000000000075
2025-12-24,m1,58484.26632635604,9789.363151308333,68273.62947766438,2414.279866666667,1200.0000000000075,1200.0000000000045
2025-12-25,m1,59182.63091724395,7590.480555416665,66773.11147266062,2350.3644999999997,1200.0000000000045,1200.000000000011
2025-12-26,m1,58887.38171367212,60.41987999999998,58947.80159367212,28.25999999999999,1200.000000000011,1200.0000000000089
2025-12-27,m1,24387.68846613739,9145.898389958333,33533.586856095724,2383.4574999999995,1200.0000000000089,1199.9999999999873
2025-12-28,m1,24572.609747114762,181142.84014984165,205715.44989695642,43470.44568333333,1199.9999999999873,1200.0000000000048
2025-12-29,m1,58101.96379981185,9923.688396099993,68025.65219591184,2612.430733333332,1200.0000000000048,1200.0000000000025
2025-12-30,m1,58406.23380503232,8268.543170591656,66674.77697562397,1876.4134999999978,1200.0000000000025,1200.0000000000055
2025-12-31,m1,59979.71261575481,13995.549513091666,73975.26212884647,3616.328833333333,1200.0000000000055,6000.000000000013
2025-02-01,m2,45809.86832987594,65.02726999999992,45874.89559987594,30.414999999999964,1200.0000000000082,1200.0000000000005
2025-02-02,m2,45407.30734247977,33621.79490166905,79029.10224414882,7496.819488095239,1200.0000000000005,1200.0000000000002
2025-02-03,m2,44483.2668004228,44429.84213071785,88913.10893114065,10576.500985714283,1200.0000000000002,1200.0000000000043
2025-02-04,m2,44094.14012993576,51992.710289958326,96086.8504198941,12105.559545238095,1200.0000000000043,1200.0000000000014
2025-02-05,m2,43543.66264843347,51670.092191016665,95213.75483945014,12457.235380952377,1200.0000000000014,1199.9999999999966
2025-02-06,m2,43509.172346139356,50486.47444869763,93995.64679483698,12220.411935714288,1199.9999999999966,1200.0000000000014
2025-02-07,m2,43111.2344520408,0.0,43111.2344520408,0.0,1200.0000000000014,1200.000000000003
2025-02-08,m2,42488.32257622364,20.90454952380954,42509.22712574745,9.777619047619055,1200.000000000003,1199.999999999999
2025-02-09,m2,42211.646491157895,53955.09296601429,96166.73945717218,13285.894302380952,1199.999999999999,1200.00000000001
2025-02-10,m2,42296.373692354515,35436.592363445234,77732.96605579974,8378.908928571427,1200.00000000001,1200.0000000000027
2025-02-11,m2,41702.10671390564,41308.80644725714,83010.91316116278,9582.950614285714,1200.0000000000027,1200.0000000000075
2025-02-12,m2,41111.806963820236,45545.97203147143,86657.77899529166,10526.84585,1200.0000000000075,1199.9999999999927
2025-02-13,m2,40609.06929489726,33349.46169061309,73958.53098551036,7977.813314285714,1199.9999999999927,1200.000000000014
2025-02-14,m2,39750.87431381972,0.0,39750.87431381972,0.0,1200.000000000014,1200.0000000000045
2025-02-15,m2,39477.1526107238,69.44580333333336,39546.59841405714,32.48166666666668,1200.0000000000045,1200.0000000000032
2025-02-16,m2,39222.81475422887,54556.614811615465,93779.42956584433,13265.842135714283,1200.0000000000032,1199.9999999999984
2025-02-17,m2,38833.305326925125,39617.20238884285,78450.50771576798,9684.802535714283,1199.9999999999984,1200.0000000000064
2025-02-18,m2,38517.94852087676,46263.71620358214,84781.6647244589,11092.975040476189,1200.0000000000064,1199.9999999999982
2025-02-19,m2,38169.04604193826,53215.795705896424,91384.84174783468,12346.501066666668,1199.9999999999982,1200.0000000000011
2025-02-20,m2,37946.06395248718,45643.79298970238,83589.85694218957,10876.274504761906,1200.0000000000011,1200.0000000000007
2025-02-21,m2,37888.47257346233,0.0,37888.47257346233,0.0,1200.0000000000007,1200.0000000000111
2025-02-22,m2,37493.28298231863,137.21225857142866,37630.495240890064,64.17785714285719,1200.0000000000111,1199.9999999999984
2025-02-23,m2,37330.12365029775,49706.24817410119,87036.37182439893,12119.851211904761,1199.9999999999984,1199.9999999999977
2025-02-24,m2,36958.385696309946,40196.25079551547,77154.63649182543,9415.849766666666,1199.9999999999977,1200.0000000000002
2025-02-25,m2,36704.83324776395,34556.797003067855,71261.6302508318,8044.89328095238,1200.0000000000002,1199.9999999999982
2025-02-26,m2,36169.04798901065,46231.027498996424,82400.07548800707,11267.177095238094,1199.9999999999982,1200.0000000000116
2025-02-27,m2,35764.01196987333,47790.41205188332,83554.42402175665,10531.352373809523,1200.0000000000116,1200.0000000000018
2025-02-28,m2,35483.374859760464,0.0,35483.374859760464,0.0,1200.0000000000018,1200.0000000000045
2025-03-01,m2,35258.37578220788,44.66791047619061,35303.04369268407,20.892380952381018,1200.0000000000045,1200.0000000000014
2025-03-02,m2,34911.23800603667,69350.09541871784,104261.33342475451,16925.65354047619,1200.0000000000014,1200.000000000004
2025-03-03,m2,34955.25255707414,68951.99697881905,103907.24953589319,16515.806257142856,1200.000000000004,1200.0000000000077
2025-03-04,m2,35278.32433633835,53212.68540246905,88491.00973880739,13068.090983333332,1200.0000000000077,1200.0000000000066
2025-03-05,m2,35528.30928566334,40507.49328942976,76035.8025750931,9519.884752380953,1200.0000000000066,1199.9999999999945
2025-03-06,m2,35256.96149792621,41074.23122775953,76331.19272568575,9947.194764285716,1199.9999999999945,1199.999999999999
2025-03-07,m2,35076.576011661426,0.0,35076.576011661426,0.0,1199.999999999999,1199.9999999999918
2025-03-08,m2,34883.56351551463,25.94462999999998,34909.50814551463,12.134999999999991,1199.9999999999918,1199.9999999999914
2025-03-09,m2,34425.59720542928,39319.568303978565,73745.16550940785,9150.214926190476,1199.9999999999914,1200.000000000001
2025-03-10,m2,33667.06641434623,55979.581588640474,89646.64800298671,14241.117047619045,1200.000000000001,1200.0000000000034
2025-03-11,m2,33256.76384327903,45305.19353930476,78561.95738258379,10881.214626190475,1200.0000000000034,1200.0000000000064
2025-03-12,m2,32847.06308741741,42037.754362417865,74884.81744983527,10042.882273809526,1200.0000000000064,1200.0000000000146
2025-03-13,m2,32587.02546973848,63437.064676114285,96024.09014585277,15712.42305,1200.0000000000146,1199.9999999999818
2025-03-14,m2,32661.799593674587,0.0,32661.799593674587,0.0,1199.9999999999818,1200.000000000001
2025-03-15,m2,32297.866850768387,135.82001333333326,32433.68686410172,63.52666666666664,1200.000000000001,1200.0000000000095
2025-03-16,m2,32412.44957612519,49548.258765190476,81960.70834131567,11872.902892857142,1200.0000000000095,1200.0000000000036
2025-03-17,m2,32381.623866109272,30567.698016911898,62949.32188302117,7128.147809523808,1200.0000000000036,1199.9999999999968
2025-03-18,m2,31634.27906894667,47066.64087853452,78700.91994748119,10829.816626190475,1199.9999999999968,1200.0000000000055
2025-03-19,m2,31369.01679817155,42719.48076147143,74088.49755964297,9784.95485952381,1200.0000000000055,1199.9999999999964
2025-03-20,m2,31085.817380944958,53697.67173827501,84783.48911921997,12862.35575952381,1199.9999999999964,1199.9999999999964
2025-03-21,m2,30709.751477665326,0.0,30709.751477665326,0.0,1199.9999999999964,1200.00000000001
2025-03-22,m2,30369.066023425017,119.51369095238124,30488.5797143774,55.899761904762045,1200.00000000001,1199.9999999999998
2025-03-23,m2,29993.617603490788,47360.521212239284,77354.13881573007,11641.837588095237,1199.9999999999998,1200.0000000000016
2025-03-24,m2,29630.19806684954,46862.06420371785,76492.26227056739,11286.482176190475,1200.0000000000016,1200.0000000000177
2025-03-25,m2,29602.237426519543,57604.201055263096,87206.43848178264,14179.405847619048,1200.0000000000177,1199.999999999996
2025-03-26,m2,29587.187500507614,39772.19028931904,69359.37778982666,9396.162209523809,1199.999999999996,1200.0000000000093
2025-03-27,m2,29307.0549808277,53641.250205059514,82948.3051858872,12673.210564285713,1200.0000000000093,1200.0000000000052
2025-03-28,m2,29019.865504541714,0.0,29019.865504541714,0.0,1200.0000000000052,1200.0
2025-03-29,m2,28908.6134407399,82.87651571428557,28991.489956454185,38.76357142857137,1200.0,1200.0000000000082
2025-03-30,m2,28449.22315052851,45982.04009963929,74431.2632501678,10852.820647619052,1200.0000000000082,1200.0000000000068
2025-03-31,m2,28334.14717198825,51771.47584478928,80105.62301677754,12781.10592142857,1200.0000000000068,1200.000000000005
2025-04-01,m2,28168.36537496968,61269.93282774524,89438.29820271491,16141.637616666667,1200.000000000005,1200.0000000000027
2025-04-02,m2,28010.598964899345,67623.49716779165,95634.09613269099,16590.257049999997,1200.0000000000027,1200.0000000000116
2025-04-03,m2,28164.41914764079,50538.387184890475,78702.80633253127,11781.035021428572,1200.0000000000116,1200.0000000000039
2025-04-04,m2,27952.71511251039,0.0,27952.71511251039,0.0,1200.0000000000039,1200.0000000000007
2025-04-05,m2,27696.799365726118,72.16819000000022,27768.967555726118,33.75500000000011,1200.0000000000007,1200.0000000000023
2025-04-06,m2,27866.468351566687,43942.86827285833,71809.33662442502,10564.351054761904,1200.0000000000023,1199.9999999999986
2025-04-07,m2,27795.738691672224,41228.7925389631,69024.53123063533,10279.427169047616,1199.9999999999986,1200.0000000000036
2025-04-08,m2,27484.78664685301,51031.907323989275,78516.69397084229,11529.411502380952,1200.0000000000036,1199.999999999999
2025-04-09,m2,27480.263113791672,64681.69882335595,92161.96193714763,16110.18348809524,1199.999999999999,1200.0000000000055
2025-04-10,m2,27444.370161799146,52943.77693146071,80388.14709325985,12117.738047619045,1200.0000000000055,1200.0000000000005
2025-04-11,m2,27341.254555520343,0.0,27341.254555520343,0.0,1200.0000000000005,1200.0
2025-04-12,m2,27245.660840453475,112.72859523809524,27358.38943569157,52.72619047619048,1200.0,1200.0000000000011
2025-04-13,m2,26986.935859731886,52293.770266504755,79280.70612623665,12372.334811904762,1200.0000000000011,1200.0000000000023
2025-04-14,m2,26908.440691493568,44106.11191793214,71014.55260942571,10800.326233333333,1200.0000000000023,1200.0000000000023
2025-04-15,m2,26821.034337146906,40789.042014988096,67610.076352135,9430.642052380952,1200.0000000000023,1200.0000000000055
2025-04-16,m2,26531.95480294095,57469.247082174996,84001.20188511594,14390.174223809525,1200.0000000000055,1200.0
2025-04-17,m2,26378.964119473807,52480.069252341666,78859.03337181547,12322.155116666667,1200.0,1199.9999999999995
2025-04-18,m2,26234.219993813087,0.0,26234.219993813087,0.0,1199.9999999999995,1199.9999999999993
2025-04-19,m2,26132.385827103102,133.209108095238,26265.59493519834,62.305476190476156,1199.9999999999993,1200.000000000006
2025-04-20,m2,26075.927439602852,48462.001876377384,74537.92931598023,11550.111299999999,1200.000000000006,1200.0000000000032
2025-04-21,m2,25939.842368825957,38569.32033257738,64509.16270140334,9372.45600952381,1200.0000000000032,1200.0000000000068
2025-04-22,m2,25852.626234914045,49721.510669005955,75574.13690392,12322.108383333334,1200.0000000000068,1200.000000000005
2025-04-23,m2,25757.721916126182,45598.756788967854,71356.47870509404,11492.450933333334,1200.000000000005,1199.9999999999973
2025-04-24,m2,25561.175376330008,37574.91082145951,63136.08619778952,8934.19498095238,1199.9999999999973,1200.0000000000023
2025-04-25,m2,25342.68618968515,0.0,25342.68618968515,0.0,1200.0000000000023,1199.999999999999
2025-04-26,m2,25176.148336080478,64.6745,25240.82283608048,30.25,1199.999999999999,1200.0000000000039
2025-04-27,m2,25078.515485274387,50970.25058026309,76048.76606553748,11730.736788095237,1200.0000000000039,1200.0
2025-04-28,m2,25053.008070451397,72893.11909277858,97946.12716322998,17830.01969047619,1200.0,1199.9999999999998
2025-04-29,m2,25056.508373595796,40672.832171228576,65729.34054482437,9853.81296904762,1199.9999999999998,1200.0000000000075
2025-04-30,m2,25018.86583894967,42759.87397483571,67778.73981378539,10911.465269047618,1200.0000000000075,1200.0000000000064
2025-05-01,m2,24894.76470543359,63773.8257885119,88668.59049394549,14544.322335714285,1200.0000000000064,1199.9999999999989
2025-05-02,m2,25373.800221354373,12.324266646428226,25386.1244880008,5.9928357142855475,1199.9999999999989,1200.0000000000025
2025-05-03,m2,26015.998117731815,117.19090666666678,26133.18902439848,54.81333333333339,1200.0000000000025,1200.000000000001
2025-05-04,m2,26442.16132869375,48428.070885663095,74870.23221435685,11965.653947619048,1200.000000000001,1200.0000000000011
2025-05-05,m2,26617.17898996519,64493.814318977384,91110.99330894258,14731.40234047619,1200.0000000000011,1200.0000000000068
2025-05-06,m2,26992.448634534183,55158.14675732023,82150.59539185441,12709.206826190477,1200.0000000000068,1200.0000000000023
2025-05-07,m2,27416.07532520002,59585.33467332262,87001.40999852263,13987.941064285715,1200.0000000000023,1200.000000000001
2025-05-08,m2,28063.628874158116,55136.126206435714,83199.75508059384,13553.381138095237,1200.000000000001,1200.0000000000027
2025-05-09,m2,27901.867395320303,0.0,27901.867395320303,0.0,1200.0000000000027,1200.0000000000005
2025-05-10,m2,27707.251047359674,83.21452333333349,27790.465570693006,38.92166666666674,1200.0000000000005,1199.9999999999984
2025-05-11,m2,27713.202644398083,54462.4158902107,82175.61853460879,13233.24102142857,1199.9999999999984,1200.0000000000014
2025-05-12,m2,27770.40127683206,38211.604512564285,65982.00578939635,10269.574911904761,1200.0000000000014,1200.0000000000032
2025-05-13,m2,27528.95477591652,46620.44168438571,74149.39646030223,11108.034947619046,1200.0000000000032,1199.9999999999989
2025-05-14,m2,27320.934581201225,45571.49255531904,72892.42713652027,11243.42400952381,1199.9999999999989,1199.999999999996
2025-05-15,m2,27059.143511417067,48004.318046988104,75063.46155840516,11497.183411904762,1199.999999999996,1199.9999999999982
2025-05-16,m2,27034.852716664827,0.0,27034.852716664827,0.0,1199.9999999999982,1200.0000000000032
2025-05-17,m2,26791.96412356988,138.20897380952368,26930.173097379404,64.64404761904757,1200.0000000000032,1200.0000000000027
2025-05-18,m2,26639.27733157848,51903.73434335594,78543.01167493442,13125.640419047617,1200.0000000000027,1200.0000000000036
2025-05-19,m2,26490.62619103938,39005.68933185238,65496.31552289176,8843.991338095237,1200.0000000000036,1200.0000000000032
2025-05-20,m2,26406.628830043075,58678.872512352376,85085.50134239545,14364.307588095238,1200.0000000000032,1200.0000000000027
2025-05-21,m2,26404.070695149043,51020.494180701186,77424.56487585022,12085.627428571428,1200.0000000000027,1200.0000000000018
2025-05-22,m2,26365.681292132405,48211.68970885358,74577.37100098598,11477.40716904762,1200.0000000000018,1200.0000000000023
2025-05-23,m2,26239.72867093196,0.0,26239.72867093196,0.0,1200.0000000000023,1200.0000000000114
2025-05-24,m2,26321.348653709847,21.44973952380953,26342.798393233657,10.03261904761905,1200.0000000000114,1200.0000000000068
2025-05-25,m2,26141.908088418644,42294.710636736905,68436.61872515555,9982.333711904763,1200.0000000000068,1200.0000000000005
2025-05-26,m2,26088.89013774697,63922.43523780595,90011.32537555291,15639.991623809525,1200.0000000000005,1200.0000000000005
2025-05-27,m2,26143.183388349848,45175.24027392977,71318.42366227962,10440.603971428573,1200.0000000000005,1199.9999999999982
2025-05-28,m2,26018.59350978093,54293.77794521667,80312.3714549976,13545.952952380954,1199.9999999999982,1200.0000000000055
2025-05-29,m2,25985.880321175086,64885.41580433809,90871.29612551318,15390.018888095237,1200.0000000000055,1200.00000000001
2025-05-30,m2,26138.28158607547,0.0,26138.28158607547,0.0,1200.00000000001,1200.0000000000023
2025-05-31,m2,26200.78728130278,363.12097428571394,26563.908255588492,169.84142857142842,1200.0000000000023,1199.9999999999993
2025-06-01,m2,26282.609385929136,123396.71364635476,149679.3230322839,30503.885452380953,1199.9999999999993,1200.0000000000016
2025-06-02,m2,27389.513427916267,110017.0312739012,137406.54470181747,26397.36770238095,1200.0000000000016,1199.9999999999964
2025-06-03,m2,28737.379996241023,99250.99054867144,127988.37054491247,23817.31490952381,1199.9999999999964,1199.999999999996
2025-06-04,m2,30375.258125583372,89431.24565885594,119806.50378443932,22584.208959523807,1199.999999999996,1200.0000000000005
2025-06-05,m2,31873.854916650154,87669.6966006369,119543.55151728707,21664.753295238093,1200.0000000000005,1200.000000000001
2025-06-06,m2,33369.60684977706,5.589767753571442,33375.19661753063,2.718097619047626,1200.000000000001,1199.999999999996
2025-06-07,m2,35476.07500080917,124.34598929404773,35600.420990103215,58.0039452380953,1199.999999999996,1199.9999999999975
2025-06-08,m2,37523.321177986276,32663.346732196427,70186.6679101827,7978.903980952379,1199.9999999999975,1199.9999999999968
2025-06-09,m2,37099.581436903376,55288.22849836785,92387.80993527122,13204.605245238094,1199.9999999999968,1200.0000000000075
2025-06-10,m2,37277.60429474291,55254.09154136786,92531.69583611077,13481.815445238097,1200.0000000000075,1200.0000000000055
2025-06-11,m2,37575.316819207204,75358.80194827024,112934.11876747744,17471.84633333333,1200.0000000000055,1200.000000000005
2025-06-12,m2,38181.86896252788,55485.78531830594,93667.65428083381,13097.467952380952,1200.000000000005,1200.0000000000014
2025-06-13,m2,38334.19998289917,0.0,38334.19998289917,0.0,1200.0000000000014,1199.999999999999
2025-06-14,m2,38068.3955057812,29.78793952380948,38098.18344530501,13.932619047619028,1199.999999999999,1199.9999999999989
2025-06-15,m2,37672.3387001371,50549.46039372142,88221.79909385851,12042.626880952379,1199.9999999999989,1200.0000000000036
2025-06-16,m2,38066.8762877148,55733.86212388333,93800.73841159813,13301.178535714287,1200.0000000000036,1199.9999999999957
2025-06-17,m2,38175.14323719981,61262.08112878453,99437.22436598434,14945.702821428573,1199.9999999999957,1199.9999999999995
2025-06-18,m2,38436.24420790799,43080.19871485476,81516.44292276276,10801.880871428571,1199.9999999999995,1200.0000000000005
2025-06-19,m2,37950.86586980075,42515.07715951547,80465.94302931623,9823.525171428571,1200.0000000000005,1199.999999999998
2025-06-20,m2,37570.64288445965,0.0,37570.64288445965,0.0,1199.999999999998,1199.9999999999998
2025-06-21,m2,37024.485845213916,0.0,37024.485845213916,0.0,1199.9999999999998,1200.0000000000016
2025-06-22,m2,36429.07196124001,42487.799439333336,78916.87140057335,10583.98519761905,1200.0000000000016,1199.9999999999998
2025-06-23,m2,36179.72437679637,47894.53515914404,84074.25953594041,10786.821583333332,1199.9999999999998,1200.0000000000002
2025-06-24,m2,35752.18302528459,84974.4915143738,120726.67453965839,20546.33944047619,1200.0000000000002,1200.0000000000011
2025-06-25,m2,35835.58706518408,59347.93016465595,95183.51722984003,14478.759123809523,1200.0000000000011,1200.0000000000055
2025-06-26,m2,35748.904114668345,52246.60723894285,87995.51135361119,12060.510966666667,1200.0000000000055,1200.0000000000023
2025-06-27,m2,35610.46342258397,0.0,35610.46342258397,0.0,1200.0000000000023,1200.0000000000005
2025-06-28,m2,35405.520259167446,162.72114380952377,35568.24140297697,76.1090476190476,1200.0000000000005,1200.0000000000064
2025-06-29,m2,35615.19658393365,53792.20588417977,89407.40246811342,13700.975633333335,1200.0000000000064,1200.0000000000027
2025-06-30,m2,35751.38059653004,56297.01269193333,92048.39328846337,13919.327171428571,1200.0000000000027,1199.999999999998
2025-07-01,m2,35897.39175328944,87707.26175760476,123604.6535108942,22445.45518333333,1199.999999999998,1200.0000000000052
2025-07-02,m2,36290.53406593374,63682.674097403564,99973.2081633373,16450.553716666665,1200.0000000000052,1200.0000000000027
2025-07-03,m2,36734.54950201172,90806.79412325358,127541.3436252653,22681.47506666667,1200.0000000000027,1200.000000000004
2025-07-04,m2,37943.74948547021,37.31961955833276,37981.06910502854,17.448759523809258,1200.000000000004,1199.9999999999993
2025-07-05,m2,38928.64611102909,127.12038952380966,39055.7665005529,59.45761904761912,1199.9999999999993,1200.0000000000016
2025-07-06,m2,39749.8916334829,77933.56812177738,117683.45975526028,18609.17913333333,1200.0000000000016,1199.9999999999966
2025-07-07,m2,40898.70309671324,42827.64492824524,83726.34802495848,10831.340119047618,1199.9999999999966,1199.9999999999943
2025-07-08,m2,41403.53481293041,56709.54658314762,98113.08139607802,13025.58479047619,1199.9999999999943,1200.000000000004
2025-07-09,m2,41290.851138152706,47179.85445815357,88470.70559630627,11530.188792857141,1200.000000000004,1200.0
2025-07-10,m2,41407.65892950271,44839.03675203809,86246.69568154079,10463.043311904761,1200.0,1199.9999999999968
2025-07-11,m2,40928.08908927978,0.0,40928.08908927978,0.0,1199.9999999999968,1200.0000000000036
2025-07-12,m2,41092.05068802611,61.83757761904787,41153.88826564516,28.923095238095357,1200.0000000000036,1199.9999999999973
2025-07-13,m2,41242.886610665766,35826.84067859761,77069.72728926338,8064.270690476189,1199.9999999999973,1200.0000000000055
2025-07-14,m2,40442.62890180724,45391.83431040119,85834.46321220843,10608.21443333333,1200.0000000000055,1200.0000000000014
2025-07-15,m2,40381.82957088346,47351.4956116619,87733.32518254536,12219.00004047619,1200.0000000000014,1199.9999999999984
2025-07-16,m2,40059.59072590411,46979.98228554286,87039.57301144698,11895.162333333334,1199.9999999999984,1200.000000000002
2025-07-17,m2,39942.173759469166,55653.011026260705,95595.18478572987,12835.197583333333,1200.000000000002,1199.9999999999998
2025-07-18,m2,39923.6203336141,0.0,39923.6203336141,0.0,1199.9999999999998,1199.9999999999973
2025-07-19,m2,39847.112560517104,215.7287814285714,40062.84134194568,100.90214285714285,1199.9999999999973,1199.9999999999986
2025-07-20,m2,39579.44692408118,51236.516853610716,90815.9637776919,12542.930235714284,1199.9999999999986,1199.9999999999982
2025-07-21,m2,39698.310463856746,57891.12744747381,97589.43791133055,14050.412945238095,1199.9999999999982,1199.9999999999975
2025-07-22,m2,39851.266919847636,57258.046088774994,97109.31300862263,13627.552280952379,1199.9999999999975,1200.0000000000007
2025-07-23,m2,39905.51556517441,58488.725226775,98394.24079194941,13838.12699047619,1200.0000000000007,1199.9999999999989
2025-07-24,m2,40091.072790342354,53207.31180443452,93298.38459477687,13154.631754761904,1199.9999999999989,1200.0000000000039
2025-07-25,m2,40108.7936282086,0.0,40108.7936282086,0.0,1200.0000000000039,1200.0000000000073
2025-07-26,m2,39768.86650555424,96.0028176190479,39864.86932317328,44.903095238095375,1200.0000000000073,1200.000000000005
2025-07-27,m2,39802.06680338817,58478.28033279166,98280.34713617983,13478.14873095238,1200.000000000005,1200.0000000000027
2025-07-28,m2,39931.12377623181,71607.17600385952,111538.29978009133,17442.66380238095,1200.0000000000027,1200.000000000003
2025-07-29,m2,40198.97504250493,61312.40197669761,101511.37701920254,14969.895869047617,1200.000000000003,1199.999999999998
2025-07-30,m2,40348.35553650542,54317.32057870476,94665.67611521018,12905.746747619047,1199.999999999998,1200.0000000000027
2025-07-31,m2,40298.66939903806,58173.28902714762,98471.95842618568,13452.550323809523,1200.0000000000027,1200.0000000000011
2025-08-01,m2,40383.62891759617,0.0,40383.62891759617,0.0,1200.0000000000011,1200.0000000000011
2025-08-02,m2,39998.15040602134,216.21848523809518,40214.36889125944,101.13119047619045,1200.0000000000011,1199.999999999998
2025-08-03,m2,39468.345716575626,27079.650254430955,66547.99597100657,6471.49045,1199.999999999998,1200.0000000000011
2025-08-04,m2,38698.74364071547,32195.909231376194,70894.65287209165,7839.741714285716,1200.0000000000011,1200.000000000001
2025-08-05,m2,37779.63535534214,36765.35857927977,74544.99393462192,8924.334966666669,1200.000000000001,1200.0000000000014
2025-08-06,m2,37069.6019602839,55183.144789319034,92252.74674960293,13347.21047142857,1200.0000000000014,1199.9999999999984
2025-08-07,m2,36854.70959947885,39568.448955860724,76423.15855533957,9524.691623809525,1199.9999999999984,1200.0
2025-08-08,m2,36598.20710764142,0.0,36598.20710764142,0.0,1200.0,1199.999999999996
2025-08-09,m2,36470.86607212853,75.41235047619035,36546.278422604715,35.2723809523809,1199.999999999996,1200.0000000000018
2025-08-10,m2,36343.52597900131,50625.63062126071,86969.15660026201,12309.097595238094,1200.0000000000018,1200.0000000000018
2025-08-11,m2,36302.09301329239,53402.115441873815,89704.2084551662,12546.108045238096,1200.0000000000018,1199.9999999999977
2025-08-12,m2,36253.12400025,62001.608158396426,98254.73215864642,14864.436521428568,1199.9999999999977,1200.0
2025-08-13,m2,36393.08929243864,53630.41336428809,90023.50265672673,12873.977769047618,1200.0,1200.0000000000018
2025-08-14,m2,36189.42651407137,59768.27786339405,95957.70437746542,13900.878685714288,1200.0000000000018,1199.9999999999995
2025-08-15,m2,36269.298026385004,0.0,36269.298026385004,0.0,1199.9999999999995,1200.0
2025-08-16,m2,36318.1958163524,31.977353333333415,36350.17316968574,14.956666666666706,1200.0,1199.9999999999986
2025-08-17,m2,36311.43152359981,46600.61680506666,82912.04832866647,11081.415466666665,1199.9999999999986,1200.0000000000018
2025-08-18,m2,36354.87007367867,54285.086468325,90639.95654200367,12265.622654761904,1200.0000000000018,1199.9999999999968
2025-08-19,m2,36382.359083659205,49346.65417496786,85729.01325862706,12044.04182857143,1199.9999999999968,1199.9999999999955
2025-08-20,m2,36286.15549827939,73982.90495651428,110269.06045479367,17718.077821428567,1199.9999999999955,1199.9999999999995
2025-08-21,m2,36497.52889924001,52328.98582893332,88826.51472817332,12921.397045238093,1199.9999999999995,1199.9999999999982
2025-08-22,m2,36316.31746025177,0.0,36316.31746025177,0.0,1199.9999999999982,1200.0000000000048
2025-08-23,m2,36507.33291991775,62.19849238095234,36569.531412298704,29.091904761904743,1200.0000000000048,1199.9999999999973
2025-08-24,m2,36621.59796776441,48479.52537307024,85101.12334083466,11139.009166666667,1199.9999999999973,1199.9999999999989
2025-08-25,m2,36736.20244662532,68536.12636869049,105272.3288153158,16813.017304761906,1199.9999999999989,1200.0000000000027
2025-08-26,m2,36930.36940814249,50023.385357754756,86953.75476589725,11503.979595238094,1200.0000000000027,1200.0000000000005
2025-08-27,m2,37024.408539031036,58023.57796473333,95047.98650376438,13391.320835714285,1200.0000000000005,1200.0000000000016
2025-08-28,m2,37056.836626503326,66392.7331174988,103449.56974400213,16310.649457142852,1200.0000000000016,1200.0000000000005
2025-08-29,m2,37204.35904882238,0.0,37204.35904882238,0.0,1200.0000000000005,1200.0
2025-08-30,m2,37226.00512880429,121.87974428571437,37347.884873090006,57.006428571428614,1200.0,1200.0000000000005
2025-08-31,m2,37314.29264729643,49505.223842521424,86819.51648981785,12102.755816666666,1200.0000000000005,1200.0000000000055
2025-09-01,m2,37280.60755921928,14498.230269655947,51778.83782887523,3785.8813880952375,1200.0000000000055,1200.0000000000014
2025-09-02,m2,35927.15826784523,23214.632333051195,59141.79060089643,4979.399452380953,1200.0000000000014,1200.0
2025-09-03,m2,34801.52361141667,26312.852393875,61114.37600529167,6356.9092,1200.0,1200.000000000002
2025-09-04,m2,33752.072372854294,29557.647967511894,63309.720340366184,6742.981257142856,1200.000000000002,1200.0000000000073
2025-09-05,m2,32838.633868460696,0.0,32838.633868460696,0.0,1200.0000000000073,1199.9999999999939
2025-09-06,m2,31641.198112711092,65.83461952380951,31707.0327322349,30.79261904761904,1199.9999999999939,1200.000000000001
2025-09-07,m2,30603.583057009277,46543.53569660357,77147.11875361284,10938.868590476191,1200.000000000001,1199.9999999999973
2025-09-08,m2,29524.691109192376,68388.38521802383,97913.0763272162,16441.782452380958,1199.9999999999973,1200.0000000000043
2025-09-09,m2,29769.990488668805,46370.68155400477,76140.67204267357,10953.683530952383,1200.0000000000043,1200.0000000000055
2025-09-10,m2,29956.586729415707,73798.34280964284,103754.92953905855,17330.32493095238,1200.0000000000055,1200.0000000000005
2025-09-11,m2,30032.848275243326,47649.3611577619,77682.20943300522,10986.905588095236,1200.0000000000005,1199.9999999999964
2025-09-12,m2,30009.692101419758,0.0,30009.692101419758,0.0,1199.9999999999964,1199.9999999999993
2025-09-13,m2,30233.2367161481,9.281465238095025,30242.518181386196,4.341190476190377,1199.9999999999993,1200.0000000000055
2025-09-14,m2,30398.007455230487,63901.33918332023,94299.34663855072,15378.34531428571,1200.0000000000055,1200.0000000000064
2025-09-15,m2,30666.18110310248,47519.04249454166,78185.22359764414,10991.398249999998,1200.0000000000064,1199.999999999999
2025-09-16,m2,30729.243109470845,58054.88954217023,88784.13265164108,14559.898497619048,1199.999999999999,1200.0000000000023
2025-09-17,m2,30865.192300028815,62101.14728468572,92966.33958471453,14669.125466666666,1200.0000000000023,1200.000000000004
2025-09-18,m2,30916.55323963751,59505.58014050713,90422.13338014465,13769.032849999996,1200.000000000004,1200.0000000000014
2025-09-19,m2,31045.912608282357,0.0,31045.912608282357,0.0,1200.0000000000014,1200.0000000000023
2025-09-20,m2,31189.20573831845,80.92788142857125,31270.133619747023,37.85214285714278,1200.0000000000023,1199.9999999999939
2025-09-21,m2,31396.31808483862,47082.629670575,78478.94775541362,11546.72785952381,1199.9999999999939,1199.999999999994
2025-09-22,m2,31354.557297265615,56978.14136880714,88332.69866607276,13871.561547619047,1199.999999999994,1200.0000000000045
2025-09-23,m2,31500.379145021026,64790.15962411906,96290.53876914008,14928.120064285715,1200.0000000000045,1200.0000000000011
2025-09-24,m2,31660.371615049044,54686.03413577618,86346.40575082522,13441.081709523807,1200.0000000000011,1200.0000000000036
2025-09-25,m2,31759.49376927592,52910.98576643571,84670.47953571164,12773.961661904763,1200.0000000000036,1199.9999999999964
2025-09-26,m2,31881.962662657883,0.0,31881.962662657883,0.0,1199.9999999999964,1199.9999999999993
2025-09-27,m2,31861.052783032857,120.70537142857154,31981.75815446143,56.45714285714291,1199.9999999999993,1200.0000000000018
2025-09-28,m2,31966.585174769654,64128.49853825715,96095.0837130268,15221.616604761904,1200.0000000000018,1200.0000000000027
2025-09-29,m2,32290.029567904247,58691.15467555953,90981.18424346377,13768.824783333333,1200.0000000000027,1199.9999999999932
2025-09-30,m2,32443.374956753865,69519.00686417977,101962.38182093363,16241.9057,1199.9999999999932,1200.0000000000036
2025-10-01,m2,32653.655269781382,15825.991808104762,48479.64707788614,4143.682330952381,1200.0000000000036,1200.000000000006
2025-10-02,m2,31763.199612391905,20878.570256670242,52641.76986906215,5219.4125476190475,1200.000000000006,1200.0000000000073
2025-10-03,m2,31153.754530121772,0.0,31153.754530121772,0.0,1200.0000000000073,1200.0000000000045
2025-10-04,m2,30659.964143090074,46.52746142857119,30706.491604518644,21.76214285714275,1200.0000000000045,1200.0000000000005
2025-10-05,m2,30196.561934147452,38855.4453295369,69052.00726368435,9565.815402380951,1200.0000000000005,1199.9999999999964
2025-10-06,m2,29770.779081238412,53251.278187020245,83022.05726825865,13138.015214285715,1199.9999999999964,1200.000000000001
2025-10-07,m2,29361.52485113655,57706.06991717618,87067.59476831273,13928.156483333332,1200.000000000001,1199.9999999999982
2025-10-08,m2,28828.753970814665,55174.92941479166,84003.68338560633,13485.776976190478,1199.9999999999982,1200.0000000000066
2025-10-09,m2,29002.081413598855,53599.91416718332,82601.99558078218,12489.007135714284,1200.0000000000066,1199.9999999999989
2025-10-10,m2,29269.38453895069,0.0,29269.38453895069,0.0,1199.9999999999989,1199.9999999999995
2025-10-11,m2,29515.042226812384,93.56804285714314,29608.610269669527,43.76428571428585,1199.9999999999995,1200.0000000000084
2025-10-12,m2,29608.88247786669,56427.68595397858,86036.56843184527,13562.637680952383,1200.0000000000084,1199.9999999999989
2025-10-13,m2,29733.84055640413,53055.458611884525,82789.29916828865,12178.126838095239,1199.9999999999989,1200.0000000000075
2025-10-14,m2,29776.307308707663,66407.84591688453,96184.15322559219,15788.472935714288,1200.0000000000075,1199.9999999999989
2025-10-15,m2,29992.47892805875,66024.90411185952,96017.38303991826,15959.948135714287,1199.9999999999989,1199.9999999999961
2025-10-16,m2,30148.256028173495,71597.16211219048,101745.41814036397,16987.710054761905,1199.9999999999961,1200.0000000000025
2025-10-17,m2,30437.206850746887,0.0,30437.206850746887,0.0,1200.0000000000025,1199.9999999999914
2025-10-18,m2,30515.14851546572,81.68738047619073,30596.83589594191,38.20738095238107,1199.9999999999914,1200.0000000000068
2025-10-19,m2,30619.128702269096,69208.87754776666,99828.00625003576,16273.798283333334,1200.0000000000068,1200.000000000005
2025-10-20,m2,31097.415966354958,68343.76740049881,99441.18336685377,16061.605752380952,1200.000000000005,1199.9999999999977
2025-10-21,m2,31641.16058952399,69607.77106548811,101248.9316550121,17025.127059523813,1199.9999999999977,1199.9999999999977
2025-10-22,m2,32025.395598216266,64721.53513380952,96746.9307320258,15303.985923809523,1199.9999999999977,1199.9999999999932
2025-10-23,m2,32345.77254378201,53917.41907014404,86263.19161392606,12772.375654761905,1199.9999999999932,1200.0000000000032
2025-10-24,m2,32352.443013743246,0.0,32352.443013743246,0.0,1200.0000000000032,1199.9999999999993
2025-10-25,m2,32626.806153507117,41.07505238095211,32667.88120588807,19.211904761904634,1199.9999999999993,1200.0000000000045
2025-10-26,m2,32955.04330933368,52951.045870375005,85906.08917970868,12895.460097619049,1200.0000000000045,1200.000000000004
2025-10-27,m2,32959.12240502865,52772.639735139295,85731.76214016794,12215.905540476193,1200.000000000004,1199.999999999999
2025-10-28,m2,32950.40890380963,60053.12438709166,93003.53329090128,14358.913233333333,1199.999999999999,1199.999999999996
2025-10-29,m2,32986.576506458965,73470.9446155107,106457.52112196966,17768.786433333335,1199.999999999996,1199.9999999999989
2025-10-30,m2,33297.05818062712,53453.50074227499,86750.55892290211,12807.08067380952,1199.9999999999989,1199.999999999998
2025-10-31,m2,33451.14255158314,0.0,33451.14255158314,0.0,1199.999999999998,1200.000000000011
2025-11-01,m2,33891.94460609682,83.9877666666666,33975.932372763484,39.2833333333333,1200.000000000011,1199.9999999999952
2025-11-02,m2,34150.77603150033,64197.81891194048,98348.59494344081,15279.566742857143,1199.9999999999952,1200.0000000000052
2025-11-03,m2,34560.162457300066,60833.832983955945,95393.995441256,15380.674247619047,1200.0000000000052,1199.9999999999982
2025-11-04,m2,34981.793858616686,54252.59319381072,89234.3870524274,12698.962835714286,1199.9999999999982,1199.9999999999916
2025-11-05,m2,35148.66816004354,59346.54229228929,94495.21045233283,14475.915140476192,1199.9999999999916,1199.9999999999986
2025-11-06,m2,35197.420052284244,67872.93040335953,103070.35045564377,16253.847526190475,1199.9999999999986,1200.000000000006
2025-11-07,m2,35752.83141008332,0.0,35752.83141008332,0.0,1200.000000000006,1200.00000000001
2025-11-08,m2,35740.00632835934,94.78873904761902,35834.79506740696,44.33523809523808,1200.00000000001,1200.0000000000073
2025-11-09,m2,35865.24673652211,62646.64465248809,98511.8913890102,15058.80287142857,1200.0000000000073,1199.999999999995
2025-11-10,m2,36106.25131169206,70858.79928468571,106965.05059637777,17203.751638095237,1199.999999999995,1199.9999999999977
2025-11-11,m2,36572.14549037372,59887.22651674881,96459.37200712253,14281.50455,1199.9999999999977,1199.9999999999984
2025-11-12,m2,36937.96365692516,57051.70058858691,93989.66424551207,13110.051542857143,1199.9999999999984,1199.999999999996
2025-11-13,m2,37091.26744677388,59061.972978140475,96153.24042491436,14514.714695238095,1199.999999999996,1200.0000000000052
2025-11-14,m2,37182.4861356378,0.0,37182.4861356378,0.0,1200.0000000000052,1200.0000000000043
2025-11-15,m2,37529.321058192516,33.594088571428365,37562.915146763946,15.712857142857047,1200.0000000000043,1199.9999999999955
2025-11-16,m2,37956.527464322244,62926.50364397499,100883.03110829723,15022.305159523807,1199.9999999999955,1200.000000000009
2025-11-17,m2,38246.80240563283,54217.60473156786,92464.40713720069,12849.15758095238,1200.000000000009,1200.0000000000045
2025-11-18,m2,38142.74071765434,61294.90871604762,99437.64943370197,15220.80031904762,1200.0000000000045,1199.9999999999993
2025-11-19,m2,38406.04012581907,63498.17656414286,101904.21668996193,15199.304195238095,1199.9999999999993,1200.0
2025-11-20,m2,38803.13530092113,58690.98419360835,97494.11949452947,14125.200221428575,1200.0,1200.0000000000014
2025-11-21,m2,39041.948264281884,0.0,39041.948264281884,0.0,1200.0000000000014,1200.0000000000073
2025-11-22,m2,39150.44140398936,88.17315619047628,39238.614560179834,41.24095238095242,1200.0000000000073,1200.0000000000018
2025-11-23,m2,39346.37736821183,57995.31566430239,97341.69303251422,13709.030121428572,1200.0000000000018,1199.9999999999945
2025-11-24,m2,39427.11538845037,52234.722814408335,91661.83820285871,12445.448419047618,1199.9999999999945,1199.9999999999955
2025-11-25,m2,39567.62287548248,58956.34269822022,98523.9655737027,14236.33865238095,1199.9999999999955,1200.0000000000043
2025-11-26,m2,39712.76116579105,60833.15702726904,100545.91819306009,14650.204269047617,1200.0000000000043,1200.000000000009
2025-11-27,m2,39820.73579310206,57060.62381939523,96881.3596124973,13620.473814285713,1200.000000000009,1200.0000000000036
2025-11-28,m2,39931.229498671586,0.0,39931.229498671586,0.0,1200.0000000000036,1200.0000000000111
2025-11-29,m2,40178.73170135387,113.62451904761915,40292.35622040149,53.14523809523814,1200.0000000000111,1200.0000000000018
2025-11-30,m2,40575.82794940126,68829.87229298452,109405.70024238579,16823.121157142858,1200.0000000000018,1199.9999999999993
2025-12-01,m2,41039.91520070921,88940.12722250595,129980.04242321517,22161.116226190476,1199.9999999999993,1200.0000000000014
2025-12-02,m2,42212.638655416195,91445.84102893213,133658.47968434833,22766.14358095238,1200.0000000000014,1200.0000000000027
2025-12-03,m2,43466.653266523674,76575.27189080833,120041.925157332,19509.775128571426,1200.0000000000027,1200.000000000001
2025-12-04,m2,44453.507175497674,73031.53966768096,117485.04684317863,17784.198383333336,1200.000000000001,1200.0000000000057
2025-12-05,m2,45556.544674940764,0.0,45556.544674940764,0.0,1200.0000000000057,1200.000000000004
2025-12-06,m2,46608.309096973855,74.70222904761906,46683.01132602147,34.9402380952381,1200.000000000004,1200.0000000000055
2025-12-07,m2,47486.57990637057,58682.541398072615,106169.1213044432,14210.998161904761,1200.0000000000055,1199.9999999999998
2025-12-08,m2,48235.31781482486,54804.988877075004,103040.30669189987,13348.339335714287,1199.9999999999998,1200.0000000000027
2025-12-09,m2,48369.86167105001,55124.79563357738,103494.65730462738,12667.323104761905,1200.0000000000027,1200.0000000000018
2025-12-10,m2,48275.195326746514,55809.3630284988,104084.55835524532,13856.70383095238,1200.0000000000018,1200.0000000000082
2025-12-11,m2,48414.18775901747,47965.93571025238,96380.12346926985,11437.513714285713,1200.0000000000082,1200.0000000000014
2025-12-12,m2,48311.03097006605,0.0,48311.03097006605,0.0,1200.0000000000014,1199.9999999999927
2025-12-13,m2,48503.14642239174,103.01902095238094,48606.16544334412,48.1847619047619,1199.9999999999927,1200.000000000001
2025-12-14,m2,48566.38995288013,57619.16794520119,106185.55789808132,13814.412276190476,1200.000000000001,1200.0000000000023
2025-12-15,m2,48682.67361130039,58451.9249553369,107134.59856663729,14344.385507142857,1200.0000000000023,1200.0000000000064
2025-12-16,m2,48836.14825993561,57979.87081529286,106816.01907522847,14061.15503809524,1200.0000000000064,1199.9999999999957
2025-12-17,m2,48985.5688255329,51611.876785904766,100597.44561143767,12544.96261904762,1199.9999999999957,1200.000000000004
2025-12-18,m2,48964.9225461303,52072.32689368453,101037.24943981483,12076.219061904761,1200.000000000004,1199.9999999999986
2025-12-19,m2,49139.019365321226,0.0,49139.019365321226,0.0,1199.9999999999986,1200.0000000000068
2025-12-20,m2,49088.50878159661,52.6813380952381,49141.19011969185,24.640476190476193,1200.0000000000068,1200.0000000000027
2025-12-21,m2,48980.03341403656,55690.435547197616,104670.46896123418,13521.786921428571,1200.0000000000027,1200.0000000000025
2025-12-22,m2,48987.89908672828,55786.58663756905,104774.48572429732,13330.528690476192,1200.0000000000025,1200.0000000000016
2025-12-23,m2,48958.6743412826,49397.794562102375,98356.46890338499,11752.333157142857,1200.0000000000016,1200.000000000001
2025-12-24,m2,48745.0254384773,54038.832739514284,102783.85817799158,12670.026335714287,1200.000000000001,1199.9999999999995
2025-12-25,m2,48772.719660750336,52534.35886387977,101307.07852463011,12806.64890952381,1199.9999999999995,1199.999999999997
2025-12-26,m2,48787.313412013864,0.0,48787.313412013864,0.0,1199.999999999997,1199.9999999999948
2025-12-27,m2,48800.10073383244,62.00658142857146,48862.10731526101,29.00214285714287,1199.9999999999948,1199.9999999999998
2025-12-28,m2,48855.072551488265,47739.21589679642,96594.28844828469,11488.291773809522,1199.9999999999998,1199.9999999999966
2025-12-29,m2,48621.186453169685,50677.40239185714,99298.58884502682,12521.164307142859,1199.9999999999966,1199.999999999991
2025-12-30,m2,48441.271840858186,48449.69968384166,96890.97152469985,11452.42825238095,1199.999999999991,1200.0
2025-12-31,m2,50549.8078564471,58482.177161777385,109031.98501822448,14012.760842857144,1200.0,6000.0
2025-02-01,m3,23830.852860651954,2257.9070024683697,26088.759863120322,763.2592019885551,1200.0000000000082,1199.9999999999964
2025-02-02,m3,55136.339164578036,4475.408588147435,59611.74775272547,829.4201216224247,1199.9999999999964,1199.9999999999982
2025-02-03,m3,52659.30541122843,7755.893662199359,60415.199073427786,1695.5023760132074,1199.9999999999982,1200.0000000000005
2025-02-04,m3,52427.84535308702,13697.156658535978,66125.002011623,2979.255058336392,1200.0000000000005,1199.9999999999986
2025-02-05,m3,52432.64647623292,11400.341735962134,63832.98821219505,2538.66592585107,1199.9999999999986,1200.0000000000032
2025-02-06,m3,52430.58691911067,10849.51872939943,63280.1056485101,2263.1059671803723,1200.0000000000032,1200.0000000000023
2025-02-07,m3,24883.495275244837,2879.0804272999294,27762.575702544767,974.954867612417,1200.0000000000023,1199.9999999999914
2025-02-08,m3,21167.396591688797,4717.118527275381,25884.515118964177,1500.37881614237,1199.9999999999914,1200.0000000000005
2025-02-09,m3,50899.92349503124,11269.307100802485,62169.230595833724,2538.4413320103777,1200.0000000000005,1200.0000000000007
2025-02-10,m3,50784.41163790908,7897.27526475338,58681.686902662455,1790.5172527630657,1200.0000000000007,1200.0000000000055
2025-02-11,m3,49822.06866073905,9691.606843677648,59513.6755044167,1942.0128802428603,1200.0000000000055,1200.0000000000089
2025-02-12,m3,49852.415160435354,10760.798253397348,60613.2134138327,2338.8012263359187,1200.0000000000089,1200.0000000000023
2025-02-13,m3,48816.966168461724,7698.503783232155,56515.46995169388,1740.0517883713692,1200.0000000000023,1200.0000000000077
2025-02-14,m3,21489.564858472826,4278.581530879699,25768.146389352525,1488.5503644804066,1200.0000000000077,1200.000000000006
2025-02-15,m3,19435.249347421635,6056.722514502759,25491.971861924394,1911.1541887824048,1200.000000000006,1200.0000000000077
2025-02-16,m3,48005.81687252763,12804.389398271964,60810.206270799594,2810.113256008731,1200.0000000000077,1200.0000000000023
2025-02-17,m3,46742.24862446852,8713.37232832803,55455.620952796555,1979.5097505734138,1200.0000000000023,1200.0000000000032
2025-02-18,m3,45919.585855912446,11380.741478741442,57300.32733465389,2459.452320160749,1200.0000000000032,1200.0000000000164
2025-02-19,m3,45491.91923574668,18148.65372046493,63640.57295621161,4035.312682796494,1200.0000000000164,1200.0000000000014
2025-02-20,m3,45824.89277155746,11585.339880647905,57410.23265220536,2505.428969256144,1200.0000000000014,1200.0000000000039
2025-02-21,m3,20749.369989179904,3583.582397492949,24332.952386672852,1382.5778314696427,1200.0000000000039,1199.9999999999936
2025-02-22,m3,18541.8803272907,6409.306266717493,24951.18659400819,1886.9741047848288,1199.9999999999936,1200.00000000001
2025-02-23,m3,45628.70182641788,11583.94028765741,57212.64211407529,2560.0678477744277,1200.00000000001,1200.0000000000077
2025-02-24,m3,44394.1190905794,10690.864293825442,55084.98338440484,2329.5273566055494,1200.0000000000077,1200.0000000000089
2025-02-25,m3,44238.220631396085,8810.112594788068,53048.33322618416,2050.3689446968324,1200.0000000000089,1200.0000000000036
2025-02-26,m3,42861.98722030055,14814.66850843804,57676.655728738595,3463.6466238546996,1200.0000000000036,1199.9999999999957
2025-02-27,m3,42833.28538801096,15355.207591405742,58188.492979416704,3069.9536121111423,1199.9999999999957,1199.9999999999964
2025-02-28,m3,20025.507400574985,2154.694298746833,22180.201699321817,903.8292696625551,1199.9999999999964,1199.9999999999857
2025-03-01,m3,17910.955156082946,5478.907752333974,23389.86290841692,1383.2516954792086,1199.9999999999857,1199.9999999999984
2025-03-02,m3,42399.59154137212,29498.09995894162,71897.69150031374,7025.28477709771,1199.9999999999984,1199.9999999999995
2025-03-03,m3,41794.060408396515,31271.061251526608,73065.12165992313,7237.807509714894,1199.9999999999995,1199.999999999995
2025-03-04,m3,43120.95835369876,13204.662856777451,56325.621210476216,3283.4166356250935,1199.999999999995,1199.9999999999993
2025-03-05,m3,42597.67829182258,10732.273349815343,53329.95164163792,2336.2878559441456,1199.9999999999993,1199.9999999999939
2025-03-06,m3,41820.36830324948,11293.537148814103,53113.905452063584,2637.0613663441413,1199.9999999999939,1199.9999999999989
2025-03-07,m3,18402.4904185028,2817.5565589355047,21220.046977438302,907.1054068722046,1199.9999999999989,1200.0000000000045
2025-03-08,m3,16813.373164768534,3063.4118355780583,19876.785000346594,977.4924775973577,1200.0000000000045,1200.000000000007
2025-03-09,m3,43878.64077908844,9014.32965837892,52892.97043746736,2060.212276756361,1200.000000000007,1200.0000000000034
2025-03-10,m3,41325.6835955414,16576.133628821393,57901.81722436279,4260.462116636363,1200.0000000000034,1200.0000000000023
2025-03-11,m3,41407.198144489535,10909.682285829542,52316.88043031908,2593.3367824283564,1200.0000000000023,1200.0
2025-03-12,m3,40227.05640545687,12012.987240747208,52240.043646204074,2913.1317649013154,1200.0,1199.9999999999918
2025-03-13,m3,39656.68194084349,24809.073016161674,64465.75495700516,6199.399142911803,1199.9999999999918,1200.000000000002
2025-03-14,m3,17738.35610690571,2482.190033412693,20220.5461403184,880.3493212707747,1200.000000000002,1200.0000000000043
2025-03-15,m3,15578.990898572692,8998.276828924623,24577.267727497318,2372.0559717505057,1200.0000000000043,1199.9999999999973
2025-03-16,m3,41148.17435497927,11183.642089876412,52331.816444855685,2669.9775977636928,1199.9999999999973,1200.0000000000043
2025-03-17,m3,40410.20333991639,7729.733798666091,48139.937138582485,1789.878052983743,1200.0000000000043,1199.9999999999989
2025-03-18,m3,39052.666081681906,13297.29632805923,52349.962409741136,2835.993311774174,1199.9999999999989,1200.0000000000018
2025-03-19,m3,38535.39006138833,10617.06437060424,49152.45443199257,2531.5627749920714,1200.0000000000018,1200.0000000000055
2025-03-20,m3,38618.036120639874,13086.932059497256,51704.96818013713,3162.24997761911,1200.0000000000055,1199.9999999999984
2025-03-21,m3,17556.96660282665,2232.3926798386683,19789.35928266532,813.9048304599271,1199.9999999999984,1199.9999999999964
2025-03-22,m3,14822.415379904902,6854.77696394304,21677.192343847943,1859.6510268812453,1199.9999999999964,1199.9999999999998
2025-03-23,m3,38014.03927549024,12286.129004936738,50300.16828042698,2807.156446726125,1199.9999999999998,1200.0000000000014
2025-03-24,m3,37123.186699041275,11113.86101108868,48237.047710129955,2697.5239035690397,1200.0000000000014,1199.9999999999973
2025-03-25,m3,36923.569328663376,16932.969935900528,53856.53926456391,4235.759302008884,1199.9999999999973,1200.0000000000023
2025-03-26,m3,36818.02774091074,9522.584826764385,46340.612567675125,2308.5041144547877,1200.0000000000023,1200.0
2025-03-27,m3,36395.62854148797,14413.612717325144,50809.24125881311,3457.235018503292,1200.0,1200.0000000000016
2025-03-28,m3,16796.400921098695,3655.645364188007,20452.046285286702,1045.0507494299193,1200.0000000000016,1200.0000000000027
2025-03-29,m3,14552.4807623562,6595.554024992788,21148.034787348988,1701.1237647615965,1200.0000000000027,1200.000000000001
2025-03-30,m3,35317.15295434895,11419.454576765627,46736.60753111458,2677.552016220632,1200.000000000001,1200.0000000000025
2025-03-31,m3,35176.911028615286,15976.669738822122,51153.58076743741,3695.9312421654413,1200.0000000000025,1200.0000000000043
2025-04-01,m3,35330.96509421059,19506.83720654501,54837.8023007556,5335.011749838854,1200.0000000000043,1200.000000000004
2025-04-02,m3,34105.461253168,31610.14744467361,65715.60869784161,7653.9974111276215,1200.000000000004,1199.9999999999945
2025-04-03,m3,35772.505639560004,12985.14142970875,48757.64706926876,3079.625071584468,1199.9999999999945,1200.0000000000034
2025-04-04,m3,16044.774461874234,3356.7861279697377,19401.56058984397,1088.3524073245997,1200.0000000000034,1200.0000000000005
2025-04-05,m3,14139.16178140237,7551.679066618138,21690.840848020507,2033.5945984336672,1200.0000000000005,1200.000000000001
2025-04-06,m3,34339.04234110916,10919.338433941979,45258.38077505114,2424.4590629042914,1200.000000000001,1200.0000000000166
2025-04-07,m3,34853.764965570794,7590.888768324881,42444.65373389568,1878.2822952979157,1200.0000000000166,1200.0000000000002
2025-04-08,m3,34897.036100718404,15882.41877982812,50779.454880546524,3464.836207859837,1200.0000000000002,1199.999999999995
2025-04-09,m3,34228.525441992104,21167.795777528714,55396.32121952082,5462.5056717112475,1199.999999999995,1200.0000000000116
2025-04-10,m3,34629.930680444624,14135.96821429411,48765.89889473873,3135.4844302882957,1200.0000000000116,1200.0000000000077
2025-04-11,m3,15579.931097384457,2653.7510887181106,18233.682186102567,1007.3978566280059,1200.0000000000077,1200.0000000000014
2025-04-12,m3,14024.30164589816,5559.481023032142,19583.782668930304,1676.6951166680938,1200.0000000000014,1200.0000000000034
2025-04-13,m3,33483.563106678375,14603.17344331996,48086.736549998335,3216.5451872067742,1200.0000000000034,1200.0000000000018
2025-04-14,m3,33390.192296987574,8696.145490404091,42086.33778739166,2118.015648783107,1200.0000000000018,1200.0000000000057
2025-04-15,m3,33761.23371326756,10031.486641785606,43792.72035505317,2160.688804751128,1200.0000000000057,1199.9999999999973
2025-04-16,m3,33571.317970097705,13459.03294844242,47030.35091854013,3278.279267391755,1199.9999999999973,1200.0000000000018
2025-04-17,m3,33231.10233378586,13307.967076892543,46539.0694106784,2835.3373507224387,1200.0000000000018,1200.0000000000002
2025-04-18,m3,14704.4828344189,3605.6897875500163,18310.172621968915,1332.618945619933,1200.0000000000002,1200.0000000000027
2025-04-19,m3,13085.65370572266,5898.332691027939,18983.9863967506,1751.0875926163735,1200.0000000000027,1199.9999999999989
2025-04-20,m3,32159.27147192575,14921.389910533586,47080.66138245934,3304.5656980132917,1199.9999999999989,1199.9999999999982
2025-04-21,m3,32273.98781832144,9230.773729507793,41504.76154782923,2276.590927544607,1199.9999999999982,1200.0000000000093
2025-04-22,m3,31820.101917094158,12590.952816139636,44411.054733233796,3008.981455482415,1200.0000000000093,1199.9999999999984
2025-04-23,m3,33008.12766464382,9521.413977522643,42529.54164216646,2303.784417584715,1199.9999999999984,1200.0000000000089
2025-04-24,m3,31788.959439146653,10680.92023162837,42469.87967077502,2252.3597195750244,1200.0000000000089,1200.0
2025-04-25,m3,13861.637893918392,2375.204783458761,16236.842677377153,882.3661857350949,1200.0,1200.000000000002
2025-04-26,m3,12731.971287245113,5653.1782560135325,18385.149543258645,1569.7247162667072,1200.000000000002,1200.0000000000032
2025-04-27,m3,30726.722024396353,15693.224789386066,46419.946813782415,3503.0784870507605,1200.0000000000032,1200.0000000000023
2025-04-28,m3,30578.83823357882,34988.42516394358,65567.2633975224,8625.825685105534,1200.0000000000023,1200.0000000000116
2025-04-29,m3,31416.912908569877,10851.50222686247,42268.41513543235,2478.7715136777115,1200.0000000000116,1199.9999999999998
2025-04-30,m3,31394.061322528654,9326.30888977964,40720.37021230829,2201.4304916096853,1199.9999999999998,1200.0000000000036
2025-05-01,m3,29365.901679331655,33397.37051103155,62763.272190363205,7113.306769736505,1200.0000000000036,1199.9999999999975
2025-05-02,m3,14112.030812799383,17874.09627163051,31986.127084429892,4487.934618590734,1199.9999999999975,1199.9999999999993
2025-05-03,m3,13203.087816126528,15878.289810621654,29081.37762674818,3699.4489980704825,1199.9999999999993,1200.0000000000005
2025-05-04,m3,31937.651043640224,20777.964258689004,52715.61530232923,5077.225595874258,1200.0000000000005,1200.0000000000011
2025-05-05,m3,32176.219525444627,28324.07615414977,60500.2956795944,6309.127432885115,1200.0000000000011,1199.9999999999982
2025-05-06,m3,32650.4245718453,22002.048657178257,54652.473229023555,4934.327647436343,1199.9999999999982,1200.000000000003
2025-05-07,m3,32957.58270998648,24604.96360777883,57562.54631776531,5236.291818150661,1200.000000000003,1200.0000000000045
2025-05-08,m3,33003.75279597011,24443.671660147033,57447.42445611714,5933.295469371087,1200.0000000000045,1199.9999999999966
2025-05-09,m3,15881.139359906058,4297.188262535168,20178.327622441226,1183.803963185062,1199.9999999999966,1200.0000000000002
2025-05-10,m3,13607.65368839889,14600.775989621847,28208.429678020737,3524.930808934071,1200.0000000000002,1199.9999999999995
2025-05-11,m3,33076.57114322163,22080.816721385145,55157.387864606775,5300.465897149308,1199.9999999999995,1199.9999999999975
2025-05-12,m3,33487.37722655467,14760.510089777408,48247.88731633208,4066.0173880263446,1199.9999999999975,1200.0000000000048
2025-05-13,m3,33007.751647396864,12888.93587184048,45896.68751923734,2936.8256912422094,1200.0000000000048,1200.0000000000082
2025-05-14,m3,32992.926182018906,14317.463020250741,47310.389202269645,3363.5868782270636,1200.0000000000082,1200.0000000000045
2025-05-15,m3,32883.75484288647,15001.42834598283,47885.1831888693,3503.7259640489788,1200.0000000000045,1200.0000000000116
2025-05-16,m3,15764.332071702152,3993.2244598648495,19757.556531567003,1353.3382622998035,1200.0000000000116,1199.9999999999945
2025-05-17,m3,13526.779595156462,12282.048574897346,25808.828170053806,3446.8238057826948,1199.9999999999945,1199.9999999999939
2025-05-18,m3,32719.473197343308,16234.9160511578,48954.38924850111,4442.8084135386025,1199.9999999999939,1200.0000000000023
2025-05-19,m3,32656.15498171536,10220.005181946191,42876.16016366155,2223.2663599452485,1200.0000000000023,1200.000000000007
2025-05-20,m3,32452.24255540129,19502.700048002436,51954.94260340373,4706.990667815852,1200.000000000007,1200.0000000000023
2025-05-21,m3,31768.39723811242,20702.978787229422,52471.376025341844,4808.381715754002,1200.0000000000023,1200.000000000008
2025-05-22,m3,32064.06201205527,12824.32265496675,44888.38466702202,2784.524669919309,1200.000000000008,1200.000000000004
2025-05-23,m3,15188.016565747981,3961.005573496975,19149.022139244957,1365.225906027328,1200.000000000004,1200.0000000000023
2025-05-24,m3,13421.722423455381,6545.521891533299,19967.244314988682,1787.9840898243413,1200.0000000000023,1200.0000000000027
2025-05-25,m3,31694.795981437823,12505.943571561358,44200.73955299918,2889.751835836556,1200.0000000000027,1200.0000000000098
2025-05-26,m3,32176.161057494443,21279.797618330565,53455.95867582501,5222.324572447405,1200.0000000000098,1199.9999999999964
2025-05-27,m3,32471.839197422934,11109.075707478773,43580.91490490171,2616.502007003015,1199.9999999999964,1199.9999999999989
2025-05-28,m3,31807.286761412113,20749.915403419436,52557.20216483155,5122.938553014181,1199.9999999999989,1200.0000000000032
2025-05-29,m3,32213.807802624655,22706.61938323269,54920.42718585735,5187.973435778129,1200.0000000000032,1199.9999999999995
2025-05-30,m3,15549.402791021716,2537.733590092652,18087.136381114367,858.8653203387521,1199.9999999999995,1200.000000000003
2025-05-31,m3,13492.263801755358,7696.029703962268,21188.293505717626,2250.7134873131436,1200.000000000003,1200.0000000000045
2025-06-01,m3,32208.50250332887,83795.24924380344,116003.75174713231,20714.639122546236,1200.0000000000045,1200.0000000000036
2025-06-02,m3,33411.738171073775,70621.33388636517,104033.07205743896,16940.359641260016,1200.0000000000036,1200.0000000000107
2025-06-03,m3,36779.13493821367,45962.30440968496,82741.43934789863,11068.432434178481,1200.0000000000107,1200.0000000000032
2025-06-04,m3,36886.443560276064,46654.85872315982,83541.30228343589,12227.127922066791,1200.0000000000032,1200.00000000001
2025-06-05,m3,39795.13034722237,36967.21485422165,76762.34520144403,8883.774812483418,1200.00000000001,1199.999999999994
2025-06-06,m3,19617.249751427877,21595.46349295607,41212.71324438395,6178.681260935697,1199.999999999994,1199.999999999998
2025-06-07,m3,15967.141695909162,34310.431847193584,50277.57354310274,8420.185623145357,1199.999999999998,1200.0000000000027
2025-06-08,m3,42430.39695450742,22226.57427450447,64656.97122901189,4497.894077216331,1200.0000000000027,1200.0000000000023
2025-06-09,m3,43584.16385895685,23143.642650177382,66727.80650913423,5078.581573537896,1200.0000000000023,1199.9999999999884
2025-06-10,m3,44494.48465291543,18974.672571309122,63469.15722422455,4571.360936859221,1199.9999999999884,1199.999999999993
2025-06-11,m3,45653.03008535839,29064.89538428983,74717.92546964822,6250.016636264114,1199.999999999993,1200.0000000000007
2025-06-12,m3,47805.002386516935,12751.048913065963,60556.0512995829,2822.3592993296807,1200.0000000000007,1199.999999999998
2025-06-13,m3,23462.654257094986,5188.197147783161,28650.851404878147,1634.2180920229866,1199.999999999998,1199.9999999999964
2025-06-14,m3,18411.473026029948,11859.569983489588,30271.043009519533,3455.452989830519,1199.9999999999964,1200.0000000000032
2025-06-15,m3,43372.90456219068,21845.82420258593,65218.728764776606,4631.771667160496,1200.0000000000032,1200.0000000000052
2025-06-16,m3,45760.191225689734,15119.856739773975,60880.04796546371,3568.7215022200435,1200.0000000000052,1199.9999999999966
2025-06-17,m3,46459.397666434525,21117.578483805344,67576.97615023988,5167.443691570781,1199.9999999999966,1199.9999999999975
2025-06-18,m3,47169.01831688568,10340.247543503181,57509.26586038886,2490.9508529428335,1199.9999999999975,1200.0000000000011
2025-06-19,m3,45228.273390548304,14335.091140578512,59563.36453112682,3008.643877258014,1200.0000000000011,1200.0000000000014
2025-06-20,m3,23410.18935524873,1174.2921919117562,24584.48154716049,536.545737196225,1200.0000000000014,1199.9999999999984
2025-06-21,m3,18411.073074103748,10284.690861831652,28695.7639359354,2778.457541126215,1199.9999999999984,1199.9999999999964
2025-06-22,m3,43153.86903715051,15619.023238581414,58772.89227573192,3533.8673471371517,1199.9999999999964,1200.0000000000043
2025-06-23,m3,44337.865190859215,13078.370102338162,57416.23529319737,2937.51044924442,1200.0000000000043,1199.999999999997
2025-06-24,m3,44657.51489991711,34090.2811050243,78747.79600494141,8079.119990987615,1199.999999999997,1199.9999999999989
2025-06-25,m3,44936.90455408218,13664.502859232985,58601.407413315166,3454.1189455165295,1199.9999999999989,1199.9999999999998
2025-06-26,m3,43646.562672601256,13684.39155201121,57330.95422461246,3080.237342098274,1199.9999999999998,1199.999999999993
2025-06-27,m3,20612.646047727194,2543.095688561161,23155.741736288353,868.5161273673696,1199.999999999993,1199.9999999999968
2025-06-28,m3,17596.21632249799,12654.735141967736,30250.951464465725,3561.2478132920915,1199.9999999999968,1200.0000000000007
2025-06-29,m3,43237.77351116651,18777.308887289808,62015.08239845632,4427.080942238866,1200.0000000000007,1200.000000000001
2025-06-30,m3,45115.594127483026,12441.899570435156,57557.49369791818,3027.0250367616304,1200.000000000001,1199.9999999999964
2025-07-01,m3,46142.493447531284,36439.16106970492,82581.6545172362,9962.567091496483,1199.9999999999964,1199.9999999999961
2025-07-02,m3,45735.41178939694,32280.611017210766,78016.02280660771,8601.220739979952,1199.9999999999961,1199.9999999999957
2025-07-03,m3,46058.994419428825,39396.7188382464,85455.71325767523,9391.18523369038,1199.9999999999957,1199.9999999999948
2025-07-04,m3,23317.49131717113,19243.16552598978,42560.65684316091,5637.023323596502,1199.9999999999948,1200.0000000000032
2025-07-05,m3,21253.185981376802,22196.45577982218,43449.64176119898,6339.2352456315875,1200.0000000000032,1199.9999999999964
2025-07-06,m3,44510.26646689843,50934.477829085736,95444.74429598416,11484.525509261846,1199.9999999999964,1199.9999999999927
2025-07-07,m3,49390.991315898435,13958.260139973818,63349.251455872254,3135.239680219917,1199.9999999999927,1199.9999999999973
2025-07-08,m3,50942.88150463009,16676.74648306834,67619.62798769842,3561.8800497218067,1199.9999999999973,1199.9999999999964
2025-07-09,m3,49520.10666189482,12242.861940994313,61762.96860288913,2287.4016642275706,1199.9999999999964,1199.9999999999952
2025-07-10,m3,49212.8795113166,12225.50783979314,61438.38735110973,2728.406965955239,1199.9999999999952,1199.9999999999911
2025-07-11,m3,27648.041217295733,10307.065094462636,37955.10631175837,3121.8945442009644,1199.9999999999911,1200.0000000000002
2025-07-12,m3,23570.74670361849,12759.206918769407,36329.9536223879,3948.6510445966096,1200.0000000000002,1200.0000000000039
2025-07-13,m3,48383.514009587016,12949.979624794083,61333.4936343811,2359.6620139191964,1200.0000000000039,1199.9999999999966
2025-07-14,m3,47228.0490851967,13681.875331872434,60909.92441706913,2923.088712676976,1199.9999999999966,1199.9999999999927
2025-07-15,m3,48395.31176524078,15321.075680498147,63716.38744573893,4201.645690999307,1199.9999999999927,1199.9999999999939
2025-07-16,m3,46968.64520276735,15636.44155448971,62605.08675725706,3646.9805108376254,1199.9999999999939,1199.9999999999943
2025-07-17,m3,46580.42368463674,22332.186667038488,68912.61035167523,4877.68636090248,1199.9999999999943,1199.999999999991
2025-07-18,m3,27414.929479534578,7364.561098027057,34779.490577561635,2192.0099448420324,1199.999999999991,1200.0000000000011
2025-07-19,m3,23827.532895890705,8395.43010917131,32222.963005062014,2555.326317624275,1200.0000000000011,1200.0000000000014
2025-07-20,m3,46295.789801883584,15298.358402794003,61594.148204677585,3618.307854611244,1200.0000000000014,1199.9999999999995
2025-07-21,m3,46539.70530139464,19269.11826691943,65808.82356831408,4638.269601355384,1199.9999999999995,1199.9999999999957
2025-07-22,m3,48255.26783595198,12572.618070913632,60827.88590686561,3144.108278871322,1199.9999999999957,1199.9999999999932
2025-07-23,m3,47044.54475119959,19976.621860744657,67021.16661194424,4464.501593869255,1199.9999999999932,1199.9999999999945
2025-07-24,m3,47429.468949799644,19152.42128350677,66581.89023330642,4617.277510184728,1199.9999999999945,1199.9999999999961
2025-07-25,m3,27414.34635924943,3288.8279332611837,30703.174292510615,1038.8319279578918,1199.9999999999961,1200.0000000000007
2025-07-26,m3,24393.275478661453,6655.566375181681,31048.841853843136,2400.856317854121,1200.0000000000007,1199.9999999999943
2025-07-27,m3,46846.5507309214,20003.091880330016,66849.64261125142,4393.911579597073,1199.9999999999943,1199.9999999999961
2025-07-28,m3,47240.59234616362,27359.418736261916,74600.01108242554,6705.818552184324,1199.9999999999961,1199.9999999999975
2025-07-29,m3,48077.782946395644,17884.37059391138,65962.15354030702,4350.044454496279,1199.9999999999975,1199.9999999999973
2025-07-30,m3,47273.48123898266,19299.48435278197,66572.96559176463,4463.8496047225635,1199.9999999999973,1199.9999999999948
2025-07-31,m3,48002.63643796441,17262.12013431886,65264.756572283266,3714.165854414409,1199.9999999999948,1199.999999999998
2025-08-01,m3,26453.277326941577,1394.0621587158325,27847.33948565741,435.0231243088173,1199.999999999998,1200.0000000000043
2025-08-02,m3,24690.228475120344,3977.124554550961,28667.353029671307,1149.6436436197955,1200.0000000000043,1200.000000000004
2025-08-03,m3,47029.08966974747,8914.78446768811,55943.874137435574,2050.4441200149786,1200.000000000004,1199.9999999999945
2025-08-04,m3,46415.70026989192,7714.697327466866,54130.39759735878,2030.6694512968206,1199.9999999999945,1199.9999999999977
2025-08-05,m3,45622.59327266432,7076.40283962977,52698.996112294095,1852.879248415092,1199.9999999999977,1199.9999999999955
2025-08-06,m3,44335.53867696829,18971.46966648791,63307.0083434562,4509.00612975279,1199.9999999999955,1199.999999999997
2025-08-07,m3,44464.96139727574,10903.668981095172,55368.630378370915,2724.4504606337355,1199.999999999997,1199.9999999999966
2025-08-08,m3,25460.68302231838,2838.5914792507806,28299.274501569158,902.9423609801868,1199.9999999999966,1199.999999999999
2025-08-09,m3,23277.13911148982,5603.380141670961,28880.519253160783,1787.9470387598572,1199.999999999999,1199.9999999999993
2025-08-10,m3,40811.212996940965,27651.432671033752,68462.64566797472,6441.476501547464,1199.9999999999993,1200.0000000000007
2025-08-11,m3,43171.86295482856,15816.088011133037,58987.9509659616,3729.38723067671,1200.0000000000007,1199.9999999999948
2025-08-12,m3,42897.497230291556,22041.983834383347,64939.4810646749,5141.6836574245735,1199.9999999999948,1199.9999999999975
2025-08-13,m3,43119.49957107876,16565.344640947696,59684.84421202646,3939.8352790843333,1199.9999999999975,1200.000000000006
2025-08-14,m3,42564.86486646625,21516.791667017766,64081.65653348401,4810.407373108828,1200.000000000006,1199.9999999999982
2025-08-15,m3,25017.62509706236,4576.961140781821,29594.58623784418,1753.395998285267,1199.9999999999982,1200.0000000000073
2025-08-16,m3,23112.02638630384,6502.1228413284625,29614.149227632304,1875.2294005431809,1200.0000000000073,1200.0000000000032
2025-08-17,m3,41973.03226230474,14854.975461363345,56828.00772366808,3354.424358357377,1200.0000000000032,1200.0
2025-08-18,m3,42594.806923731754,18280.387501559766,60875.19442529152,3963.478068338228,1200.0,1199.9999999999995
2025-08-19,m3,42880.603308740516,11816.423380070055,54697.02668881057,2925.3685405106075,1199.9999999999995,1199.999999999998
2025-08-20,m3,42205.404163507876,34548.8621498749,76754.26631338277,8042.492352923371,1199.999999999998,1199.9999999999984
2025-08-21,m3,43199.27428619741,15136.471832646326,58335.74611884374,3552.4955854791524,1199.9999999999984,1199.999999999998
2025-08-22,m3,25100.497095526036,6620.3915851942675,31720.8886807203,2029.1444751141971,1199.999999999998,1200.0000000000064
2025-08-23,m3,23696.822052897158,8184.916396772573,31881.73844966973,2281.080230859331,1200.0000000000064,1199.9999999999982
2025-08-24,m3,41802.26132184084,20900.06725112434,62702.328572965176,4704.625494893604,1199.9999999999982,1199.9999999999998
2025-08-25,m3,43204.3700156204,27998.560065790538,71202.93008141094,7047.531152769108,1199.9999999999998,1199.9999999999984
2025-08-26,m3,44409.2142240418,12708.633513792916,57117.847737834716,2835.7164150434346,1199.9999999999984,1199.9999999999984
2025-08-27,m3,44039.0682307012,18975.153082793666,63014.22131349487,4071.5595569327543,1199.9999999999984,1200.0000000000016
2025-08-28,m3,43586.342428225515,27764.423546869282,71350.7659750948,6886.59895792377,1200.0000000000016,1199.9999999999993
2025-08-29,m3,26203.974238179442,5284.017434725443,31487.991672904885,1625.9486538100828,1199.9999999999993,1199.9999999999995
2025-08-30,m3,23785.773546130826,6973.152163515941,30758.925709646766,2363.2963216948892,1199.9999999999995,1200.0000000000023
2025-08-31,m3,42344.03710012945,19867.18702214629,62211.22412227574,4799.83252692496,1200.0000000000023,1200.0000000000018
2025-09-01,m3,43612.190770364825,2423.5495780991496,46035.74034846397,666.3393801498237,1200.0000000000018,1199.9999999999955
2025-09-02,m3,41174.812487528965,4907.207002471573,46082.01949000054,971.1951027284857,1199.9999999999955,1199.9999999999936
2025-09-03,m3,41154.242002849336,3369.733418197717,44523.97542104706,750.195738726262,1199.9999999999936,1199.9999999999995
2025-09-04,m3,38936.47671088712,9040.068971765206,47976.54568265232,1876.5955627132685,1199.9999999999995,1200.0000000000027
2025-09-05,m3,22202.739676921217,102.89564944161316,22305.63532636283,30.60783793024177,1200.0000000000027,1200.0000000000018
2025-09-06,m3,18048.58124632629,8256.692134873008,26305.273381199295,2617.957204886437,1200.0000000000018,1200.0
2025-09-07,m3,35911.88145510109,13265.232170478073,49177.113625579164,2655.4306892751256,1200.0,1199.9999999999998
2025-09-08,m3,34500.55211894351,31435.309228501104,65935.86134744462,6978.514252122577,1199.9999999999998,1199.9999999999986
2025-09-09,m3,35557.50071142607,16567.62384517742,52125.12455660349,3479.916528178631,1199.9999999999986,1200.0000000000118
2025-09-10,m3,35648.57167199945,32860.811227724786,68509.38289972424,7300.76024997563,1200.0000000000118,1200.0000000000014
2025-09-11,m3,36598.95000875513,15883.384449626898,52482.33445838203,3164.011663897759,1200.0000000000014,1200.0000000000093
2025-09-12,m3,20279.67831981261,3092.153883115398,23371.83220292801,877.1562890577331,1200.0000000000093,1200.0000000000086
2025-09-13,m3,18081.654527325692,5772.850479490919,23854.50500681661,2099.874268736775,1200.0000000000086,1200.0000000000023
2025-09-14,m3,36254.52850191285,24937.6693671175,61192.19786903035,5525.5552361479395,1200.0000000000023,1200.0000000000066
2025-09-15,m3,36407.66945407879,16189.015963427715,52596.6854175065,3456.155243203578,1200.0000000000066,1200.0000000000027
2025-09-16,m3,35829.725477612534,21927.812807038816,57757.53828465135,5424.0457167159875,1200.0000000000027,1199.9999999999932
2025-09-17,m3,37530.35722566793,18708.853552176814,56239.210777844746,4139.47148883645,1199.9999999999932,1200.0000000000036
2025-09-18,m3,36400.50830346803,22096.4762467773,58496.984550245324,4648.403669880769,1200.0000000000036,1200.000000000003
2025-09-19,m3,21246.393699140044,4626.008827535052,25872.402526675098,1514.910710248469,1200.000000000003,1200.000000000002
2025-09-20,m3,18604.17955452881,9632.67654158604,28236.85609611485,2750.3587144401954,1200.000000000002,1200.0000000000052
2025-09-21,m3,37787.211035307206,15056.746964814132,52843.95800012134,3549.502329563797,1200.0000000000052,1199.9999999999995
2025-09-22,m3,37162.25004982694,19059.22493282582,56221.474982652755,4716.306521940396,1199.9999999999995,1199.9999999999961
2025-09-23,m3,37500.52209607413,25644.01535481023,63144.53745088436,5652.006677358533,1199.9999999999961,1200.000000000006
2025-09-24,m3,38588.9564359066,16566.16571773254,55155.12215363914,4144.051836742738,1200.000000000006,1199.9999999999993
2025-09-25,m3,38152.003486288115,15553.980150319956,53705.98363660807,3806.315392481159,1199.9999999999993,1199.9999999999986
2025-09-26,m3,21464.170093641445,3539.239524886113,25003.40961852756,991.7492113124611,1199.9999999999986,1200.0000000000014
2025-09-27,m3,18601.607896443624,9864.631554386066,28466.23945082969,2833.895370509361,1200.0000000000014,1200.0000000000086
2025-09-28,m3,38169.64840082462,25673.37161196979,63843.02001279441,5691.865394602952,1200.0000000000086,1200.0000000000039
2025-09-29,m3,38398.05251394528,21016.528885464522,59414.5813994098,4797.7553824769975,1200.0000000000039,1199.9999999999966
2025-09-30,m3,38967.262834084,28441.587514073115,67408.85034815711,6440.188457172793,1199.9999999999966,1199.9999999999916
2025-10-01,m3,40033.6191261573,4580.0123582563665,44613.631484413665,1262.7604617631746,1199.9999999999916,1200.0000000000073
2025-10-02,m3,35621.70668824791,8137.879961537024,43759.586649784935,1930.5254394608983,1200.0000000000073,1200.000000000001
2025-10-03,m3,18849.5481909344,1279.7678623652428,20129.316053299644,541.7917658553133,1200.000000000001,1200.0000000000068
2025-10-04,m3,16936.638114801834,4796.866782190063,21733.504896991897,1440.6069786743662,1200.0000000000068,1200.0000000000034
2025-10-05,m3,36656.280071737056,9142.59490946236,45798.87498119941,2066.4269801036094,1200.0000000000034,1199.999999999997
2025-10-06,m3,36789.09116817356,9556.30463942761,46345.39580760117,2124.468108217805,1199.999999999997,1200.0000000000093
2025-10-07,m3,36443.649264922205,12342.303985937877,48785.95325086008,2778.141053618634,1200.0000000000093,1200.0000000000082
2025-10-08,m3,33953.59500997969,20291.6446846716,54245.23969465129,4524.243935489276,1200.0000000000082,1200.0000000000089
2025-10-09,m3,34702.06033438421,17365.855375364168,52067.91570974838,3939.920789391812,1200.0000000000089,1200.0000000000005
2025-10-10,m3,17882.932493285458,2674.609755869887,20557.542249155344,1046.9370698938997,1200.0000000000005,1199.9999999999995
2025-10-11,m3,16162.567828782992,7206.3499881167145,23368.917816899706,2073.46346460959,1199.9999999999995,1200.0000000000023
2025-10-12,m3,35316.3103253155,20051.355031904568,55367.66535722007,4326.919110861326,1200.0000000000023,1199.999999999998
2025-10-13,m3,36854.2675972137,11594.262929691362,48448.53052690506,2464.5322327987246,1199.999999999998,1199.9999999999943
2025-10-14,m3,37603.76447038033,16431.368684096065,54035.133154476396,3742.872011999294,1199.9999999999943,1200.000000000004
2025-10-15,m3,35250.61146996884,31423.496135595007,66674.10760556386,7352.685915766498,1200.000000000004,1200.0000000000002
2025-10-16,m3,36091.81983856329,32673.043132406532,68764.86297096983,7345.9730388499165,1200.0000000000002,1199.9999999999989
2025-10-17,m3,18864.65780376697,2521.1938822833717,21385.851686050344,1063.5769674441137,1199.9999999999989,1199.9999999999973
2025-10-18,m3,16903.813025357602,5475.393611800386,22379.206637157986,1791.498282705321,1199.9999999999973,1199.9999999999989
2025-10-19,m3,37011.899697417575,29864.151598959503,66876.05129637707,6615.314391078252,1199.9999999999989,1199.999999999994
2025-10-20,m3,39749.79700771002,18493.27867500377,58243.07568271379,4082.4784811247664,1199.999999999994,1199.9999999999998
2025-10-21,m3,40643.39513877216,16178.160854850485,56821.55599362265,4244.088808647733,1199.9999999999998,1199.9999999999936
2025-10-22,m3,38010.987514099535,30503.06223455669,68514.04974865622,6764.892590118914,1199.9999999999936,1199.999999999991
2025-10-23,m3,39106.50770432518,18675.725123958855,57782.23282828403,4245.958928264028,1199.999999999991,1200.0000000000011
2025-10-24,m3,18523.908368575037,3572.415637305833,22096.32400588087,1212.706495067961,1200.0000000000011,1200.000000000005
2025-10-25,m3,17263.365040007688,5715.402113948014,22978.7671539557,1528.5998618409792,1200.000000000005,1200.0000000000027
2025-10-26,m3,40535.69676821683,13266.007760558641,53801.70452877547,3026.616127358012,1200.0000000000027,1200.000000000004
2025-10-27,m3,41718.43420760827,13385.16519144033,55103.5993990486,3121.3305448336523,1200.000000000004,1200.000000000002
2025-10-28,m3,42047.66935580298,13290.169306031094,55337.838661834074,3232.352938539774,1200.000000000002,1200.0000000000025
2025-10-29,m3,39588.578459060634,34674.29118960076,74262.86964866139,8508.598051975732,1200.0000000000025,1200.0000000000005
2025-10-30,m3,40941.11592779248,15783.902652975414,56725.01858076789,3665.2574820087166,1200.0000000000005,1200.0000000000066
2025-10-31,m3,19496.724340802582,5324.515414140882,24821.239754943465,1762.4057792506571,1200.0000000000066,1200.000000000001
2025-11-01,m3,17187.89694390141,7023.673550169264,24211.570494070675,1995.424955477656,1200.000000000001,1200.0000000000036
2025-11-02,m3,41176.58725356962,24064.928694362367,65241.515947931985,5234.819669636043,1200.0000000000036,1200.0000000000043
2025-11-03,m3,43272.05327444354,14557.526159300787,57829.57943374433,4032.657029255749,1200.0000000000043,1200.0000000000016
2025-11-04,m3,44294.69136679328,11678.787312800123,55973.478679593405,2530.7360282425134,1200.0000000000016,1200.0000000000064
2025-11-05,m3,43773.58186141514,14296.350027977975,58069.93188939312,3548.3331744871966,1200.0000000000064,1199.999999999998
2025-11-06,m3,43815.365440493566,22914.530872170464,66729.89631266403,5551.446296996459,1199.999999999998,1199.9999999999973
2025-11-07,m3,20373.905264601482,2384.788532988617,22758.6937975901,823.6272627459571,1199.9999999999973,1200.0000000000093
2025-11-08,m3,17852.953309630877,5045.202014987504,22898.155324618383,1338.0632233140238,1200.0000000000093,1200.0000000000032
2025-11-09,m3,44217.40649754359,18772.201411042864,62989.607908586455,4318.278868209378,1200.0000000000032,1200.0000000000027
2025-11-10,m3,45177.036142211444,21554.910661291717,66731.94680350316,5049.042873837141,1200.0000000000027,1199.9999999999984
2025-11-11,m3,45981.88685867004,11052.462005291967,57034.348863962005,2567.582001237737,1199.9999999999984,1200.0000000000055
2025-11-12,m3,45708.4685259258,12892.251773185046,58600.72029911084,2870.1822958344237,1200.0000000000055,1200.000000000003
2025-11-13,m3,45515.580373194935,18057.794843725263,63573.3752169202,4614.560931880689,1200.000000000003,1200.0000000000034
2025-11-14,m3,20991.715266796073,1837.2238250472287,22828.939091843302,649.7510914816169,1200.0000000000034,1200.0000000000055
2025-11-15,m3,18107.847751054775,8232.495962654273,26340.343713709048,2007.8880763596035,1200.0000000000055,1200.000000000011
2025-11-16,m3,46666.197578127874,19208.453748301552,65874.65132642942,4353.361548752497,1200.000000000011,1200.0000000000036
2025-11-17,m3,47670.379621331056,9320.679552091882,56991.05917342294,2072.9549197882106,1200.0000000000036,1199.999999999995
2025-11-18,m3,47224.194720425876,14955.465283335005,62179.66000376088,3647.9213727510164,1199.999999999995,1200.000000000008
2025-11-19,m3,47193.15545746786,17695.05162504007,64888.20708250793,4140.6095031650275,1200.000000000008,1199.9999999999995
2025-11-20,m3,48071.61507614148,13451.39376189385,61523.00883803533,3208.0462853095214,1199.9999999999995,1199.9999999999982
2025-11-21,m3,21604.6551281957,2612.3463092186917,24217.00143741439,1089.27755575099,1199.9999999999982,1199.999999999997
2025-11-22,m3,18194.81526965634,8963.761434178487,27158.576703834828,2348.020421676964,1199.999999999997,1200.0
2025-11-23,m3,48488.54758021993,16813.483175708727,65302.03075592866,3684.191575998405,1200.0,1200.0000000000043
2025-11-24,m3,48490.29385139624,11097.816937272328,59588.11078866857,2496.3639010118227,1200.0000000000043,1199.9999999999884
2025-11-25,m3,48453.48352769817,14441.789599436113,62895.27312713428,3254.5925453011105,1199.9999999999884,1199.9999999999986
2025-11-26,m3,48501.23288150469,15394.711799196553,63895.94468070124,3678.6007104340006,1199.9999999999986,1200.0000000000032
2025-11-27,m3,49089.34192618531,12256.568929664807,61345.91085585012,2953.6344008501455,1200.0000000000032,1199.9999999999982
2025-11-28,m3,21747.17990097458,2674.007823265976,24421.187724240557,881.4456031636769,1199.9999999999982,1199.9999999999955
2025-11-29,m3,19070.61658510256,15578.583408844332,34649.199993946895,4424.862045475945,1199.9999999999955,1199.9999999999898
2025-11-30,m3,49544.411553883474,22250.13330954999,71794.54486343346,5344.657576509311,1199.9999999999898,1200.000000000002
2025-12-01,m3,50742.2341855987,38011.523497109745,88753.75768270844,9606.121889497259,1200.000000000002,1200.0000000000027
2025-12-02,m3,53198.40856152198,34374.39258114206,87572.80114266404,8470.004846385595,1200.0000000000027,1200.000000000007
2025-12-03,m3,53987.91067045402,24881.794004170584,78869.7046746246,6600.599156612356,1200.000000000007,1200.0000000000057
2025-12-04,m3,55090.73065101988,22438.37910753357,77529.10975855344,5217.751778104588,1200.0000000000057,1199.9999999999982
2025-12-05,m3,26841.78196399724,9094.502540282712,35936.28450427995,2968.621481070098,1199.9999999999982,1199.9999999999943
2025-12-06,m3,22303.507278200268,20744.724015540356,43048.231293740624,6063.956174534269,1199.9999999999943,1200.0000000000011
2025-12-07,m3,58324.24059871254,11258.440992036696,69582.68159074924,2461.3507491291793,1200.0000000000011,1200.0000000000077
2025-12-08,m3,59248.1364090462,7015.047730822935,66263.18413986913,1460.1850535628778,1200.0000000000077,1200.0000000000034
2025-12-09,m3,59231.63308129339,11440.60146950377,70672.23455079716,2281.2229505470677,1200.0000000000034,1200.0000000000045
2025-12-10,m3,58740.28644103638,9167.864690552376,67908.15113158876,2294.4913933114,1200.0000000000045,1200.0000000000055
2025-12-11,m3,58173.64473002353,9595.17419640259,67768.81892642612,2104.290974711105,1200.0000000000055,1200.0000000000064
2025-12-12,m3,27545.99952111325,8586.991991717863,36132.99151283111,3110.903122553329,1200.0000000000064,1200.0000000000107
2025-12-13,m3,25106.82306826098,12494.094191899261,37600.91726016024,3411.5212849380514,1200.0000000000107,1199.9999999999936
2025-12-14,m3,58587.52084177018,11263.795622024643,69851.31646379482,2407.6919029161463,1199.9999999999936,1200.000000000004
2025-12-15,m3,59336.75409913197,10495.26050780667,69832.01460693864,2434.31388159323,1200.000000000004,1200.0000000000066
2025-12-16,m3,59267.904387592396,10430.101139558115,69698.00552715051,2199.431642194141,1200.0000000000066,1200.0000000000023
2025-12-17,m3,58747.475150453705,9346.518552974438,68093.99370342815,2140.5465178055074,1200.0000000000023,1200.000000000008
2025-12-18,m3,58321.192376416475,11930.936505954764,70252.12888237124,2591.036689665146,1200.000000000008,1200.0000000000089
2025-12-19,m3,29227.12213053351,4430.060659458548,33657.18278999206,1646.2175977996726,1200.0000000000089,1200.0000000000093
2025-12-20,m3,25411.761424689546,7814.2099631893325,33225.971387878875,2582.2381422972876,1200.0000000000093,1200.0000000000182
2025-12-21,m3,58298.87953636478,12935.599015009831,71234.47855137462,2969.2041499378215,1200.0000000000182,1200.000000000009
2025-12-22,m3,59338.74915638608,9757.359695847208,69096.10885223329,2083.2081676621933,1200.000000000009,1200.0000000000052
2025-12-23,m3,59313.341075776436,5507.346972566213,64820.68804834265,1105.5333174282644,1200.0000000000052,1199.9999999999998
2025-12-24,m3,57404.38574454234,13533.899488429997,70938.28523297234,2949.498947160747,1199.9999999999998,1200.000000000001
2025-12-25,m3,57595.20324074055,11963.405581202333,69558.60882194288,2931.86883020196,1200.000000000001,1200.0000000000045
2025-12-26,m3,28663.094952064876,4604.298604709583,33267.393556774456,1633.4837910079177,1200.0000000000045,1200.0000000000073
2025-12-27,m3,25438.257831147355,8096.744479208031,33535.00231035538,2321.1962935374904,1200.0000000000073,1199.9999999999882
2025-12-28,m3,58421.19407938617,8791.852177858396,67213.04625724457,1901.8480742141123,1199.9999999999882,1199.9999999999939
2025-12-29,m3,58777.33480342961,6004.951822518204,64782.28662594781,1313.3130970189065,1199.9999999999939,1200.0000000000064
2025-12-30,m3,58418.096605115126,7605.710112593573,66023.8067177087,1557.9745732217502,1200.0000000000064,1200.0000000000055
2025-12-31,m3,59775.380623776706,14874.26976994738,74649.65039372409,3340.0187688371693,1200.0000000000055,6000.000000000002
