date,method,plan_cost_yuan,contract_cost_yuan,emergency_cost_yuan,total_cost_yuan,emergency_kwh,mean_reserve_kw,soc_start_kwh,soc_end_kwh
2025-02-01,m1,23830.85286065196,23830.85286065196,2257.907002468369,26088.75986312033,763.259201988555,0.0,1200.0000000000082,1200.000000000001
2025-02-02,m1,55136.339164578036,55136.339164578036,4475.408588147436,59611.747752725474,829.4201216224249,0.0,1200.000000000001,1200.000000000001
2025-02-03,m1,52659.305411228415,52659.305411228415,7755.893662199359,60415.19907342777,1695.5023760132071,0.0,1200.000000000001,1200.0000000000014
2025-02-04,m1,52427.84535308702,52427.84535308702,13697.15665853598,66125.002011623,2979.255058336392,0.0,1200.0000000000014,1199.9999999999977
2025-02-05,m1,52432.64647623292,52432.64647623292,11400.34173596213,63832.98821219505,2538.665925851069,0.0,1199.9999999999977,1200.0000000000057
2025-02-06,m1,52430.58691911066,52430.58691911066,10849.518729399431,63280.10564851009,2263.1059671803723,0.0,1200.0000000000057,1200.000000000005
2025-02-07,m1,24883.495275244837,24883.495275244837,2879.080427299929,27762.575702544767,974.9548676124172,0.0,1200.000000000005,1199.9999999999923
2025-02-08,m1,21167.396591688797,21167.396591688797,4717.118527275379,25884.515118964177,1500.37881614237,0.0,1199.9999999999923,1200.0000000000014
2025-02-09,m1,50899.92349503124,50899.92349503124,11269.307100802487,62169.230595833724,2538.4413320103786,0.0,1200.0000000000014,1199.9999999999986
2025-02-10,m1,50784.411637909085,50784.411637909085,7897.275264753378,58681.68690266246,1790.5172527630657,0.0,1199.9999999999986,1200.0000000000034
2025-02-11,m1,49822.068660739045,49822.068660739045,9691.60684367765,59513.67550441669,1942.0128802428603,0.0,1200.0000000000034,1200.0
2025-02-12,m1,49852.415160435354,49852.415160435354,10760.798253397346,60613.2134138327,2338.8012263359183,0.0,1200.0,1200.0000000000025
2025-02-13,m1,48816.96616846172,48816.96616846172,7698.503783232155,56515.46995169387,1740.0517883713692,0.0,1200.0000000000025,1200.0000000000077
2025-02-14,m1,21489.564858472826,21489.564858472826,4278.581530879699,25768.146389352525,1488.5503644804066,0.0,1200.0000000000077,1200.000000000006
2025-02-15,m1,19435.249347421635,19435.249347421635,6056.722514502758,25491.971861924394,1911.1541887824046,0.0,1200.000000000006,1200.0000000000077
2025-02-16,m1,48005.81687252762,48005.81687252762,12804.38939827196,60810.20627079958,2810.1132560087303,0.0,1200.0000000000077,1200.0000000000007
2025-02-17,m1,46742.24862446853,46742.24862446853,8713.37232832803,55455.620952796555,1979.5097505734138,0.0,1200.0000000000007,1200.0000000000055
2025-02-18,m1,45919.58585591243,45919.58585591243,11380.741478741445,57300.32733465388,2459.45232016075,0.0,1200.0000000000055,1200.0000000000114
2025-02-19,m1,45491.919235746675,45491.919235746675,18148.65372046493,63640.5729562116,4035.3126827964943,0.0,1200.0000000000114,1200.0
2025-02-20,m1,45824.89277155746,45824.89277155746,11585.339880647905,57410.23265220536,2505.4289692561442,0.0,1200.0,1200.0000000000027
2025-02-21,m1,20749.36998917991,20749.36998917991,3583.582397492948,24332.95238667286,1382.5778314696427,0.0,1200.0000000000027,1199.9999999999968
2025-02-22,m1,18541.880327290703,18541.880327290703,6409.306266717492,24951.186594008195,1886.9741047848288,0.0,1199.9999999999968,1200.0000000000132
2025-02-23,m1,45628.70182641788,45628.70182641788,11583.940287657408,57212.64211407529,2560.0678477744273,0.0,1200.0000000000132,1200.0000000000073
2025-02-24,m1,44394.1190905794,44394.1190905794,10690.864293825442,55084.98338440484,2329.5273566055494,0.0,1200.0000000000073,1200.0000000000102
2025-02-25,m1,44238.220631396085,44238.220631396085,8810.112594788072,53048.33322618416,2050.368944696833,0.0,1200.0000000000102,1200.000000000005
2025-02-26,m1,42861.98722030055,42861.98722030055,14814.66850843804,57676.655728738595,3463.6466238547,0.0,1200.000000000005,1199.999999999997
2025-02-27,m1,42833.285388010954,42833.285388010954,15355.207591405748,58188.492979416704,3069.9536121111432,0.0,1199.999999999997,1199.9999999999977
2025-02-28,m1,20025.50740057499,20025.50740057499,2154.694298746833,22180.20169932182,903.8292696625551,0.0,1199.9999999999977,1199.999999999987
2025-03-01,m1,17910.955156082942,17910.955156082942,5478.907752333975,23389.862908416915,1383.2516954792088,0.0,1199.999999999987,1199.9999999999977
2025-03-02,m1,42399.59154137212,42399.59154137212,29498.099958941624,71897.69150031375,7025.28477709771,0.0,1199.9999999999977,1199.999999999997
2025-03-03,m1,41794.060408396515,41794.060408396515,31271.061251526604,73065.12165992311,7237.807509714894,0.0,1199.999999999997,1199.9999999999943
2025-03-04,m1,43120.95835369876,43120.95835369876,13204.662856777453,56325.621210476216,3283.4166356250935,0.0,1199.9999999999943,1199.9999999999952
2025-03-05,m1,42597.678291822594,42597.678291822594,10732.273349815343,53329.951641637934,2336.287855944146,0.0,1199.9999999999952,1199.999999999997
2025-03-06,m1,41820.36830324948,41820.36830324948,11293.537148814105,53113.905452063584,2637.061366344142,0.0,1199.999999999997,1200.0000000000002
2025-03-07,m1,18402.4904185028,18402.4904185028,2817.5565589355047,21220.046977438302,907.1054068722046,0.0,1200.0000000000002,1200.000000000009
2025-03-08,m1,16813.373164768534,16813.373164768534,3063.4118355780583,19876.785000346594,977.4924775973577,0.0,1200.000000000009,1200.000000000008
2025-03-09,m1,43878.64077908844,43878.64077908844,9014.32965837892,52892.97043746736,2060.212276756361,0.0,1200.000000000008,1200.0000000000043
2025-03-10,m1,41325.6835955414,41325.6835955414,16576.133628821393,57901.81722436279,4260.462116636363,0.0,1200.0000000000043,1200.0000000000032
2025-03-11,m1,41407.198144489535,41407.198144489535,10909.682285829542,52316.88043031908,2593.336782428357,0.0,1200.0000000000032,1199.999999999997
2025-03-12,m1,40227.05640545687,40227.05640545687,12012.98724074721,52240.04364620408,2913.1317649013154,0.0,1199.999999999997,1199.9999999999923
2025-03-13,m1,39656.68194084348,39656.68194084348,24809.07301616167,64465.75495700515,6199.399142911803,0.0,1199.9999999999923,1200.0000000000007
2025-03-14,m1,17738.35610690571,17738.35610690571,2482.190033412693,20220.5461403184,880.3493212707749,0.0,1200.0000000000007,1200.000000000003
2025-03-15,m1,15578.990898572696,15578.990898572696,8998.276828924623,24577.267727497318,2372.0559717505057,0.0,1200.000000000003,1199.999999999998
2025-03-16,m1,41148.17435497926,41148.17435497926,11183.642089876412,52331.81644485567,2669.9775977636928,0.0,1199.999999999998,1200.0000000000014
2025-03-17,m1,40410.2033399164,40410.2033399164,7729.733798666091,48139.93713858249,1789.8780529837427,0.0,1200.0000000000014,1199.9999999999977
2025-03-18,m1,39052.666081681906,39052.666081681906,13297.29632805923,52349.962409741136,2835.9933117741743,0.0,1199.9999999999977,1200.0000000000025
2025-03-19,m1,38535.39006138833,38535.39006138833,10617.06437060424,49152.45443199257,2531.562774992071,0.0,1200.0000000000025,1200.000000000008
2025-03-20,m1,38618.03612063988,38618.03612063988,13086.932059497256,51704.96818013713,3162.24997761911,0.0,1200.000000000008,1200.0000000000055
2025-03-21,m1,17556.966602826644,17556.966602826644,2232.3926798386683,19789.35928266531,813.9048304599271,0.0,1200.0000000000055,1199.9999999999964
2025-03-22,m1,14822.415379904895,14822.415379904895,6854.77696394304,21677.192343847935,1859.6510268812453,0.0,1199.9999999999964,1199.9999999999925
2025-03-23,m1,38014.03927549024,38014.03927549024,12286.129004936738,50300.16828042698,2807.156446726125,0.0,1199.9999999999925,1200.0000000000014
2025-03-24,m1,37123.18669904128,37123.18669904128,11113.86101108868,48237.04771012996,2697.5239035690397,0.0,1200.0000000000014,1199.999999999999
2025-03-25,m1,36923.56932866337,36923.56932866337,16932.96993590053,53856.5392645639,4235.759302008884,0.0,1199.999999999999,1199.9999999999932
2025-03-26,m1,36818.02774091075,36818.02774091075,9522.584826764385,46340.61256767514,2308.5041144547877,0.0,1199.9999999999932,1200.0000000000055
2025-03-27,m1,36395.62854148797,36395.62854148797,14413.612717325144,50809.24125881311,3457.235018503291,0.0,1200.0000000000055,1199.9999999999998
2025-03-28,m1,16796.4009210987,16796.4009210987,3655.645364188006,20452.046285286706,1045.050749429919,0.0,1199.9999999999998,1200.0000000000045
2025-03-29,m1,14552.480762356196,14552.480762356196,6595.554024992788,21148.034787348985,1701.1237647615962,0.0,1200.0000000000045,1199.9999999999989
2025-03-30,m1,35317.152954348945,35317.152954348945,11419.454576765627,46736.60753111457,2677.552016220632,0.0,1199.9999999999989,1200.0000000000023
2025-03-31,m1,35176.911028615286,35176.911028615286,15976.669738822122,51153.58076743741,3695.9312421654417,0.0,1200.0000000000023,1200.000000000004
2025-04-01,m1,35330.96509421058,35330.96509421058,19506.83720654501,54837.80230075559,5335.011749838853,0.0,1200.000000000004,1200.000000000001
2025-04-02,m1,34105.46125316801,34105.46125316801,31610.14744467361,65715.60869784161,7653.997411127622,0.0,1200.000000000001,1199.9999999999977
2025-04-03,m1,35772.50563956,35772.50563956,12985.141429708747,48757.64706926874,3079.625071584468,0.0,1199.9999999999977,1199.9999999999975
2025-04-04,m1,16044.774461874238,16044.774461874238,3356.786127969737,19401.560589843975,1088.3524073245997,0.0,1199.9999999999975,1200.0000000000018
2025-04-05,m1,14139.161781402368,14139.161781402368,7551.679066618139,21690.840848020507,2033.5945984336674,0.0,1200.0000000000018,1200.0000000000023
2025-04-06,m1,34339.04234110917,34339.04234110917,10919.338433941977,45258.38077505115,2424.4590629042914,0.0,1200.0000000000023,1200.0000000000125
2025-04-07,m1,34853.764965570794,34853.764965570794,7590.888768324885,42444.65373389568,1878.2822952979163,0.0,1200.0000000000125,1199.9999999999998
2025-04-08,m1,34897.036100718404,34897.036100718404,15882.418779828122,50779.454880546524,3464.836207859837,0.0,1199.9999999999998,1199.9999999999945
2025-04-09,m1,34228.525441992104,34228.525441992104,21167.795777528714,55396.32121952082,5462.5056717112475,0.0,1199.9999999999945,1200.0000000000111
2025-04-10,m1,34629.93068044461,34629.93068044461,14135.968214294107,48765.89889473872,3135.4844302882957,0.0,1200.0000000000111,1199.9999999999995
2025-04-11,m1,15579.931097384462,15579.931097384462,2653.7510887181097,18233.68218610257,1007.3978566280059,0.0,1199.9999999999995,1200.0000000000005
2025-04-12,m1,14024.301645898158,14024.301645898158,5559.481023032141,19583.7826689303,1676.6951166680938,0.0,1200.0000000000005,1200.0000000000016
2025-04-13,m1,33483.56310667838,33483.56310667838,14603.173443319962,48086.73654999834,3216.5451872067742,0.0,1200.0000000000016,1200.0
2025-04-14,m1,33390.19229698758,33390.19229698758,8696.145490404093,42086.337787391676,2118.0156487831073,0.0,1200.0,1200.0000000000075
2025-04-15,m1,33761.233713267546,33761.233713267546,10031.486641785606,43792.720355053156,2160.6888047511275,0.0,1200.0000000000075,1199.9999999999936
2025-04-16,m1,33571.317970097705,33571.317970097705,13459.032948442422,47030.35091854013,3278.2792673917556,0.0,1199.9999999999936,1200.0000000000018
2025-04-17,m1,33231.102333785864,33231.102333785864,13307.967076892543,46539.06941067841,2835.3373507224387,0.0,1200.0000000000018,1200.0000000000002
2025-04-18,m1,14704.4828344189,14704.4828344189,3605.6897875500163,18310.172621968915,1332.618945619933,0.0,1200.0000000000002,1200.0000000000027
2025-04-19,m1,13085.65370572266,13085.65370572266,5898.332691027939,18983.9863967506,1751.0875926163735,0.0,1200.0000000000027,1199.9999999999995
2025-04-20,m1,32159.27147192575,32159.27147192575,14921.389910533582,47080.66138245933,3304.5656980132912,0.0,1199.9999999999995,1199.9999999999952
2025-04-21,m1,32273.98781832144,32273.98781832144,9230.773729507797,41504.761547829235,2276.5909275446074,0.0,1199.9999999999952,1200.00000000001
2025-04-22,m1,31820.101917094165,31820.101917094165,12590.952816139634,44411.0547332338,3008.981455482415,0.0,1200.00000000001,1199.999999999999
2025-04-23,m1,33008.12766464382,33008.12766464382,9521.413977522643,42529.54164216646,2303.7844175847144,0.0,1199.999999999999,1200.0000000000077
2025-04-24,m1,31788.959439146653,31788.959439146653,10680.920231628368,42469.87967077502,2252.3597195750244,0.0,1200.0000000000077,1200.0000000000007
2025-04-25,m1,13861.637893918392,13861.637893918392,2375.2047834587606,16236.842677377153,882.3661857350949,0.0,1200.0000000000007,1200.000000000001
2025-04-26,m1,12731.971287245113,12731.971287245113,5653.1782560135325,18385.149543258645,1569.7247162667072,0.0,1200.000000000001,1200.0000000000066
2025-04-27,m1,30726.722024396353,30726.722024396353,15693.224789386066,46419.946813782415,3503.078487050761,0.0,1200.0000000000066,1200.000000000002
2025-04-28,m1,30578.83823357882,30578.83823357882,34988.42516394358,65567.2633975224,8625.825685105534,0.0,1200.000000000002,1200.0000000000095
2025-04-29,m1,31416.91290856988,31416.91290856988,10851.502226862469,42268.41513543235,2478.7715136777106,0.0,1200.0000000000095,1199.9999999999977
2025-04-30,m1,31394.061322528658,31394.061322528658,9326.30888977964,40720.3702123083,2201.4304916096853,0.0,1199.9999999999977,1200.000000000007
2025-05-01,m1,29365.90167933165,29365.90167933165,33397.37051103154,62763.27219036319,7113.306769736505,0.0,1200.000000000007,1199.9999999999973
2025-05-02,m1,14112.030812799381,14112.030812799381,17874.096271630508,31986.12708442989,4487.934618590733,0.0,1199.9999999999973,1199.999999999999
2025-05-03,m1,13203.08781612653,13203.08781612653,15878.289810621654,29081.377626748184,3699.4489980704825,0.0,1199.999999999999,1200.0000000000023
2025-05-04,m1,31937.65104364022,31937.65104364022,20777.964258689008,52715.61530232923,5077.225595874258,0.0,1200.0000000000023,1199.9999999999993
2025-05-05,m1,32176.219525444634,32176.219525444634,28324.07615414977,60500.295679594405,6309.127432885115,0.0,1199.9999999999993,1200.00000000001
2025-05-06,m1,32650.424571845295,32650.424571845295,22002.048657178257,54652.473229023555,4934.327647436342,0.0,1200.00000000001,1200.0000000000002
2025-05-07,m1,32957.582709986484,32957.582709986484,24604.96360777883,57562.546317765315,5236.291818150661,0.0,1200.0000000000002,1200.0000000000073
2025-05-08,m1,33003.75279597011,33003.75279597011,24443.67166014703,57447.424456117136,5933.295469371087,0.0,1200.0000000000073,1199.9999999999939
2025-05-09,m1,15881.139359906061,15881.139359906061,4297.188262535168,20178.32762244123,1183.803963185062,0.0,1199.9999999999939,1200.000000000003
2025-05-10,m1,13607.653688398892,13607.653688398892,14600.775989621847,28208.429678020737,3524.930808934071,0.0,1200.000000000003,1199.9999999999995
2025-05-11,m1,33076.57114322163,33076.57114322163,22080.816721385145,55157.387864606775,5300.465897149308,0.0,1199.9999999999995,1199.9999999999993
2025-05-12,m1,33487.37722655467,33487.37722655467,14760.510089777408,48247.88731633208,4066.0173880263437,0.0,1199.9999999999993,1200.0000000000066
2025-05-13,m1,33007.751647396864,33007.751647396864,12888.93587184048,45896.68751923734,2936.82569124221,0.0,1200.0000000000066,1200.0000000000082
2025-05-14,m1,32992.92618201891,32992.92618201891,14317.463020250741,47310.38920226965,3363.5868782270636,0.0,1200.0000000000082,1200.0000000000045
2025-05-15,m1,32883.75484288647,32883.75484288647,15001.42834598283,47885.1831888693,3503.7259640489788,0.0,1200.0000000000045,1200.000000000008
2025-05-16,m1,15764.332071702152,15764.332071702152,3993.22445986485,19757.556531567003,1353.3382622998038,0.0,1200.000000000008,1199.9999999999943
2025-05-17,m1,13526.779595156462,13526.779595156462,12282.048574897346,25808.828170053806,3446.8238057826948,0.0,1199.9999999999943,1199.9999999999955
2025-05-18,m1,32719.4731973433,32719.4731973433,16234.9160511578,48954.3892485011,4442.808413538602,0.0,1199.9999999999955,1199.9999999999966
2025-05-19,m1,32656.154981715365,32656.154981715365,10220.005181946191,42876.16016366155,2223.266359945248,0.0,1199.9999999999966,1200.0000000000086
2025-05-20,m1,32452.242555401288,32452.242555401288,19502.700048002436,51954.942603403724,4706.990667815852,0.0,1200.0000000000086,1199.9999999999984
2025-05-21,m1,31768.397238112422,31768.397238112422,20702.97878722942,52471.376025341844,4808.381715754,0.0,1199.9999999999984,1200.0000000000077
2025-05-22,m1,32064.062012055274,32064.062012055274,12824.322654966752,44888.38466702202,2784.5246699193094,0.0,1200.0000000000077,1200.000000000002
2025-05-23,m1,15188.016565747981,15188.016565747981,3961.0055734969756,19149.022139244957,1365.225906027328,0.0,1200.000000000002,1200.000000000002
2025-05-24,m1,13421.722423455378,13421.722423455378,6545.521891533299,19967.244314988675,1787.9840898243415,0.0,1200.000000000002,1200.0000000000032
2025-05-25,m1,31694.795981437826,31694.795981437826,12505.943571561358,44200.739552999185,2889.751835836556,0.0,1200.0000000000032,1200.000000000012
2025-05-26,m1,32176.161057494443,32176.161057494443,21279.797618330565,53455.95867582501,5222.324572447405,0.0,1200.000000000012,1199.9999999999968
2025-05-27,m1,32471.83919742293,32471.83919742293,11109.07570747877,43580.9149049017,2616.502007003015,0.0,1199.9999999999968,1199.9999999999957
2025-05-28,m1,31807.286761412113,31807.286761412113,20749.915403419436,52557.20216483155,5122.938553014181,0.0,1199.9999999999957,1200.000000000009
2025-05-29,m1,32213.80780262465,32213.80780262465,22706.61938323269,54920.42718585734,5187.973435778129,0.0,1200.000000000009,1199.9999999999982
2025-05-30,m1,15549.402791021716,15549.402791021716,2537.733590092652,18087.136381114367,858.8653203387521,0.0,1199.9999999999982,1199.999999999998
2025-05-31,m1,13492.263801755362,13492.263801755362,7696.029703962267,21188.29350571763,2250.7134873131436,0.0,1199.999999999998,1200.0000000000032
2025-06-01,m1,32208.50250332887,32208.50250332887,83795.24924380344,116003.75174713231,20714.639122546236,0.0,1200.0000000000032,1200.0000000000023
2025-06-02,m1,33411.738171073775,33411.738171073775,70621.33388636519,104033.07205743896,16940.359641260016,0.0,1200.0000000000023,1200.0000000000075
2025-06-03,m1,36779.13493821367,36779.13493821367,45962.30440968496,82741.43934789863,11068.432434178485,0.0,1200.0000000000075,1200.0000000000023
2025-06-04,m1,36886.443560276064,36886.443560276064,46654.85872315982,83541.30228343589,12227.127922066791,0.0,1200.0000000000023,1200.0000000000055
2025-06-05,m1,39795.13034722238,39795.13034722238,36967.21485422166,76762.34520144404,8883.774812483418,0.0,1200.0000000000055,1199.9999999999973
2025-06-06,m1,19617.249751427873,19617.249751427873,21595.46349295607,41212.713244383944,6178.681260935696,0.0,1199.9999999999973,1199.9999999999957
2025-06-07,m1,15967.141695909164,15967.141695909164,34310.431847193584,50277.57354310275,8420.185623145355,0.0,1199.9999999999957,1200.0000000000002
2025-06-08,m1,42430.39695450742,42430.39695450742,22226.57427450447,64656.97122901189,4497.894077216332,0.0,1200.0000000000002,1199.9999999999998
2025-06-09,m1,43584.163858956854,43584.163858956854,23143.642650177382,66727.80650913424,5078.581573537896,0.0,1199.9999999999998,1199.999999999994
2025-06-10,m1,44494.48465291543,44494.48465291543,18974.672571309115,63469.157224224546,4571.360936859221,0.0,1199.999999999994,1199.9999999999911
2025-06-11,m1,45653.0300853584,45653.0300853584,29064.895384289826,74717.92546964822,6250.016636264114,0.0,1199.9999999999911,1199.9999999999986
2025-06-12,m1,47805.00238651694,47805.00238651694,12751.048913065963,60556.051299582905,2822.3592993296807,0.0,1199.9999999999986,1200.000000000002
2025-06-13,m1,23462.654257094982,23462.654257094982,5188.197147783161,28650.851404878144,1634.2180920229866,0.0,1200.000000000002,1199.9999999999968
2025-06-14,m1,18411.473026029948,18411.473026029948,11859.569983489588,30271.043009519533,3455.452989830519,0.0,1199.9999999999968,1200.0000000000036
2025-06-15,m1,43372.90456219067,43372.90456219067,21845.824202585933,65218.728764776606,4631.771667160497,0.0,1200.0000000000036,1200.0000000000075
2025-06-16,m1,45760.191225689734,45760.191225689734,15119.856739773975,60880.04796546371,3568.7215022200435,0.0,1200.0000000000075,1199.9999999999984
2025-06-17,m1,46459.39766643452,46459.39766643452,21117.578483805344,67576.97615023986,5167.443691570781,0.0,1199.9999999999984,1199.9999999999982
2025-06-18,m1,47169.01831688568,47169.01831688568,10340.247543503181,57509.26586038886,2490.950852942834,0.0,1199.9999999999982,1200.0000000000014
2025-06-19,m1,45228.273390548304,45228.273390548304,14335.091140578512,59563.36453112682,3008.643877258014,0.0,1200.0000000000014,1200.000000000004
2025-06-20,m1,23410.189355248727,23410.189355248727,1174.2921919117566,24584.481547160485,536.5457371962251,0.0,1200.000000000004,1199.9999999999973
2025-06-21,m1,18411.073074103748,18411.073074103748,10284.690861831652,28695.7639359354,2778.4575411262144,0.0,1199.9999999999973,1199.9999999999989
2025-06-22,m1,43153.8690371505,43153.8690371505,15619.023238581414,58772.892275731916,3533.8673471371512,0.0,1199.9999999999989,1200.0000000000005
2025-06-23,m1,44337.865190859215,44337.865190859215,13078.370102338162,57416.23529319737,2937.5104492444207,0.0,1200.0000000000005,1199.9999999999984
2025-06-24,m1,44657.51489991711,44657.51489991711,34090.28110502431,78747.79600494143,8079.119990987616,0.0,1199.9999999999984,1199.9999999999975
2025-06-25,m1,44936.90455408218,44936.90455408218,13664.502859232987,58601.40741331517,3454.1189455165304,0.0,1199.9999999999975,1200.0000000000016
2025-06-26,m1,43646.56267260125,43646.56267260125,13684.391552011211,57330.95422461246,3080.237342098274,0.0,1200.0000000000016,1199.999999999995
2025-06-27,m1,20612.646047727198,20612.646047727198,2543.0956885611613,23155.741736288357,868.5161273673696,0.0,1199.999999999995,1200.0000000000007
2025-06-28,m1,17596.21632249799,17596.21632249799,12599.407856861777,30195.624179359766,3549.683953932501,0.0,1200.0000000000007,1200.000000000001
2025-06-29,m1,43237.77351116651,43237.77351116651,18777.308887289808,62015.08239845632,4427.080942238867,0.0,1200.000000000001,1200.0000000000011
2025-06-30,m1,45115.594127483026,45115.594127483026,12441.899570435156,57557.49369791818,3027.0250367616304,0.0,1200.0000000000011,1199.9999999999989
2025-07-01,m1,46142.493447531284,46142.493447531284,36439.16106970492,82581.6545172362,9962.567091496483,0.0,1199.9999999999989,1199.9999999999966
2025-07-02,m1,45735.41178939694,45735.41178939694,32280.611017210766,78016.02280660771,8601.220739979952,0.0,1199.9999999999966,1199.999999999998
2025-07-03,m1,46058.99441942882,46058.99441942882,39396.718838246394,85455.7132576752,9391.18523369038,0.0,1199.999999999998,1199.999999999992
2025-07-04,m1,23317.49131717113,23317.49131717113,19243.16552598978,42560.65684316091,5637.023323596502,0.0,1199.999999999992,1200.0000000000023
2025-07-05,m1,21253.1859813768,21253.1859813768,22196.45577982218,43449.641761198975,6339.235245631588,0.0,1200.0000000000023,1199.9999999999973
2025-07-06,m1,44510.26646689842,44510.26646689842,50934.477829085736,95444.74429598416,11484.525509261843,0.0,1199.9999999999973,1199.9999999999914
2025-07-07,m1,49390.991315898435,49390.991315898435,13958.260139973816,63349.25145587225,3135.2396802199173,0.0,1199.9999999999914,1199.9999999999968
2025-07-08,m1,50942.88150463009,50942.88150463009,16676.74648306834,67619.62798769842,3561.880049721806,0.0,1199.9999999999968,1199.9999999999961
2025-07-09,m1,49520.106661894824,49520.106661894824,12242.861940994313,61762.96860288914,2287.4016642275706,0.0,1199.9999999999961,1199.9999999999925
2025-07-10,m1,49212.8795113166,49212.8795113166,12225.50783979314,61438.38735110973,2728.406965955239,0.0,1199.9999999999925,1199.9999999999957
2025-07-11,m1,27648.04121729573,27648.04121729573,10307.065094462634,37955.10631175836,3121.8945442009644,0.0,1199.9999999999957,1200.0000000000011
2025-07-12,m1,23570.746703618497,23570.746703618497,12759.206918769407,36329.953622387904,3948.651044596609,0.0,1200.0000000000011,1200.0000000000066
2025-07-13,m1,48383.514009587016,48383.514009587016,12949.979624794085,61333.4936343811,2359.6620139191964,0.0,1200.0000000000066,1199.9999999999952
2025-07-14,m1,47228.049085196704,47228.049085196704,13681.875331872434,60909.92441706914,2923.088712676976,0.0,1199.9999999999952,1199.999999999998
2025-07-15,m1,48395.311765240775,48395.311765240775,15321.075680498148,63716.387445738925,4201.645690999308,0.0,1199.999999999998,1199.9999999999952
2025-07-16,m1,46968.64520276735,46968.64520276735,15636.441554489713,62605.086757257064,3646.980510837626,0.0,1199.9999999999952,1199.9999999999957
2025-07-17,m1,46580.423684636735,46580.423684636735,22332.18666703849,68912.61035167522,4877.686360902481,0.0,1199.9999999999957,1199.999999999992
2025-07-18,m1,27414.929479534578,27414.929479534578,7364.561098027048,34779.49057756163,2192.009944842031,0.0,1199.999999999992,1200.0000000000005
2025-07-19,m1,23827.53289589071,23827.53289589071,8395.43010917131,32222.963005062018,2555.3263176242754,0.0,1200.0000000000005,1200.0000000000043
2025-07-20,m1,46295.78980188358,46295.78980188358,15298.358402794001,61594.14820467758,3618.3078546112433,0.0,1200.0000000000043,1199.9999999999966
2025-07-21,m1,46539.70530139464,46539.70530139464,19269.11826691943,65808.82356831408,4638.269601355385,0.0,1199.9999999999966,1199.9999999999945
2025-07-22,m1,48255.26783595198,48255.26783595198,12572.618070913632,60827.88590686561,3144.1082788713225,0.0,1199.9999999999945,1199.9999999999925
2025-07-23,m1,47044.54475119958,47044.54475119958,19976.621860744654,67021.16661194424,4464.501593869255,0.0,1199.9999999999925,1199.9999999999936
2025-07-24,m1,47429.468949799644,47429.468949799644,19152.42128350677,66581.89023330642,4617.277510184728,0.0,1199.9999999999936,1199.999999999997
2025-07-25,m1,27414.34635924943,27414.34635924943,3288.827933261184,30703.174292510615,1038.8319279578918,0.0,1199.999999999997,1199.9999999999998
2025-07-26,m1,24393.275478661453,24393.275478661453,6655.56637518168,31048.841853843132,2400.856317854121,0.0,1199.9999999999998,1199.9999999999952
2025-07-27,m1,46846.5507309214,46846.5507309214,20003.091880330016,66849.64261125142,4393.911579597072,0.0,1199.9999999999952,1199.9999999999936
2025-07-28,m1,47240.59234616362,47240.59234616362,27359.418736261912,74600.01108242554,6705.818552184323,0.0,1199.9999999999936,1199.999999999996
2025-07-29,m1,48077.782946395644,48077.782946395644,17884.37059391138,65962.15354030702,4350.044454496278,0.0,1199.999999999996,1199.9999999999955
2025-07-30,m1,47273.48123898267,47273.48123898267,19299.48435278197,66572.96559176463,4463.849604722563,0.0,1199.9999999999955,1199.9999999999973
2025-07-31,m1,48002.63643796441,48002.63643796441,17262.120134318862,65264.756572283266,3714.165854414409,0.0,1199.9999999999973,1199.999999999997
2025-08-01,m1,26453.277326941577,26453.277326941577,1394.0621587158325,27847.33948565741,435.0231243088173,0.0,1199.999999999997,1199.9999999999998
2025-08-02,m1,24690.228475120348,24690.228475120348,3977.124554550961,28667.353029671307,1149.6436436197955,0.0,1199.9999999999998,1200.0000000000032
2025-08-03,m1,47029.08966974747,47029.08966974747,8914.784467688109,55943.874137435574,2050.4441200149777,0.0,1200.0000000000032,1199.999999999992
2025-08-04,m1,46415.70026989191,46415.70026989191,7714.697327466865,54130.39759735877,2030.6694512968204,0.0,1199.999999999992,1199.9999999999989
2025-08-05,m1,45622.593272664315,45622.593272664315,7076.402839629769,52698.99611229409,1852.8792484150918,0.0,1199.9999999999989,1199.9999999999948
2025-08-06,m1,44335.53867696829,44335.53867696829,18971.469666487912,63307.0083434562,4509.00612975279,0.0,1199.9999999999948,1199.9999999999966
2025-08-07,m1,44464.96139727574,44464.96139727574,10903.668981095176,55368.630378370915,2724.450460633736,0.0,1199.9999999999966,1199.9999999999982
2025-08-08,m1,25460.683022318382,25460.683022318382,2838.591479250781,28299.27450156916,902.9423609801868,0.0,1199.9999999999982,1200.0000000000025
2025-08-09,m1,23277.139111489818,23277.139111489818,5603.380141670961,28880.51925316078,1787.9470387598574,0.0,1200.0000000000025,1199.999999999999
2025-08-10,m1,40811.21299694096,40811.21299694096,27651.432671033752,68462.6456679747,6441.476501547464,0.0,1199.999999999999,1200.0000000000005
2025-08-11,m1,43171.86295482857,43171.86295482857,15816.088011133035,58987.9509659616,3729.38723067671,0.0,1200.0000000000005,1199.9999999999943
2025-08-12,m1,42897.497230291556,42897.497230291556,22041.983834383347,64939.4810646749,5141.6836574245735,0.0,1199.9999999999943,1199.999999999999
2025-08-13,m1,43119.499571078755,43119.499571078755,16565.344640947696,59684.84421202645,3939.8352790843323,0.0,1199.999999999999,1200.000000000004
2025-08-14,m1,42564.86486646626,42564.86486646626,21516.79166701776,64081.65653348402,4810.407373108827,0.0,1200.000000000004,1200.0000000000018
2025-08-15,m1,25017.625097062355,25017.625097062355,4576.961140781821,29594.586237844174,1753.395998285267,0.0,1200.0000000000018,1200.0000000000073
2025-08-16,m1,23112.026386303838,23112.026386303838,6502.122841328462,29614.1492276323,1875.2294005431809,0.0,1200.0000000000073,1200.000000000003
2025-08-17,m1,41973.03226230474,41973.03226230474,14854.975461363347,56828.00772366809,3354.4243583573775,0.0,1200.000000000003,1199.9999999999998
2025-08-18,m1,42594.806923731754,42594.806923731754,18280.387501559766,60875.19442529152,3963.478068338228,0.0,1199.9999999999998,1199.9999999999995
2025-08-19,m1,42880.60330874052,42880.60330874052,11816.423380070053,54697.026688810576,2925.368540510607,0.0,1199.9999999999995,1199.9999999999975
2025-08-20,m1,42205.404163507876,42205.404163507876,34548.8621498749,76754.26631338277,8042.492352923371,0.0,1199.9999999999975,1200.0000000000002
2025-08-21,m1,43199.274286197404,43199.274286197404,15136.471832646326,58335.74611884373,3552.4955854791533,0.0,1200.0000000000002,1199.9999999999918
2025-08-22,m1,25100.497095526036,25100.497095526036,6620.3915851942675,31720.8886807203,2029.1444751141971,0.0,1199.9999999999918,1200.0000000000039
2025-08-23,m1,23696.822052897158,23696.822052897158,8184.916396772578,31881.738449669734,2281.0802308593325,0.0,1200.0000000000039,1200.000000000003
2025-08-24,m1,41802.26132184082,41802.26132184082,20900.06725112434,62702.32857296516,4704.625494893604,0.0,1200.000000000003,1199.9999999999998
2025-08-25,m1,43204.3700156204,43204.3700156204,27998.560065790538,71202.93008141094,7047.531152769108,0.0,1199.9999999999998,1199.9999999999984
2025-08-26,m1,44409.214224041796,44409.214224041796,12708.633513792916,57117.847737834716,2835.7164150434346,0.0,1199.9999999999984,1199.9999999999986
2025-08-27,m1,44039.068230701196,44039.068230701196,18975.153082793666,63014.22131349486,4071.559556932755,0.0,1199.9999999999986,1199.9999999999993
2025-08-28,m1,43586.342428225515,43586.342428225515,27764.423546869286,71350.76597509481,6886.59895792377,0.0,1199.9999999999993,1199.9999999999989
2025-08-29,m1,26203.97423817944,26203.97423817944,5167.438105723351,31371.41234390279,1597.7859943096375,0.0,1199.9999999999989,1199.999999999999
2025-08-30,m1,23785.773546130826,23785.773546130826,6973.152163515941,30758.925709646766,2363.2963216948892,0.0,1199.999999999999,1200.0000000000018
2025-08-31,m1,42344.03710012945,42344.03710012945,19867.18702214629,62211.22412227574,4799.83252692496,0.0,1200.0000000000018,1200.0000000000032
2025-09-01,m1,43612.190770364825,43612.190770364825,2423.5495780991505,46035.74034846397,666.339380149824,0.0,1200.0000000000032,1199.9999999999968
2025-09-02,m1,41174.812487528965,41174.812487528965,4907.207002471571,46082.01949000054,971.1951027284854,0.0,1199.9999999999968,1199.9999999999964
2025-09-03,m1,41154.24200284933,41154.24200284933,3369.7334181977158,44523.97542104704,750.1957387262617,0.0,1199.9999999999964,1199.9999999999977
2025-09-04,m1,38936.47671088712,38936.47671088712,9040.068971765206,47976.54568265232,1876.595562713269,0.0,1199.9999999999977,1199.999999999998
2025-09-05,m1,22202.73967692122,22202.73967692122,102.89564944161293,22305.635326362833,30.607837930241715,0.0,1199.999999999998,1200.0000000000025
2025-09-06,m1,18048.58124632629,18048.58124632629,8256.69213487301,26305.2733811993,2617.957204886437,0.0,1200.0000000000025,1200.0000000000007
2025-09-07,m1,35911.88145510109,35911.88145510109,13265.232170478075,49177.113625579164,2655.430689275126,0.0,1200.0000000000007,1200.0000000000005
2025-09-08,m1,34500.55211894351,34500.55211894351,31435.309228501104,65935.86134744462,6978.514252122575,0.0,1200.0000000000005,1199.9999999999993
2025-09-09,m1,35557.500711426066,35557.500711426066,16567.623845177415,52125.12455660348,3479.9165281786304,0.0,1199.9999999999993,1200.0000000000073
2025-09-10,m1,35648.571671999445,35648.571671999445,32860.811227724786,68509.38289972424,7300.760249975632,0.0,1200.0000000000073,1199.9999999999968
2025-09-11,m1,36598.950008755135,36598.950008755135,15883.3844496269,52482.334458382036,3164.011663897759,0.0,1199.9999999999968,1200.0000000000066
2025-09-12,m1,20279.678319812614,20279.678319812614,3092.1538831153975,23371.83220292801,877.1562890577334,0.0,1200.0000000000066,1200.0000000000077
2025-09-13,m1,18081.654527325692,18081.654527325692,5772.850479490919,23854.50500681661,2099.874268736775,0.0,1200.0000000000077,1200.0000000000032
2025-09-14,m1,36254.52850191285,36254.52850191285,24937.669367117498,61192.19786903035,5525.555236147939,0.0,1200.0000000000032,1200.000000000002
2025-09-15,m1,36407.669454078794,36407.669454078794,16189.015963427715,52596.68541750651,3456.155243203578,0.0,1200.000000000002,1200.0000000000018
2025-09-16,m1,35829.725477612534,35829.725477612534,21927.812807038816,57757.53828465135,5424.0457167159875,0.0,1200.0000000000018,1199.999999999996
2025-09-17,m1,37530.35722566793,37530.35722566793,18708.853552176814,56239.210777844746,4139.47148883645,0.0,1199.999999999996,1200.000000000001
2025-09-18,m1,36400.50830346803,36400.50830346803,22096.476246777303,58496.98455024533,4648.40366988077,0.0,1200.000000000001,1200.0000000000039
2025-09-19,m1,21246.39369914004,21246.39369914004,4626.008827535052,25872.40252667509,1514.9107102484693,0.0,1200.0000000000039,1200.0000000000011
2025-09-20,m1,18604.17955452881,18604.17955452881,9632.676541586041,28236.856096114854,2750.3587144401954,0.0,1200.0000000000011,1200.0000000000043
2025-09-21,m1,37787.2110353072,37787.2110353072,15056.746964814134,52843.95800012133,3549.502329563797,0.0,1200.0000000000043,1199.9999999999905
2025-09-22,m1,37162.25004982694,37162.25004982694,19059.224932825815,56221.474982652755,4716.306521940396,0.0,1199.9999999999905,1199.9999999999943
2025-09-23,m1,37500.522096074135,37500.522096074135,25644.01535481023,63144.53745088437,5652.006677358534,0.0,1199.9999999999943,1200.0000000000095
2025-09-24,m1,38588.9564359066,38588.9564359066,16566.165717732543,55155.12215363914,4144.051836742739,0.0,1200.0000000000095,1199.9999999999993
2025-09-25,m1,38152.003486288115,38152.003486288115,15553.980150319956,53705.98363660807,3806.315392481159,0.0,1199.9999999999993,1200.0000000000005
2025-09-26,m1,21464.170093641438,21464.170093641438,4485.438662876344,25949.60875651778,1178.247513863014,0.0,1200.0000000000005,1200.0000000000005
2025-09-27,m1,18601.607896443624,18601.607896443624,9864.631554386066,28466.23945082969,2833.895370509362,0.0,1200.0000000000005,1200.0000000000077
2025-09-28,m1,38169.64840082462,38169.64840082462,25673.37161196979,63843.02001279441,5691.865394602952,0.0,1200.0000000000077,1200.0000000000066
2025-09-29,m1,38398.05251394527,38398.05251394527,21016.528885464526,59414.5813994098,4797.7553824769975,0.0,1200.0000000000066,1199.9999999999993
2025-09-30,m1,38967.262834084,38967.262834084,28441.587514073115,67408.85034815711,6440.188457172793,0.0,1199.9999999999993,1199.9999999999961
2025-10-01,m1,40033.6191261573,40033.6191261573,4580.0123582563665,44613.631484413665,1262.7604617631741,0.0,1199.9999999999961,1200.0000000000064
2025-10-02,m1,35621.70668824791,35621.70668824791,8137.8799615370235,43759.586649784935,1930.5254394608978,0.0,1200.0000000000064,1200.0
2025-10-03,m1,18849.5481909344,18849.5481909344,1279.767862365243,20129.316053299644,541.7917658553135,0.0,1200.0,1200.000000000006
2025-10-04,m1,16936.638114801834,16936.638114801834,4796.8667821900635,21733.504896991897,1440.6069786743665,0.0,1200.000000000006,1200.0000000000025
2025-10-05,m1,36656.280071737056,36656.280071737056,9142.594909462357,45798.87498119941,2066.4269801036094,0.0,1200.0000000000025,1199.999999999998
2025-10-06,m1,36789.09116817357,36789.09116817357,9556.30463942761,46345.39580760118,2124.4681082178054,0.0,1199.999999999998,1200.0000000000084
2025-10-07,m1,36443.649264922205,36443.649264922205,12342.303985937875,48785.95325086008,2778.141053618634,0.0,1200.0000000000084,1200.0000000000036
2025-10-08,m1,33953.59500997969,33953.59500997969,20291.6446846716,54245.23969465129,4524.243935489277,0.0,1200.0000000000036,1200.0000000000116
2025-10-09,m1,34702.0603343842,34702.0603343842,17365.855375364168,52067.91570974837,3939.9207893918115,0.0,1200.0000000000116,1200.0000000000011
2025-10-10,m1,17882.932493285458,17882.932493285458,2674.609755869887,20557.542249155344,1046.9370698938997,0.0,1200.0000000000011,1199.9999999999984
2025-10-11,m1,16162.56782878299,16162.56782878299,7206.3499881167145,23368.917816899706,2073.46346460959,0.0,1199.9999999999984,1200.0000000000027
2025-10-12,m1,35316.31032531549,35316.31032531549,20051.355031904568,55367.66535722006,4326.919110861326,0.0,1200.0000000000027,1199.9999999999936
2025-10-13,m1,36854.26759721371,36854.26759721371,11594.262929691362,48448.53052690507,2464.532232798724,0.0,1199.9999999999936,1199.9999999999986
2025-10-14,m1,37603.76447038033,37603.76447038033,16431.368684096065,54035.133154476396,3742.872011999294,0.0,1199.9999999999986,1200.000000000005
2025-10-15,m1,35250.61146996883,35250.61146996883,31423.496135595007,66674.10760556384,7352.685915766498,0.0,1200.000000000005,1199.9999999999957
2025-10-16,m1,36091.8198385633,36091.8198385633,32673.043132406536,68764.86297096984,7345.973038849917,0.0,1199.9999999999957,1199.999999999998
2025-10-17,m1,18864.657803766975,18864.657803766975,2521.1938822833727,21385.851686050348,1063.5769674441137,0.0,1199.999999999998,1199.9999999999957
2025-10-18,m1,16903.813025357606,16903.813025357606,5475.393611800386,22379.206637157993,1791.498282705321,0.0,1199.9999999999957,1200.0000000000007
2025-10-19,m1,37011.899697417575,37011.899697417575,29864.1515989595,66876.05129637707,6615.314391078253,0.0,1200.0000000000007,1199.999999999996
2025-10-20,m1,39749.79700771002,39749.79700771002,18493.27867500377,58243.07568271379,4082.4784811247673,0.0,1199.999999999996,1199.999999999998
2025-10-21,m1,40643.395138772175,40643.395138772175,16178.160854850486,56821.555993622664,4244.0888086477335,0.0,1199.999999999998,1199.9999999999939
2025-10-22,m1,38010.987514099535,38010.987514099535,30503.06223455669,68514.04974865622,6764.892590118913,0.0,1199.9999999999939,1199.9999999999875
2025-10-23,m1,39106.50770432518,39106.50770432518,18675.72512395886,57782.23282828404,4245.958928264027,0.0,1199.9999999999875,1199.9999999999995
2025-10-24,m1,18523.908368575037,18523.908368575037,3572.4156373058318,22096.32400588087,1212.7064950679608,0.0,1199.9999999999995,1200.0000000000032
2025-10-25,m1,17263.365040007684,17263.365040007684,5715.402113948014,22978.767153955698,1528.599861840979,0.0,1200.0000000000032,1200.000000000003
2025-10-26,m1,40535.69676821683,40535.69676821683,13266.007760558641,53801.70452877547,3026.616127358012,0.0,1200.000000000003,1200.0000000000064
2025-10-27,m1,41718.43420760827,41718.43420760827,13385.16519144033,55103.5993990486,3121.330544833652,0.0,1200.0000000000064,1200.0000000000014
2025-10-28,m1,42047.66935580298,42047.66935580298,13290.169306031092,55337.838661834074,3232.3529385397733,0.0,1200.0000000000014,1200.0000000000018
2025-10-29,m1,39588.578459060634,39588.578459060634,34674.29118960076,74262.86964866139,8508.598051975732,0.0,1200.0000000000018,1199.999999999998
2025-10-30,m1,40941.11592779249,40941.11592779249,15783.902652975412,56725.0185807679,3665.2574820087166,0.0,1199.999999999998,1200.0000000000098
2025-10-31,m1,19496.724340802582,19496.724340802582,5324.515414140882,24821.239754943465,1762.4057792506571,0.0,1200.0000000000098,1200.0000000000007
2025-11-01,m1,17187.89694390141,17187.89694390141,7023.673550169264,24211.570494070675,1995.4249554776563,0.0,1200.0000000000007,1200.0000000000016
2025-11-02,m1,41176.58725356962,41176.58725356962,24064.92869436236,65241.51594793198,5234.819669636043,0.0,1200.0000000000016,1200.0000000000061
2025-11-03,m1,43272.05327444354,43272.05327444354,14557.526159300787,57829.57943374433,4032.6570292557485,0.0,1200.0000000000061,1200.000000000002
2025-11-04,m1,44294.69136679328,44294.69136679328,11678.787312800123,55973.478679593405,2530.736028242514,0.0,1200.000000000002,1200.0000000000068
2025-11-05,m1,43773.58186141515,43773.58186141515,14296.350027977975,58069.93188939313,3548.3331744871957,0.0,1200.0000000000068,1200.0000000000002
2025-11-06,m1,43815.365440493566,43815.365440493566,22914.530872170464,66729.89631266403,5551.44629699646,0.0,1200.0000000000002,1199.999999999996
2025-11-07,m1,20373.905264601482,20373.905264601482,2384.788532988617,22758.6937975901,823.6272627459571,0.0,1199.999999999996,1200.000000000008
2025-11-08,m1,17852.953309630873,17852.953309630873,5045.202014987504,22898.155324618376,1338.0632233140238,0.0,1200.000000000008,1200.0000000000018
2025-11-09,m1,44217.406497543605,44217.406497543605,18772.201411042864,62989.60790858647,4318.278868209379,0.0,1200.0000000000018,1200.0000000000123
2025-11-10,m1,45177.03614221144,45177.03614221144,21554.910661291717,66731.94680350315,5049.042873837141,0.0,1200.0000000000123,1200.0000000000007
2025-11-11,m1,45981.88685867004,45981.88685867004,11052.462005291969,57034.34886396201,2567.582001237737,0.0,1200.0000000000007,1200.0000000000007
2025-11-12,m1,45708.468525925804,45708.468525925804,12892.251773185046,58600.72029911085,2870.1822958344246,0.0,1200.0000000000007,1199.9999999999982
2025-11-13,m1,45515.580373194935,45515.580373194935,18057.794843725263,63573.3752169202,4614.560931880687,0.0,1199.9999999999982,1200.0000000000023
2025-11-14,m1,20991.71526679607,20991.71526679607,1837.2238250472287,22828.9390918433,649.7510914816169,0.0,1200.0000000000023,1200.000000000004
2025-11-15,m1,18107.84775105478,18107.84775105478,8232.495962654271,26340.34371370905,2007.8880763596032,0.0,1200.000000000004,1200.0000000000111
2025-11-16,m1,46666.197578127874,46666.197578127874,19208.453748301552,65874.65132642942,4353.361548752497,0.0,1200.0000000000111,1200.000000000006
2025-11-17,m1,47670.379621331056,47670.379621331056,9320.679552091879,56991.05917342294,2072.95491978821,0.0,1200.000000000006,1199.9999999999955
2025-11-18,m1,47224.19472042587,47224.19472042587,14955.465283335003,62179.66000376087,3647.921372751016,0.0,1199.9999999999955,1200.0000000000066
2025-11-19,m1,47193.15545746786,47193.15545746786,17695.051625040072,64888.20708250793,4140.6095031650275,0.0,1200.0000000000066,1200.0000000000018
2025-11-20,m1,48071.615076141476,48071.615076141476,13451.393761893849,61523.008838035326,3208.0462853095214,0.0,1200.0000000000018,1199.9999999999986
2025-11-21,m1,21604.6551281957,21604.6551281957,2612.3463092186907,24217.00143741439,1089.2775557509894,0.0,1199.9999999999986,1199.9999999999975
2025-11-22,m1,18194.81526965634,18194.81526965634,8963.761434178488,27158.576703834828,2348.0204216769644,0.0,1199.9999999999975,1199.9999999999977
2025-11-23,m1,48488.54758021992,48488.54758021992,16813.48317570873,65302.03075592865,3684.191575998405,0.0,1199.9999999999977,1200.0000000000057
2025-11-24,m1,48490.29385139624,48490.29385139624,11097.816937272328,59588.11078866857,2496.3639010118222,0.0,1200.0000000000057,1199.9999999999898
2025-11-25,m1,48453.48352769816,48453.48352769816,14441.789599436113,62895.27312713428,3254.592545301111,0.0,1199.9999999999898,1200.0000000000018
2025-11-26,m1,48501.23288150469,48501.23288150469,15394.711799196557,63895.94468070125,3678.6007104340015,0.0,1200.0000000000018,1200.000000000001
2025-11-27,m1,49089.34192618531,49089.34192618531,12256.568929664807,61345.91085585012,2953.6344008501455,0.0,1200.000000000001,1199.9999999999918
2025-11-28,m1,21747.17990097459,21747.17990097459,2674.007823265976,24421.187724240564,881.4456031636771,0.0,1199.9999999999918,1199.9999999999964
2025-11-29,m1,19070.616585102565,19070.616585102565,15681.183923438544,34751.80050854111,4387.633710828286,0.0,1199.9999999999964,1199.9999999999936
2025-11-30,m1,49544.411553883474,49544.411553883474,22250.133309549994,71794.54486343346,5344.657576509312,0.0,1199.9999999999936,1200.0000000000005
2025-12-01,m1,50742.23418559872,50742.23418559872,38011.523497109745,88753.75768270847,9606.121889497259,0.0,1200.0000000000005,1200.0000000000048
2025-12-02,m1,53198.40856152198,53198.40856152198,34374.39258114206,87572.80114266404,8470.004846385593,0.0,1200.0000000000048,1200.000000000009
2025-12-03,m1,53987.91067045402,53987.91067045402,24881.79400417058,78869.7046746246,6600.599156612356,0.0,1200.000000000009,1200.000000000004
2025-12-04,m1,55090.73065101988,55090.73065101988,22438.379107533572,77529.10975855346,5217.751778104588,0.0,1200.000000000004,1200.0000000000032
2025-12-05,m1,26841.781963997237,26841.781963997237,9094.502540282712,35936.284504279945,2968.6214810700985,0.0,1200.0000000000032,1199.9999999999914
2025-12-06,m1,22303.507278200268,22303.507278200268,20744.724015540356,43048.231293740624,6063.956174534269,0.0,1199.9999999999914,1200.0000000000055
2025-12-07,m1,58324.24059871254,58324.24059871254,11258.440992036696,69582.68159074924,2461.3507491291793,0.0,1200.0000000000055,1200.0000000000084
2025-12-08,m1,59248.1364090462,59248.1364090462,7015.047730822935,66263.18413986913,1460.1850535628778,0.0,1200.0000000000084,1200.0000000000023
2025-12-09,m1,59231.63308129339,59231.63308129339,11440.601469503768,70672.23455079716,2281.2229505470673,0.0,1200.0000000000023,1200.0000000000032
2025-12-10,m1,58740.286441036376,58740.286441036376,9167.864690552376,67908.15113158875,2294.4913933114,0.0,1200.0000000000032,1200.000000000006
2025-12-11,m1,58173.64473002353,58173.64473002353,9595.174196402593,67768.81892642612,2104.2909747111053,0.0,1200.000000000006,1200.0000000000043
2025-12-12,m1,27545.999521113252,27545.999521113252,8586.991991717861,36132.99151283111,3110.903122553329,0.0,1200.0000000000043,1200.0000000000123
2025-12-13,m1,25106.823068260976,25106.823068260976,12494.09419189926,37600.91726016023,3411.521284938051,0.0,1200.0000000000123,1199.9999999999934
2025-12-14,m1,58587.52084177018,58587.52084177018,11263.795622024643,69851.31646379482,2407.6919029161472,0.0,1199.9999999999934,1200.0000000000039
2025-12-15,m1,59336.75409913197,59336.75409913197,10495.26050780667,69832.01460693864,2434.31388159323,0.0,1200.0000000000039,1200.0000000000045
2025-12-16,m1,59267.904387592396,59267.904387592396,10430.101139558115,69698.00552715051,2199.431642194141,0.0,1200.0000000000045,1200.0000000000039
2025-12-17,m1,58747.475150453705,58747.475150453705,9346.518552974438,68093.99370342815,2140.546517805507,0.0,1200.0000000000039,1200.000000000006
2025-12-18,m1,58321.192376416475,58321.192376416475,11930.936505954762,70252.12888237124,2591.0366896651453,0.0,1200.000000000006,1200.0000000000086
2025-12-19,m1,29227.122130533506,29227.122130533506,4430.060659458548,33657.18278999205,1646.2175977996728,0.0,1200.0000000000086,1200.0000000000107
2025-12-20,m1,25411.761424689546,25411.761424689546,7814.2099631893325,33225.971387878875,2582.238142297287,0.0,1200.0000000000107,1200.000000000016
2025-12-21,m1,58298.87953636478,58298.87953636478,12935.599015009833,71234.47855137462,2969.204149937822,0.0,1200.000000000016,1200.000000000005
2025-12-22,m1,59338.74915638608,59338.74915638608,9757.35969584721,69096.10885223329,2083.2081676621933,0.0,1200.000000000005,1200.000000000003
2025-12-23,m1,59313.341075776436,59313.341075776436,5507.346972566213,64820.68804834265,1105.5333174282646,0.0,1200.000000000003,1199.9999999999993
2025-12-24,m1,57404.385744542335,57404.385744542335,13533.899488429997,70938.28523297232,2949.498947160747,0.0,1199.9999999999993,1200.0
2025-12-25,m1,57595.20324074055,57595.20324074055,11963.405581202329,69558.60882194288,2931.868830201959,0.0,1200.0,1200.0000000000018
2025-12-26,m1,28663.094952064872,28663.094952064872,4604.298604709584,33267.393556774456,1633.4837910079177,0.0,1200.0000000000018,1200.0000000000045
2025-12-27,m1,25438.25783114735,25438.25783114735,8096.744479208028,33535.00231035538,2321.1962935374895,0.0,1200.0000000000045,1199.999999999989
2025-12-28,m1,58421.19407938617,58421.19407938617,8791.852177858396,67213.04625724457,1901.8480742141128,0.0,1199.999999999989,1199.9999999999984
2025-12-29,m1,58777.3348034296,58777.3348034296,6004.9518225182055,64782.2866259478,1313.3130970189068,0.0,1199.9999999999984,1200.0000000000073
2025-12-30,m1,58418.09660511513,58418.09660511513,7605.710112593575,66023.8067177087,1557.9745732217505,0.0,1200.0000000000073,1200.0000000000118
2025-12-31,m1,59775.3806237767,59775.3806237767,14874.269769947381,74649.65039372408,3340.0187688371693,0.0,1200.0000000000118,6000.000000000005
2025-02-01,m2,23830.85286065196,23369.82907118141,4694.563134321466,28064.392205502878,1352.2039805949162,0.0,1200.0000000000082,1200.0000000000018
2025-02-02,m2,55136.339164578036,54945.741281266775,4123.8603775629535,59069.60165882973,760.6955454510905,0.0,1200.0000000000018,1200.0
2025-02-03,m2,52659.305411228415,51299.83533044019,18475.10793528892,69774.94326572912,4441.790815262167,0.0,1200.0,1200.0000000000018
2025-02-04,m2,52427.84535308702,51326.40999414958,24672.15300101277,75998.56299516236,5563.671575623267,0.0,1200.0000000000018,1199.9999999999982
2025-02-05,m2,52432.64647623292,53550.608920963095,10610.450417848015,64161.05933881111,2312.1684536857438,0.0,1199.9999999999982,1200.0
2025-02-06,m2,52430.58691911066,50385.65816947423,30120.114986266788,80505.77315574102,7133.873493830863,0.0,1200.0,1200.0
2025-02-07,m2,24883.49527524484,24053.540649023806,3736.2697425337146,27789.81039155752,1186.072424300713,0.0,1200.0,1200.0000000000018
2025-02-08,m2,21167.396591688786,23595.107727525094,2951.059551586003,26546.167279111098,1128.613240353065,0.0,1200.0000000000018,1200.0
2025-02-09,m2,50899.92349503124,51595.57177243231,17733.839983800674,69329.41175623299,3908.440348695898,0.0,1200.0,1200.0
2025-02-10,m2,50784.41163790908,49962.22858706588,8656.517275997803,58618.74586306368,1928.2541565640436,0.0,1200.0,1200.0000000000036
2025-02-11,m2,49822.06866073905,48347.85221494177,20975.424952610454,69323.27716755222,4541.968841071186,0.0,1200.0000000000036,1200.0000000000018
2025-02-12,m2,49852.415160435354,48335.17002188982,20283.826551624847,68618.99657351467,4469.726529935038,0.0,1200.0000000000018,1200.0
2025-02-13,m2,48816.96616846172,49196.73738143535,8538.185994666896,57734.92337610225,1897.3330256187455,0.0,1200.0,1200.0000000000018
2025-02-14,m2,21489.564858472826,22402.151011244838,9729.685456715892,32131.83646796073,2917.730249295024,0.0,1200.0000000000018,1200.0000000000018
2025-02-15,m2,19435.24934742164,19557.383863261348,9428.183652577769,28985.567515839117,2983.473349013074,0.0,1200.0000000000018,1200.0000000000018
2025-02-16,m2,48005.81687252762,45846.39292477398,32315.80361508837,78162.19653986234,7601.350132046917,0.0,1200.0000000000018,1200.0
2025-02-17,m2,46742.24862446853,44142.545532896445,28527.080100809406,72669.62563370584,7547.695460275679,0.0,1200.0,1200.0
2025-02-18,m2,45919.58585591244,47904.941636617965,10433.101389670901,58338.04302628887,2211.2180561719097,0.0,1200.0,1200.0
2025-02-19,m2,45491.91923574668,46673.21935453355,18479.553164000485,65152.77251853403,4025.4682778554743,0.0,1200.0,1200.0000000000018
2025-02-20,m2,45824.892771557454,45084.9105420202,19901.24655987569,64986.15710189589,4825.671848676133,0.0,1200.0000000000018,1200.0
2025-02-21,m2,20749.36998917991,21015.37209796117,5220.4338476565335,26235.805945617707,1730.5312402829752,0.0,1200.0,1200.0000000000018
2025-02-22,m2,18541.8803272907,18647.289894191286,9487.03419533272,28134.32408952401,2638.2314659177564,0.0,1200.0000000000018,1200.0000000000018
2025-02-23,m2,45628.70182641788,45164.23499692389,17992.715002631005,63156.9499995549,4376.633318509786,0.0,1200.0000000000018,1200.0
2025-02-24,m2,44394.11909057941,44650.76604536377,19746.148891477358,64396.91493684113,4401.23259772228,0.0,1200.0,1200.0
2025-02-25,m2,44238.22063139609,42082.700387881734,19894.09955568198,61976.79994356372,4478.717281484179,0.0,1200.0,1200.0
2025-02-26,m2,42861.98722030055,45651.39706954546,9788.612950494826,55440.01002004029,2241.182632909307,0.0,1200.0,1200.0
2025-02-27,m2,42833.285388010954,43675.10282379674,14502.98018925887,58178.08301305561,2900.778952045416,0.0,1200.0,1200.0000000000018
2025-02-28,m2,20025.507400574985,20470.890882800533,2161.5360755878387,22632.426958388372,902.6485012550287,0.0,1200.0000000000018,1200.0
2025-03-01,m2,17910.955156082942,17720.58285176731,8676.573307580926,26397.156159348237,2864.1152172496954,0.0,1200.0,1200.0
2025-03-02,m2,42399.591541372116,43648.17090524035,31546.831481223424,75195.00238646378,7519.956389096108,0.0,1200.0,1200.0000000000018
2025-03-03,m2,41794.060408396515,41449.29322561783,46161.299644579034,87610.59287019687,11497.675469754044,0.0,1200.0000000000018,1200.0
2025-03-04,m2,43120.958353698756,45168.415950429386,13071.061221815246,58239.47717224463,3114.987565481546,0.0,1200.0,1200.0
2025-03-05,m2,42597.67829182259,41178.90544089957,22690.32925874043,63869.23469964,5540.99775187635,0.0,1200.0,1199.9999999999982
2025-03-06,m2,41820.36830324948,42470.45708617835,13126.150008371762,55596.60709455011,3143.919981678626,0.0,1199.9999999999982,1200.0
2025-03-07,m2,18402.4904185028,18053.565350795365,7261.316616366858,25314.881967162222,2080.805527097393,0.0,1200.0,1200.0
2025-03-08,m2,16813.373164768534,17032.089127930947,2864.329282797502,19896.41841072845,925.8126275973575,0.0,1200.0,1200.0000000000073
2025-03-09,m2,43878.64077908844,42157.6252622842,12775.828212801996,54933.45347508619,3172.3058831731937,0.0,1200.0000000000073,1200.0000000000036
2025-03-10,m2,41325.6835955414,42696.63970079792,14688.703350266642,57385.343051064556,3946.970657711175,0.0,1200.0000000000036,1200.0000000000018
2025-03-11,m2,41407.198144489535,47381.44839761797,10526.415275795753,57907.863673413725,2525.3736495773487,0.0,1200.0000000000018,1200.0
2025-03-12,m2,40227.05640545687,38677.315469562905,23200.55837523468,61877.873844797585,5665.422359485972,0.0,1200.0,1200.0
2025-03-13,m2,39656.68194084348,40754.96587542883,28343.90860538555,69098.87448081438,6887.8910901942645,0.0,1200.0,1200.0
2025-03-14,m2,17738.35610690571,18195.501422176956,2215.1321289517855,20410.63355112874,790.9090149111898,0.0,1200.0,1200.0000000000036
2025-03-15,m2,15578.990898572696,16274.932372723859,9277.723269801252,25552.65564252511,2385.305518105625,0.0,1200.0000000000036,1200.0
2025-03-16,m2,41148.17435497926,41825.8648464467,17236.876997734114,59062.74184418081,4016.943598626585,0.0,1200.0,1200.0
2025-03-17,m2,40410.2033399164,40128.77221670454,7310.247780479276,47439.019997183816,1726.4341902331857,0.0,1200.0,1200.0
2025-03-18,m2,39052.666081681906,37237.43178552288,29760.46569544405,66997.89748096693,6514.260023499952,0.0,1200.0,1200.0000000000018
2025-03-19,m2,38535.39006138834,43335.791487862574,9451.67290205363,52787.464389916204,2292.044335102588,0.0,1200.0000000000018,1200.0000000000036
2025-03-20,m2,38618.036120639874,38438.759195109975,29147.648153755676,67586.40734886564,7097.828892372197,0.0,1200.0000000000036,1200.0
2025-03-21,m2,17556.966602826644,17807.88998020347,3607.013875116892,21414.90385532036,1116.6439495612533,0.0,1200.0,1200.0
2025-03-22,m2,14822.415379904895,14644.226348023807,8603.91799283512,23248.144340858926,2248.3513319542712,0.0,1200.0,1200.0
2025-03-23,m2,38014.03927549024,36367.63102849678,22611.916306795094,58979.54733529187,5155.326307298331,0.0,1200.0,1200.0
2025-03-24,m2,37123.18669904128,37069.08715961935,14342.37504801081,51411.46220763016,3391.252580572257,0.0,1200.0,1200.0
2025-03-25,m2,36923.56932866337,34917.902266995865,40202.92844549411,75120.83071248997,10438.891124374657,0.0,1200.0,1200.0000000000018
2025-03-26,m2,36818.02774091074,37167.8485780404,17762.57155913263,54930.42013717303,4391.274589373059,0.0,1200.0000000000018,1200.0
2025-03-27,m2,36395.62854148797,35033.16077240958,31416.528885017535,66449.68965742711,7143.595098102329,0.0,1200.0,1200.0000000000018
2025-03-28,m2,16796.4009210987,16709.21099931758,3991.57681859096,20700.78781790854,1089.0720820775155,0.0,1200.0000000000018,1200.0
2025-03-29,m2,14552.480762356197,15111.029545395142,6088.430669961365,21199.460215356507,1539.6057032560398,0.0,1200.0,1200.0
2025-03-30,m2,35317.152954348945,33575.337034229335,28498.631647708615,62073.96868193795,7086.657700633614,0.0,1200.0,1200.0000000000018
2025-03-31,m2,35176.911028615286,38694.83973567323,10864.50779878965,49559.34753446288,2478.5371235696775,0.0,1200.0000000000018,1200.0000000000018
2025-04-01,m2,35330.96509421058,34568.121366544154,33725.902734783056,68294.0241013272,9492.393835459994,0.0,1200.0000000000018,1200.0
2025-04-02,m2,34105.46125316801,34208.08214599331,36176.69982531999,70384.78197131329,8703.433229957687,0.0,1200.0,1200.0000000000018
2025-04-03,m2,35772.50563956,33981.61955662051,26969.98558932507,60951.605145945585,6093.798586829647,0.0,1200.0000000000018,1200.0000000000018
2025-04-04,m2,16044.774461874234,16061.373438023375,3749.391664534852,19810.765102558227,1164.1628164954395,0.0,1200.0000000000018,1200.0
2025-04-05,m2,14139.16178140237,14429.782187260083,8348.43861372326,22778.22080098334,2457.1839346855927,0.0,1200.0,1200.0000000000036
2025-04-06,m2,34339.04234110916,34450.26846485575,14948.095039866246,49398.363504721994,4045.414319881189,0.0,1200.0000000000036,1200.0
2025-04-07,m2,34853.76496557081,37240.99148208622,8252.72991068012,45493.72139276634,1894.4415040881825,0.0,1200.0,1200.0000000000018
2025-04-08,m2,34897.036100718404,33527.03158594745,28525.67587234496,62052.70745829241,6263.127551315774,0.0,1200.0000000000018,1200.0000000000018
2025-04-09,m2,34228.5254419921,35261.26909981429,20973.99919781389,56235.26829762818,5076.368219524782,0.0,1200.0000000000018,1200.0
2025-04-10,m2,34629.93068044462,34374.75952477449,22943.842799858983,57318.60232463347,5042.183042534316,0.0,1200.0,1200.0
2025-04-11,m2,15579.931097384462,16474.078163723978,2238.026546907834,18712.10471063181,891.460022294906,0.0,1200.0,1199.9999999999964
2025-04-12,m2,14024.301645898162,13902.996684709136,13598.991976945334,27501.988661654468,3736.510200485376,0.0,1199.9999999999964,1200.0
2025-04-13,m2,33483.56310667838,34019.71857210725,19494.184802447304,53513.90337455456,4333.1787269291235,0.0,1200.0,1200.0
2025-04-14,m2,33390.19229698758,31501.662676045795,30624.659916520708,62126.3225925665,6962.074597276052,0.0,1200.0,1200.0
2025-04-15,m2,33761.23371326756,35659.24885355064,7287.9415564457095,42947.19040999635,1509.1552958475881,0.0,1200.0,1200.0000000000018
2025-04-16,m2,33571.317970097705,34481.70222128648,16699.657603447115,51181.3598247336,4073.6885889266455,0.0,1200.0000000000018,1200.0
2025-04-17,m2,33231.102333785864,36044.288528127836,13467.378044223913,49511.66657235175,2813.0341555761797,0.0,1200.0,1200.0000000000018
2025-04-18,m2,14704.4828344189,14877.45571561557,3133.5998626974997,18011.05557831307,1152.3775068744872,0.0,1200.0000000000018,1199.9999999999982
2025-04-19,m2,13085.653705722663,14356.563875331352,6511.229186862049,20867.7930621934,2084.1843281789115,0.0,1199.9999999999982,1200.0
2025-04-20,m2,32159.27147192575,33766.09157836154,14858.932976300986,48625.02455466253,3360.0472235307157,0.0,1200.0,1200.0
2025-04-21,m2,32273.98781832144,31069.097023012993,19228.893136641043,50297.99015965404,4721.039577789625,0.0,1200.0,1200.0
2025-04-22,m2,31820.101917094165,35511.42794042795,12080.393333381387,47591.82127380934,2693.956015973827,0.0,1200.0,1200.0000000000055
2025-04-23,m2,33008.12766464382,38815.671729841946,8625.17006778088,47440.84179762282,2033.9584864883627,0.0,1200.0000000000055,1200.0
2025-04-24,m2,31788.959439146656,33165.19373235455,13106.08962754278,46271.28335989733,2675.157377030565,0.0,1200.0,1199.9999999999982
2025-04-25,m2,13861.637893918394,13782.313767494828,2317.3837323085163,16099.697499803344,837.006388290836,0.0,1199.9999999999982,1200.0
2025-04-26,m2,12731.971287245115,13133.257845298742,4624.85091623597,17758.108761534713,1294.5697597583098,0.0,1200.0,1200.0000000000018
2025-04-27,m2,30726.722024396353,34619.46323872691,10812.79444025371,45432.25767898062,2542.4469865183246,0.0,1200.0000000000018,1200.0
2025-04-28,m2,30578.83823357882,31218.744462087012,32995.587226093165,64214.33168818017,8293.156415044006,0.0,1200.0,1200.0000000000018
2025-04-29,m2,31416.91290856988,33141.60141709252,8505.202343684403,41646.80376077692,2035.9200628037072,0.0,1200.0000000000018,1200.0
2025-04-30,m2,31394.061322528658,32952.33307628119,10728.193443715492,43680.52651999668,2417.3688752089793,0.0,1200.0,1200.0
2025-05-01,m2,29365.901679331655,31603.503015829374,28792.98288662236,60396.485902451735,6145.912296435051,0.0,1200.0,1200.0000000000018
2025-05-02,m2,14112.030812799381,14008.687480609207,17304.978429199073,31313.665909808282,4791.20295018016,0.0,1200.0000000000018,1200.0
2025-05-03,m2,13203.087816126528,13197.695711502836,17080.256364387933,30277.952075890767,4022.8643641655017,0.0,1200.0,1200.0
2025-05-04,m2,31937.651043640224,31122.400628322877,29175.894003000074,60298.29463132295,7462.5431160350945,0.0,1200.0,1199.9999999999982
2025-05-05,m2,32176.219525444634,31902.89327550549,38006.33734457004,69909.23062007553,8276.00088542248,0.0,1199.9999999999982,1200.0
2025-05-06,m2,32650.424571845302,36840.7032828683,13580.214598078594,50420.917880946894,3212.1645798348363,0.0,1200.0,1200.0000000000018
2025-05-07,m2,32957.582709986484,36855.94396547274,21024.417423481395,57880.36138895413,4493.616330991905,0.0,1200.0000000000018,1200.0000000000018
2025-05-08,m2,33003.75279597012,33464.15140668905,25846.164689951584,59310.316096640636,6410.975522647849,0.0,1200.0000000000018,1200.0000000000018
2025-05-09,m2,15881.139359906056,16527.979229716497,9112.677496373892,25640.65672609039,2344.1185573878247,0.0,1200.0000000000018,1200.0000000000018
2025-05-10,m2,13607.653688398892,14502.596517611686,12598.740129244296,27101.336646855983,3255.5685594340075,0.0,1200.0000000000018,1200.0000000000036
2025-05-11,m2,33076.57114322163,33771.52561003259,24450.145319798867,58221.67092983146,5880.162107741654,0.0,1200.0000000000036,1200.0000000000036
2025-05-12,m2,33487.37722655467,38591.21113561591,8195.938843356242,46787.14997897215,2171.2346971852894,0.0,1200.0000000000036,1200.0
2025-05-13,m2,33007.751647396864,34364.344649425,21347.592101025948,55711.93675045095,4864.108699622875,0.0,1200.0,1200.0000000000036
2025-05-14,m2,32992.92618201891,33713.81095978507,25768.957330570156,59482.76829035523,5629.978282178899,0.0,1200.0000000000036,1200.0000000000018
2025-05-15,m2,32883.75484288647,33926.425849422776,22843.566535329905,56769.99238475268,5178.636300106582,0.0,1200.0000000000018,1200.0
2025-05-16,m2,15764.332071702158,15715.018124947706,4686.211433474518,20401.229558422223,1454.5240815810425,0.0,1200.0,1199.9999999999982
2025-05-17,m2,13526.779595156462,13736.720190883821,12268.579851298491,26005.300042182313,3714.95624476698,0.0,1199.9999999999982,1200.0000000000036
2025-05-18,m2,32719.473197343297,32375.578904367,22470.956726993783,54846.535631360784,6024.453001200589,0.0,1200.0000000000036,1200.0000000000018
2025-05-19,m2,32656.154981715365,33440.90657067309,13157.608579075517,46598.51514974861,2801.2197405506504,0.0,1200.0000000000018,1200.0000000000018
2025-05-20,m2,32452.242555401288,35756.46696241504,11109.256141634713,46865.72310404976,2326.8855110371787,0.0,1200.0000000000018,1200.0000000000018
2025-05-21,m2,31768.39723811242,37074.5783238042,10545.648046789287,47620.22637059349,2450.9066553585526,0.0,1200.0000000000018,1200.0
2025-05-22,m2,32064.062012055278,33683.01921825862,16429.296692147273,50112.31591040589,3393.255448307359,0.0,1200.0,1200.0
2025-05-23,m2,15188.016565747981,16718.899140114936,3572.958366309993,20291.85750642493,1279.333779251872,0.0,1200.0,1199.9999999999982
2025-05-24,m2,13421.72242345538,13380.264704764128,6180.957641745954,19561.222346510083,1633.5083926635084,0.0,1199.9999999999982,1200.0000000000018
2025-05-25,m2,31694.795981437826,32255.46984742271,12723.38623561171,44978.85608303442,3158.5016950835347,0.0,1200.0000000000018,1200.0000000000036
2025-05-26,m2,32176.16105749445,38426.14287089487,11827.300321463714,50253.44319235859,2675.7586833322507,0.0,1200.0000000000036,1200.0
2025-05-27,m2,32471.83919742293,36338.21726228329,8349.591167498984,44687.80842978227,2017.5363029922742,0.0,1200.0,1200.0000000000018
2025-05-28,m2,31807.28676141211,33043.92912927881,20416.16281358646,53460.09194286527,4972.192699778928,0.0,1200.0000000000018,1200.0000000000018
2025-05-29,m2,32213.80780262466,34708.30782180225,19573.107971794576,54281.415793596825,4205.624341717732,0.0,1200.0000000000018,1200.0
2025-05-30,m2,15549.402791021714,16171.380772213688,4588.10313160345,20759.483903817138,1379.3193247436452,0.0,1200.0,1200.0000000000018
2025-05-31,m2,13492.26380175536,13095.853580346808,11304.188307645,24400.041887991807,3019.1959780784764,0.0,1200.0000000000018,1200.0000000000018
2025-06-01,m2,32208.50250332887,31242.068935894687,95665.52867845737,126907.59761435205,23970.534044695174,0.0,1200.0000000000018,1200.0
2025-06-02,m2,33411.738171073775,32823.89721845749,75910.29438840432,108734.1916068618,19308.16637286656,0.0,1200.0,1200.0
2025-06-03,m2,36779.13493821367,37569.954168201286,45558.62848405412,83128.5826522554,10807.873348542525,0.0,1200.0,1200.0
2025-06-04,m2,36886.443560276064,35571.24961675512,61377.122983244015,96948.37259999913,16805.524864876956,0.0,1200.0,1200.0
2025-06-05,m2,39795.13034722238,42167.63006682011,31403.367417470297,73570.9974842904,7879.707254662173,0.0,1200.0,1200.0
2025-06-06,m2,19617.249751427873,19290.27100414838,25457.900575460902,44748.17157960928,7455.1877515285305,0.0,1200.0,1200.0000000000018
2025-06-07,m2,15967.141695909158,16495.817373259124,36449.40756367508,52945.2249369342,9933.06497129323,0.0,1200.0000000000018,1200.0
2025-06-08,m2,42430.39695450742,44233.654353887185,23125.70505020179,67359.35940408897,4648.193092636857,0.0,1200.0,1200.0000000000018
2025-06-09,m2,43584.16385895685,42140.90930720509,38540.93774149618,80681.84704870127,8732.275676245772,0.0,1200.0000000000018,1200.0000000000018
2025-06-10,m2,44494.484652915424,47329.01267117809,15211.626083692885,62540.638754870975,3815.6994942534257,0.0,1200.0000000000018,1200.0
2025-06-11,m2,45653.03008535839,48013.64494228714,28890.512117094448,76904.15705938158,6295.16153781748,0.0,1200.0,1200.0000000000018
2025-06-12,m2,47805.00238651694,47822.73960360462,15461.74903906156,63284.48864266618,3292.091357638167,0.0,1200.0000000000018,1200.0000000000018
2025-06-13,m2,23462.654257094982,23936.81997045939,3917.2296750683918,27854.049645527783,1358.6494620744613,0.0,1200.0000000000018,1199.9999999999982
2025-06-14,m2,18411.473026029948,18512.106039416438,18428.168198452557,36940.274237868995,5599.211458211392,0.0,1199.9999999999982,1199.9999999999964
2025-06-15,m2,43372.904562190684,47857.13002830069,13785.849378870895,61642.97940717159,2706.1944681367772,0.0,1199.9999999999964,1200.0
2025-06-16,m2,45760.191225689734,48406.09752653188,17270.605747806832,65676.70327433871,4061.0116944946176,0.0,1200.0,1200.0000000000018
2025-06-17,m2,46459.39766643451,49915.44780017614,21166.008476894367,71081.45627707051,4977.647229157081,0.0,1200.0000000000018,1200.0000000000018
2025-06-18,m2,47169.01831688568,49101.537455012265,10910.812775557231,60012.3502305695,2722.0343873036113,0.0,1200.0000000000018,1200.0
2025-06-19,m2,45228.273390548304,48639.49195382044,22354.829249487673,70994.32120330812,4750.233827905275,0.0,1200.0,1200.0
2025-06-20,m2,23410.18935524873,22936.278326454012,2058.875789335524,24995.154115789537,822.4583425304234,0.0,1200.0,1200.0000000000018
2025-06-21,m2,18411.073074103748,18237.647492465832,11402.666472477329,29640.31396494316,3016.5998731031896,0.0,1200.0000000000018,1199.9999999999982
2025-06-22,m2,43153.8690371505,45836.5579957006,12013.2103177788,57849.7683134794,2859.315773382232,0.0,1199.9999999999982,1200.0
2025-06-23,m2,44337.865190859215,45343.40692766122,15789.282463187235,61132.689390848456,3414.8988263319125,0.0,1200.0,1200.0
2025-06-24,m2,44657.51489991711,44217.17894654846,39948.24400777199,84165.42295432044,9833.328086524627,0.0,1200.0,1200.0000000000018
2025-06-25,m2,44936.904554082175,48908.9292195768,12855.33186835238,61764.261087929175,3022.5769786245987,0.0,1200.0000000000018,1200.0000000000018
2025-06-26,m2,43646.56267260125,46710.92506711039,19420.792686345438,66131.71775345583,4131.793181468474,0.0,1200.0000000000018,1200.0000000000018
2025-06-27,m2,20612.64604772719,20022.564564955675,5472.529047762074,25495.09361271775,1607.634869500249,0.0,1200.0000000000018,1200.0
2025-06-28,m2,17596.216322497992,17688.065310738904,10356.639100992339,28044.704411731243,2985.6357037789403,0.0,1200.0,1200.0000000000018
2025-06-29,m2,43237.77351116651,49623.630551845126,19144.04252988746,68767.67308173259,4192.059556065635,0.0,1200.0000000000018,1200.0000000000018
2025-06-30,m2,45115.594127483026,45414.3866879984,10348.613954832823,55763.00064283122,2544.460497175166,0.0,1200.0000000000018,1200.0
2025-07-01,m2,46142.49344753128,49872.248027798036,34081.484396600135,83953.73242439817,9277.900276333901,0.0,1200.0,1200.0
2025-07-02,m2,45735.41178939694,46260.09596665977,36016.55310918126,82276.64907584104,9331.864493631561,0.0,1200.0,1200.0
2025-07-03,m2,46058.99441942882,47363.12725760426,39645.500492829866,87008.62775043413,9308.645202777423,0.0,1200.0,1200.0
2025-07-04,m2,23317.491317171123,25069.638672102337,20147.51737068539,45217.15604278773,5805.903471429805,0.0,1200.0,1200.0
2025-07-05,m2,21253.185981376802,21438.3703968076,22307.74666417056,43746.11706097816,6219.898354768274,0.0,1200.0,1200.0000000000018
2025-07-06,m2,44510.26646689843,52775.539385607444,39337.51316027109,92113.05254587854,9022.266222295928,0.0,1200.0000000000018,1200.0
2025-07-07,m2,49390.991315898435,49271.91090680752,14614.513465623093,63886.424372430614,3223.469112151637,0.0,1200.0,1200.0
2025-07-08,m2,50942.88150463009,51109.4981058374,16263.52502163771,67373.02312747511,3344.3954076871087,0.0,1200.0,1200.0
2025-07-09,m2,49520.10666189482,48997.56813694898,17833.148385956156,66830.71652290513,3526.5649236401373,0.0,1200.0,1200.0
2025-07-10,m2,49212.8795113166,51023.16319571623,12093.296167885339,63116.45936360157,2752.3983941667593,0.0,1200.0,1200.0
2025-07-11,m2,27648.04121729573,27010.758005268435,10028.080703723192,37038.83870899163,3237.706044324141,0.0,1200.0,1200.0
2025-07-12,m2,23570.746703618497,25634.63738510071,11290.477988183618,36925.11537328432,3470.324925549095,0.0,1200.0,1200.0000000000036
2025-07-13,m2,48383.514009587016,45890.66716418525,34275.82685417749,80166.49401836275,7131.769708745915,0.0,1200.0000000000036,1200.0
2025-07-14,m2,47228.0490851967,48356.799553621204,18073.552035345543,66430.35158896675,4365.767301211849,0.0,1200.0,1200.0
2025-07-15,m2,48395.311765240775,47200.14645498881,21300.1770068325,68500.3234618213,6005.396315445765,0.0,1200.0,1200.0
2025-07-16,m2,46968.64520276735,47115.9461266972,24626.059164669936,71742.00529136714,5384.692582720043,0.0,1200.0,1200.0
2025-07-17,m2,46580.42368463673,49437.413559747634,20704.429252535956,70141.84281228359,4459.711392755896,0.0,1200.0,1200.0
2025-07-18,m2,27414.92947953457,27120.042578343673,9891.409036372683,37011.45161471635,3004.9352702874558,0.0,1200.0,1200.0
2025-07-19,m2,23827.53289589071,23582.57649016317,18978.26895492331,42560.84544508648,5259.27117079663,0.0,1200.0,1200.0000000000018
2025-07-20,m2,46295.789801883584,46712.255615684,21845.790538278685,68558.04615396268,5645.884078404448,0.0,1200.0000000000018,1200.0
2025-07-21,m2,46539.70530139464,47224.83598897627,21400.18496894534,68625.02095792162,5527.220287555328,0.0,1200.0,1200.0
2025-07-22,m2,48255.26783595198,51357.63436213073,11055.425495184994,62413.059857315726,2657.6610689919453,0.0,1200.0,1200.0
2025-07-23,m2,47044.54475119957,44681.92551274601,50125.007896308554,94806.93340905456,11372.32620447845,0.0,1200.0,1200.0
2025-07-24,m2,47429.468949799644,45454.744980914904,37127.59343073635,82582.33841165126,8883.258725646392,0.0,1200.0,1200.0
2025-07-25,m2,27414.346359249434,27492.31731508682,3291.9443696724793,30784.2616847593,1000.9113783118537,0.0,1200.0,1200.0
2025-07-26,m2,24393.275478661453,24851.020629900388,8972.929680801848,33823.95031070223,3245.1289695768105,0.0,1200.0,1199.9999999999982
2025-07-27,m2,46846.5507309214,49277.76075449615,21549.199317892464,70826.96007238861,4699.1267911931045,0.0,1199.9999999999982,1200.0
2025-07-28,m2,47240.59234616362,48658.09219787536,22655.95207708887,71314.04427496422,5731.958777171007,0.0,1200.0,1200.0
2025-07-29,m2,48077.782946395644,53987.38465628443,8135.178806402717,62122.56346268715,1759.924599725585,0.0,1200.0,1200.0
2025-07-30,m2,47273.48123898267,57850.24098367565,9175.12412151551,67025.36510519116,2096.9770188376688,0.0,1200.0,1200.0
2025-07-31,m2,48002.6364379644,52915.60059368196,9955.303272910354,62870.903866592314,2092.879138413049,0.0,1200.0,1200.0
2025-08-01,m2,26453.277326941577,26091.51543440622,1777.7618339729809,27869.277268379203,508.3560210393481,0.0,1200.0,1200.0
2025-08-02,m2,24690.228475120348,24585.309646247268,15292.628350009674,39877.937996256944,3634.1417904002783,0.0,1200.0,1199.9999999999982
2025-08-03,m2,47029.089669747475,47553.69747102327,8832.171910906096,56385.86938192936,2009.8134662063544,0.0,1199.9999999999982,1200.0
2025-08-04,m2,46415.70026989191,47050.392106977924,16908.448909308612,63958.84101628653,4101.684833536673,0.0,1200.0,1200.0
2025-08-05,m2,45622.593272664315,47817.1717443072,8942.813730972788,56759.98547527999,2204.849208814435,0.0,1200.0,1200.0
2025-08-06,m2,44335.53867696828,43587.87848650815,35205.367252098906,78793.24573860705,8173.555807701776,0.0,1200.0,1200.0
2025-08-07,m2,44464.96139727574,44774.53985919948,19769.420902158723,64543.960761358205,4904.364943643899,0.0,1200.0,1200.0
2025-08-08,m2,25460.683022318386,25467.524844102456,2580.7704779425285,28048.295322044985,768.5113250162602,0.0,1200.0,1200.0
2025-08-09,m2,23277.13911148982,23372.152175757998,6830.093353358474,30202.245529116473,2214.0303861431375,0.0,1200.0,1200.0
2025-08-10,m2,40811.21299694096,40545.98497566585,36091.38774934824,76637.3727250141,8517.776162842523,0.0,1200.0,1200.0
2025-08-11,m2,43171.86295482857,45471.37933463099,12805.389337536439,58276.768672167425,3034.4325997182805,0.0,1200.0,1200.0
2025-08-12,m2,42897.497230291556,43550.65103614949,24473.933908136532,68024.58494428602,6064.448756943028,0.0,1200.0,1200.0
2025-08-13,m2,43119.499571078755,45957.619749407044,12211.661936206841,58169.28168561388,2972.1383282985207,0.0,1200.0,1200.0
2025-08-14,m2,42564.86486646626,45134.771244723044,19713.583793686048,64848.35503840909,4360.973782479388,0.0,1200.0,1200.0
2025-08-15,m2,25017.62509706236,24694.68337115664,12558.138117440438,37252.82148859708,3527.906981737645,0.0,1200.0,1200.0000000000036
2025-08-16,m2,23112.02638630384,22784.700013376732,22746.093644430694,45530.79365780743,5633.77003901219,0.0,1200.0000000000036,1200.0
2025-08-17,m2,41973.03226230474,42553.74321169881,20585.062237143546,63138.80544884236,4807.663964465806,0.0,1200.0,1200.0
2025-08-18,m2,42594.806923731754,42421.246710552994,24836.050919991943,67257.29763054494,5244.986320726088,0.0,1200.0,1200.0
2025-08-19,m2,42880.60330874052,43506.55710846268,13128.657897998426,56635.215006461105,2988.313482763355,0.0,1200.0,1200.0
2025-08-20,m2,42205.404163507876,42205.26158174139,40661.898760542375,82867.16034228377,10089.275248795968,0.0,1200.0,1200.0
2025-08-21,m2,43199.274286197404,42854.66535196633,21856.603574192213,64711.26892615855,5256.63371779638,0.0,1200.0,1200.0
2025-08-22,m2,25100.497095526032,25019.251305810594,6961.867728960846,31981.11903477144,2266.2333806936754,0.0,1200.0,1200.0000000000018
2025-08-23,m2,23696.822052897158,24732.80664254451,4902.471229616127,29635.277872160637,1676.7655330389318,0.0,1200.0000000000018,1200.0
2025-08-24,m2,41802.26132184083,42558.919506585546,21555.4462373165,64114.365743902046,4756.590256033105,0.0,1200.0,1200.0
2025-08-25,m2,43204.3700156204,41786.324160287135,50539.76944679288,92326.09360708002,13101.237469482607,0.0,1200.0,1200.0000000000018
2025-08-26,m2,44409.214224041796,45439.260270845945,16369.682594076108,61808.94286492205,3618.5919203108765,0.0,1200.0000000000018,1200.0000000000018
2025-08-27,m2,44039.068230701196,48431.320201432274,20220.552211260194,68651.87241269246,4129.405521313351,0.0,1200.0000000000018,1200.0
2025-08-28,m2,43586.342428225515,49165.468619609004,22569.67790418707,71735.14652379608,5568.687007306724,0.0,1200.0,1200.0
2025-08-29,m2,26203.97423817944,25956.44543839391,15107.246442013777,41063.691880407685,4204.673057944284,0.0,1200.0,1200.0000000000018
2025-08-30,m2,23785.773546130826,23688.256936694455,16536.803729459545,40225.060666154,4505.0191445400815,0.0,1200.0000000000018,1200.0
2025-08-31,m2,42344.03710012945,44605.54957706026,19047.895309350195,63653.44488641045,4618.0593494503455,0.0,1200.0,1200.0
2025-09-01,m2,43612.19077036483,43335.388569029084,8529.702460265351,51865.09102929443,2630.598688070606,0.0,1200.0,1200.0
2025-09-02,m2,41174.812487528965,43659.39987185936,5190.326921288164,48849.72679314752,1003.5229320816796,0.0,1200.0,1200.0
2025-09-03,m2,41154.24200284933,41235.82798345752,3299.0068073294597,44534.83479078698,863.1691790308037,0.0,1200.0,1200.0
2025-09-04,m2,38936.4767108871,38438.94824137806,12924.373735172314,51363.321976550375,2696.87239720278,0.0,1200.0,1200.0
2025-09-05,m2,22202.739676921217,21964.251794746073,25.971285152735224,21990.22307989881,12.147467330559039,0.0,1200.0,1200.0000000000036
2025-09-06,m2,18048.58124632629,17983.71375846979,6020.322455443034,24004.036213912823,2121.123174284111,0.0,1200.0000000000036,1199.9999999999982
2025-09-07,m2,35911.88145510109,38857.88530960207,9087.3313707491,47945.216680351165,1805.4113498111296,0.0,1199.9999999999982,1200.0000000000018
2025-09-08,m2,34500.55211894351,35631.00321854542,28282.14232951974,63913.14554806516,6691.121183020976,0.0,1200.0000000000018,1200.0
2025-09-09,m2,35557.500711426066,38934.426417255396,13270.369858816543,52204.79627607194,2628.4791517179024,0.0,1200.0,1199.9999999999982
2025-09-10,m2,35648.57167199945,36474.145665715194,35096.45791967142,71570.60358538662,8336.157596092271,0.0,1199.9999999999982,1200.0000000000018
2025-09-11,m2,36598.95000875513,35465.72431561135,25670.327119806792,61136.051435418136,6002.195471373216,0.0,1200.0000000000018,1200.0
2025-09-12,m2,20279.678319812614,20315.046136900535,2779.6587770785677,23094.7049139791,782.0023709005739,0.0,1200.0,1200.0000000000036
2025-09-13,m2,18081.654527325692,18228.60943173135,4895.096287358182,23123.705719089532,1886.4399137939363,0.0,1200.0000000000036,1200.0
2025-09-14,m2,36254.52850191285,35503.928802116396,35099.697593548386,70603.62639566479,8366.013615801901,0.0,1200.0,1200.0
2025-09-15,m2,36407.669454078794,38540.47316564182,14283.380988111225,52823.85415375305,2979.0984675212685,0.0,1200.0,1200.0000000000018
2025-09-16,m2,35829.725477612534,35043.32732373186,35846.0520471497,70889.37937088156,9367.18141013549,0.0,1200.0000000000018,1199.9999999999982
2025-09-17,m2,37530.357225667925,36894.82449628677,28038.97524427623,64933.799740563,6208.765656186204,0.0,1199.9999999999982,1200.0
2025-09-18,m2,36400.50830346803,42037.76616106951,16212.603683802605,58250.36984487211,3367.788637940278,0.0,1200.0,1200.0000000000018
2025-09-19,m2,21246.393699140044,21428.708297298614,3715.530912962042,25144.239210260654,1543.007357851792,0.0,1200.0000000000018,1200.0
2025-09-20,m2,18604.179554528808,18589.150676670586,8422.827711711867,27011.978388382453,2492.0844416518366,0.0,1200.0,1200.0000000000018
2025-09-21,m2,37787.2110353072,37469.07779909817,18196.84563249135,55665.92343158952,3925.668167960629,0.0,1200.0000000000018,1200.0
2025-09-22,m2,37162.25004982694,35581.80510145792,39697.38416262694,75279.18926408485,10121.637060449342,0.0,1200.0,1200.0000000000018
2025-09-23,m2,37500.522096074135,36845.2087047316,33876.31483720946,70721.52354194106,7658.726254060264,0.0,1200.0000000000018,1200.0
2025-09-24,m2,38588.95643590661,44278.026621784666,14163.428824910901,58441.45544669557,3345.944949174678,0.0,1200.0,1200.0
2025-09-25,m2,38152.003486288115,40821.87379949349,15188.278352964528,56010.15215245802,3774.6899053042307,0.0,1200.0,1200.0000000000018
2025-09-26,m2,21464.17009364144,21085.16745049521,4235.003915163768,25320.171365658978,1462.1483011627738,0.0,1200.0000000000018,1199.9999999999982
2025-09-27,m2,18601.607896443627,19282.186244574877,6693.046816966022,25975.2330615409,1996.022439419291,0.0,1199.9999999999982,1200.0000000000018
2025-09-28,m2,38169.64840082462,41679.33724728141,17874.886893492083,59554.22414077349,3965.302133292788,0.0,1200.0000000000018,1200.0
2025-09-29,m2,38398.05251394527,37089.09408550155,36720.783854830486,73809.87794033204,8465.134660632695,0.0,1200.0,1200.0
2025-09-30,m2,38967.262834084,41360.77206869139,27633.982452882923,68994.75452157432,6314.793523546135,0.0,1200.0,1199.9999999999964
2025-10-01,m2,40033.6191261573,39263.34642477626,5177.045320066424,44440.39174484269,1406.7645270918993,0.0,1199.9999999999964,1200.0
2025-10-02,m2,35621.70668824792,33973.542272267885,24148.3248493907,58121.867121658586,5609.628961661047,0.0,1200.0,1200.0000000000036
2025-10-03,m2,18849.548190934398,19552.834326407414,1132.4956199848507,20685.329946392263,498.2922743258826,0.0,1200.0000000000036,1200.0
2025-10-04,m2,16936.638114801834,16759.312572372153,9200.9846568578,25960.297229229953,2563.006989936523,0.0,1200.0,1200.0000000000073
2025-10-05,m2,36656.280071737056,35694.99458847799,18549.393665759795,54244.38825423778,4859.127014534983,0.0,1200.0000000000073,1200.0
2025-10-06,m2,36789.09116817357,40986.23393192892,8893.81554594209,49880.049477871005,2025.0651748419082,0.0,1200.0,1199.9999999999982
2025-10-07,m2,36443.649264922205,39251.006700299935,7779.271726369746,47030.27842666968,1813.0382674696705,0.0,1199.9999999999982,1199.9999999999982
2025-10-08,m2,33953.59500997969,35054.050629579535,19316.815622728012,54370.86625230755,4320.919907213232,0.0,1199.9999999999982,1200.0000000000018
2025-10-09,m2,34702.06033438421,33412.597363687164,36598.98575303341,70011.58311672058,9165.995875816048,0.0,1200.0000000000018,1200.0000000000018
2025-10-10,m2,17882.932493285458,17649.134878466608,6744.297408050785,24393.432286517393,2044.9193121373783,0.0,1200.0000000000018,1200.0000000000018
2025-10-11,m2,16162.567828782989,16098.594815567034,9092.594996103984,25191.189811671018,2848.3404625076837,0.0,1200.0000000000018,1200.0000000000036
2025-10-12,m2,35316.31032531549,35462.6922197128,22585.685890193217,58048.378109906014,4736.620408473589,0.0,1200.0000000000036,1200.0
2025-10-13,m2,36854.26759721371,36534.88405212721,25391.525333947844,61926.40938607505,6154.91997675998,0.0,1200.0,1199.9999999999982
2025-10-14,m2,37603.76447038033,37283.6525831755,30393.591015921826,67677.24359909733,7383.921750536572,0.0,1199.9999999999982,1200.0000000000036
2025-10-15,m2,35250.61146996883,33999.821554060174,47828.06521784055,81827.88677190072,11786.33459981579,0.0,1200.0000000000036,1200.0000000000018
2025-10-16,m2,36091.81983856329,37114.088734174125,35934.990196160805,73049.07893033493,8212.872894716427,0.0,1200.0000000000018,1200.0
2025-10-17,m2,18864.657803766975,21751.665653698285,1917.3006143854766,23668.96626808376,862.0891741963503,0.0,1200.0,1199.9999999999964
2025-10-18,m2,16903.813025357606,17030.067583903125,6837.106675502639,23867.174259405765,2254.0998914143374,0.0,1199.9999999999964,1200.0000000000018
2025-10-19,m2,37011.899697417575,36455.792953886776,37414.98438364308,73870.77733752986,8401.515681362871,0.0,1200.0000000000018,1200.0000000000018
2025-10-20,m2,39749.79700771002,38532.148211409796,34080.87966928191,72613.0278806917,7483.827640371306,0.0,1200.0000000000018,1200.0
2025-10-21,m2,40643.395138772175,40901.68435441623,20796.292056309496,61697.97641072573,5251.741479452692,0.0,1200.0,1200.0
2025-10-22,m2,38010.987514099535,38858.28650461414,28463.515793271228,67321.80229788537,6052.67353206984,0.0,1200.0,1200.0000000000018
2025-10-23,m2,39106.50770432518,37602.69160274491,42217.565085405935,79820.25668815084,11621.266429104575,0.0,1200.0000000000018,1200.0
2025-10-24,m2,18523.908368575037,18950.775552769417,5294.528821033202,24245.304373802617,1848.1195152710018,0.0,1200.0,1200.0
2025-10-25,m2,17263.365040007688,17359.66651028545,9062.461546414706,26422.128056700156,2644.5332878801437,0.0,1200.0,1200.0000000000018
2025-10-26,m2,40535.69676821683,38989.41665012225,32974.17390785192,71963.59055797417,8127.9344656757585,0.0,1200.0000000000018,1199.9999999999982
2025-10-27,m2,41718.43420760827,44486.6613873699,11506.579264819964,55993.24065218987,2578.6956023788553,0.0,1199.9999999999982,1200.0
2025-10-28,m2,42047.66935580298,45677.390479422786,12651.024166360596,58328.414645783385,2809.976334478645,0.0,1200.0,1200.0000000000036
2025-10-29,m2,39588.578459060634,39880.75154163933,35861.534084427345,75742.28562606667,8939.376594888705,0.0,1200.0000000000036,1200.0
2025-10-30,m2,40941.11592779248,43258.61800380173,14931.640750092525,58190.25875389425,3369.2179277651776,0.0,1200.0,1199.9999999999982
2025-10-31,m2,19496.72434080259,19304.04245875869,8195.129011641979,27499.171470400666,2635.156708664459,0.0,1199.9999999999982,1199.9999999999945
2025-11-01,m2,17187.896943901414,17237.16327513085,6109.23006335913,23346.39333848998,1774.028353975042,0.0,1199.9999999999945,1199.9999999999982
2025-11-02,m2,41176.58725356962,42878.8456097453,24391.457029789366,67270.30263953467,5256.425200184276,0.0,1199.9999999999982,1200.0
2025-11-03,m2,43272.05327444353,42179.5251693093,25784.0770869346,67963.6022562439,7149.237054780888,0.0,1200.0,1200.0000000000018
2025-11-04,m2,44294.69136679328,46087.60801943224,10655.664142519388,56743.27216195163,2274.2487866951274,0.0,1200.0000000000018,1200.0
2025-11-05,m2,43773.58186141515,42082.67288179601,32740.984864409806,74823.65774620582,8644.538951752616,0.0,1200.0,1200.0
2025-11-06,m2,43815.365440493566,45576.38832840463,19276.754135625837,64853.14246403047,4789.874647167158,0.0,1200.0,1200.0000000000018
2025-11-07,m2,20373.905264601475,20900.06116997772,2189.3011061891802,23089.3622761669,788.9726477090253,0.0,1200.0000000000018,1200.0
2025-11-08,m2,17852.95330963088,18061.30115077975,7498.614421413551,25559.9155721933,2269.020553810945,0.0,1200.0,1200.0000000000055
2025-11-09,m2,44217.40649754359,44410.92220931451,19697.26438149367,64108.18659080818,4555.879937730716,0.0,1200.0000000000055,1200.0
2025-11-10,m2,45177.036142211444,47411.53325579956,23504.715393937313,70916.24864973687,5385.468697942668,0.0,1200.0,1200.0
2025-11-11,m2,45981.88685867004,44711.606185828845,23170.661354741296,67882.26754057014,5209.105049773611,0.0,1200.0,1200.0
2025-11-12,m2,45708.468525925804,47782.52385133517,13314.241098198061,61096.76494953323,3050.9188027801956,0.0,1200.0,1200.0
2025-11-13,m2,45515.580373194935,48036.133725259664,13385.157497344268,61421.29122260393,3145.3821055301423,0.0,1200.0,1200.0000000000018
2025-11-14,m2,20991.71526679607,21129.610703938564,2023.0918962821597,23152.702600220724,828.3377702027838,0.0,1200.0000000000018,1200.0
2025-11-15,m2,18107.847751054782,17966.10435657219,11763.93673758429,29730.041094156477,3267.087686782009,0.0,1200.0,1200.0000000000018
2025-11-16,m2,46666.19757812788,49670.42833969202,13610.903988989692,63281.33232868172,3131.10902511299,0.0,1200.0000000000018,1200.0000000000036
2025-11-17,m2,47670.379621331056,53695.06296643292,6945.935564566082,60640.998530999,1583.2217072835238,0.0,1200.0000000000036,1200.0
2025-11-18,m2,47224.19472042586,48687.69174293922,14520.275979236314,63207.967722175534,3366.0193849355505,0.0,1200.0,1200.0000000000036
2025-11-19,m2,47193.15545746786,52429.189336210286,10746.874164560044,63176.06350077033,2569.297222753319,0.0,1200.0000000000036,1200.0
2025-11-20,m2,48071.615076141476,51260.55293353595,9906.512428127533,61167.06536166349,2302.8261246839593,0.0,1200.0,1200.0
2025-11-21,m2,21604.655128195704,24024.34854857821,2225.2848667956246,26249.633415373835,919.8077469869684,0.0,1200.0,1200.0000000000018
2025-11-22,m2,18194.81526965634,18184.833017511068,12191.720580214609,30376.553597725677,3429.5329027096823,0.0,1200.0000000000018,1200.0
2025-11-23,m2,48488.54758021992,52107.63720461759,9809.612081649622,61917.24928626721,2141.0453137395903,0.0,1200.0,1200.0000000000018
2025-11-24,m2,48490.29385139624,50780.00412996354,8659.978114833799,59439.98224479734,1955.6874683463238,0.0,1200.0000000000018,1200.0
2025-11-25,m2,48453.48352769816,46555.427483347325,32934.33930398156,79489.76678732887,8138.944306489543,0.0,1200.0,1200.0
2025-11-26,m2,48501.23288150469,50092.930620214465,17398.110272620725,67491.04089283518,4314.803819287794,0.0,1200.0,1200.0
2025-11-27,m2,49089.34192618531,51529.40205932102,9574.829342365701,61104.231401686724,2297.0307872005633,0.0,1200.0,1200.0000000000018
2025-11-28,m2,21747.17990097458,22662.204007872348,2184.002229309955,24846.2062371823,719.5659703181997,0.0,1200.0000000000018,1200.0000000000018
2025-11-29,m2,19070.616585102558,19068.24251274194,19439.816476788645,38508.05898953059,6234.367917861577,0.0,1200.0000000000018,1200.0000000000018
2025-11-30,m2,49544.41155388347,52533.09987643838,14344.37401496739,66877.47389140577,3766.7019275244384,0.0,1200.0000000000018,1200.0
2025-12-01,m2,50742.23418559872,49599.86743805411,50247.66834086829,99847.5357789224,12486.137244606593,0.0,1200.0,1200.0000000000018
2025-12-02,m2,53198.40856152198,52283.02285647495,43724.977412707456,96008.0002691824,11244.30832903337,0.0,1200.0000000000018,1200.0
2025-12-03,m2,53987.91067045402,60790.2759498642,16108.480930662081,76898.75688052629,4095.787160382776,0.0,1200.0,1200.0000000000018
2025-12-04,m2,55090.73065101988,54712.557345440946,32075.325743499852,86787.8830889408,7545.2358022465305,0.0,1200.0000000000018,1199.9999999999982
2025-12-05,m2,26841.78196399724,27880.560049763095,8368.339343256692,36248.89939301979,2826.797050509715,0.0,1199.9999999999982,1200.0000000000018
2025-12-06,m2,22303.507278200268,22185.87195329693,21016.376463437737,43202.24841673467,6031.040260191203,0.0,1200.0000000000018,1200.0000000000018
2025-12-07,m2,58324.24059871254,56764.32948282584,22384.64186472426,79148.9713475501,5539.52847451288,0.0,1200.0000000000018,1200.0
2025-12-08,m2,59248.1364090462,58918.3684439274,10573.190346744574,69491.55879067197,2464.2522880011093,0.0,1200.0,1200.0
2025-12-09,m2,59231.63308129339,58497.737005798015,13647.711602213996,72145.44860801201,2862.2577533952926,0.0,1200.0,1200.0
2025-12-10,m2,58740.286441036376,61055.97166576374,8933.341392885948,69989.31305864968,2143.448852051597,0.0,1200.0,1200.0000000000018
2025-12-11,m2,58173.64473002353,57276.17213412333,12656.501091689228,69932.67322581256,3075.4601851325287,0.0,1200.0000000000018,1200.0
2025-12-12,m2,27545.999521113252,29953.83196381939,7973.288432851781,37927.12039667117,2966.3031547907713,0.0,1200.0,1200.0000000000018
2025-12-13,m2,25106.823068260983,25795.330593697287,14519.364365705998,40314.694959403285,3872.458458138405,0.0,1200.0000000000018,1200.0000000000018
2025-12-14,m2,58587.52084177018,63004.52456600492,7516.886376336135,70521.41094234106,1520.8285293042536,0.0,1200.0000000000018,1200.0
2025-12-15,m2,59336.75409913197,64629.8928316662,5381.586513320647,70011.47934498684,1113.6096559557177,0.0,1200.0,1200.0000000000036
2025-12-16,m2,59267.904387592396,59097.92524247676,12321.214646856199,71419.13988933296,2573.7276555560657,0.0,1200.0000000000036,1199.9999999999982
2025-12-17,m2,58747.475150453705,57704.08371152164,15578.005624071138,73282.08933559278,3691.8559627447153,0.0,1199.9999999999982,1200.0
2025-12-18,m2,58321.192376416475,60077.33989592201,10284.291451427587,70361.6313473496,2224.4201964553463,0.0,1200.0,1200.0000000000018
2025-12-19,m2,29227.12213053351,31056.27705241761,4184.742866836194,35241.0199192538,1590.6149250167182,0.0,1200.0000000000018,1200.0
2025-12-20,m2,25411.761424689554,25169.344157305346,10752.886082099645,35922.23023940499,3185.3370319346595,0.0,1200.0,1199.9999999999982
2025-12-21,m2,58298.87953636479,59065.44767889875,14833.07937582469,73898.52705472344,3476.5862435541612,0.0,1199.9999999999982,1200.0000000000018
2025-12-22,m2,59338.74915638608,61066.25563990522,9487.647840311609,70553.90348021683,2028.75004241631,0.0,1200.0000000000018,1200.0
2025-12-23,m2,59313.341075776436,58596.49196073951,10615.508807108024,69212.00076784754,2336.2536827065987,0.0,1200.0,1200.0
2025-12-24,m2,57404.385744542335,57566.38221155033,15195.504729947912,72761.88694149823,3349.6956232045573,0.0,1200.0,1200.0
2025-12-25,m2,57595.20324074055,60472.44030386531,9210.4220980632,69682.8624019285,2002.4081310121137,0.0,1200.0,1199.9999999999982
2025-12-26,m2,28663.094952064872,30288.80235603691,4172.906383573405,34461.708739610316,1496.0463204905832,0.0,1199.9999999999982,1200.0000000000055
2025-12-27,m2,25438.25783114735,26543.04299504081,7975.08360346215,34518.12659850296,2328.1823263863594,0.0,1200.0000000000055,1200.0000000000018
2025-12-28,m2,58421.194079386165,58656.3135143614,8645.430672241459,67301.74418660285,1801.0797871867662,0.0,1200.0000000000018,1200.0000000000018
2025-12-29,m2,58777.33480342959,61926.88560680281,4886.052170382554,66812.93777718536,1040.2676524427168,0.0,1200.0000000000018,1200.0000000000018
2025-12-30,m2,58418.09660511513,58440.992633099064,7791.3451274576055,66232.33776055666,1730.1875808847542,0.0,1200.0000000000018,1200.0
2025-12-31,m2,59775.3806237767,60210.70221707893,16851.567981836488,77062.27019891542,4012.3558396512044,0.0,1200.0,6000.0
2025-02-01,m3,23830.85286065196,25740.05325233758,2111.8318038113594,27851.885056148938,752.9488353796564,156.27644875000007,1200.0000000000082,1200.0000000000018
2025-02-02,m3,55136.339164578036,58604.040761634555,2563.5519269689603,61167.592688603516,449.1497208530359,167.8912747500001,1200.0000000000018,1200.0
2025-02-03,m3,52659.305411228415,53657.46901443752,8242.969295584508,61900.43831002203,1925.3247510701447,167.4022582500001,1200.0,1200.0000000000018
2025-02-04,m3,52427.84535308702,54679.224647072355,15877.670310072644,70556.894957145,3678.4090008354856,166.99098900000007,1200.0000000000018,1200.0
2025-02-05,m3,52432.64647623292,57750.82314903901,4760.709238431314,62511.532387470324,1106.5449801316875,166.65746700000005,1200.0,1200.0
2025-02-06,m3,52430.58691911066,53313.11347310099,21654.31513854297,74967.42861164396,5086.457334347973,166.32394500000004,1200.0,1200.0
2025-02-07,m3,24883.49527524484,27307.88366485686,2184.1911536778393,29492.0748185347,830.9309545598093,165.99042300000002,1200.0,1200.0
2025-02-08,m3,21167.39659168879,27123.690356583793,1978.096759307055,29101.78711589085,882.2716918879571,165.656901,1200.0,1200.0
2025-02-09,m3,50899.92349503124,54799.797624863255,9138.13561177278,63937.93323663603,1989.202181474218,165.323379,1200.0,1200.0
2025-02-10,m3,50784.41163790908,52399.41446397188,5140.283902764443,57539.698366736324,1220.7535628155451,164.98985699999997,1200.0,1200.0000000000036
2025-02-11,m3,49822.06866073905,51214.99383631603,14299.334790115034,65514.32862643107,3063.1649392169365,166.5403375000002,1200.0000000000036,1200.0000000000018
2025-02-12,m3,49852.415160435354,50178.75648671,10226.67723360507,60405.43372031507,2267.2266470802006,166.31943250000018,1200.0000000000018,1200.0
2025-02-13,m3,48816.96616846172,51752.77097691911,5122.1931708826,56874.964147801715,1195.6151922188865,166.0985275000002,1200.0,1200.0000000000018
2025-02-14,m3,21489.564858472826,24535.689910135552,6569.112796087269,31104.80270622282,2052.909622681901,165.87762250000017,1200.0000000000018,1200.0000000000018
2025-02-15,m3,19435.24934742164,21305.75196536964,5848.835570355808,27154.587535725448,1925.4290021370866,165.65671750000018,1200.0000000000018,1200.0
2025-02-16,m3,48005.81687252763,47738.67202879894,19093.726485443756,66832.3985142427,4568.875331104159,165.43581250000017,1200.0,1200.0
2025-02-17,m3,46742.24862446853,46133.48690193195,16031.718777893355,62165.2056798253,4540.726630309691,175.87829575,1200.0,1200.0
2025-02-18,m3,45919.58585591244,52549.01388181342,6056.321739806374,58605.33562161979,1290.365501954056,175.69821025000002,1200.0,1200.0
2025-02-19,m3,45491.91923574668,51198.99254287022,9970.451523599904,61169.444066470125,2245.848360320997,175.51812475000003,1200.0,1200.0000000000018
2025-02-20,m3,45824.892771557454,48118.891089649886,10307.741700054263,58426.63278970415,2523.664968543167,176.35564099999962,1200.0000000000018,1200.0
2025-02-21,m3,20749.36998917991,23133.079366254566,3176.554234359475,26309.63360061404,1286.7881346923773,175.77848124999971,1200.0,1200.0000000000018
2025-02-22,m3,18541.8803272907,20645.0315097912,5377.088913598611,26022.12042338981,1703.7712090551358,175.2996587499997,1200.0000000000018,1200.0000000000018
2025-02-23,m3,45628.70182641788,49399.59255988896,10493.542629511492,59893.13518940045,2645.8898249128692,174.82083624999973,1200.0000000000018,1200.0
2025-02-24,m3,44394.11909057941,48691.082933855294,12356.59217007764,61047.67510393293,2817.361743038576,174.41264099999978,1200.0,1200.0
2025-02-25,m3,44238.22063139609,44015.83903169255,8731.776105733741,52747.61513742629,2012.0948648865128,173.95224299999978,1200.0,1200.0
2025-02-26,m3,42861.98722030055,50342.43302236826,5361.698187976295,55704.13121034456,1288.836654096921,173.49184499999978,1200.0,1200.0
2025-02-27,m3,42833.285388010954,48161.96703013636,6429.186189274513,54591.15321941087,1244.80327458218,181.6830072499995,1200.0,1200.0000000000018
2025-02-28,m3,20025.507400574985,23301.1406696337,2097.7964509330154,25398.937120566716,887.8698141399896,180.43121074999942,1200.0000000000018,1200.0
2025-03-01,m3,17910.955156082942,19236.99824903745,5914.2979940691475,25151.296243106597,1924.5098620960225,179.1794142499994,1200.0,1200.0
2025-03-02,m3,42399.591541372116,47956.46440843779,25258.943266392584,73215.40767483038,5905.449122799508,186.8880002500004,1200.0,1200.0
2025-03-03,m3,41794.060408396515,44616.40926606271,31115.495493870898,75731.9047599336,7956.273137160627,186.3824087500004,1200.0,1200.0
2025-03-04,m3,43120.958353698756,50160.85763260405,7330.911388425688,57491.76902102974,1817.2268994950823,187.12661350000033,1200.0,1200.0
2025-03-05,m3,42597.67829182259,44422.30881281332,14854.355295489055,59276.66410830237,3615.0162098057235,186.69817450000033,1200.0,1199.9999999999982
2025-03-06,m3,41820.36830324948,47519.16843780673,7955.8097069204905,55474.97814472722,1900.2252071865173,194.46672025000026,1199.9999999999982,1200.0
2025-03-07,m3,18402.4904185028,19847.244315839667,6647.086700165502,26494.33101600517,1865.898476305763,194.2990307500003,1200.0,1200.0
2025-03-08,m3,16813.373164768534,19502.3519553924,1773.9106757650143,21276.262631157417,645.2870329565783,194.1313412500003,1200.0,1200.0000000000073
2025-03-09,m3,43878.64077908844,45613.50729782563,7145.736929666553,52759.24422749218,1771.2769600445972,193.95405350000033,1200.0000000000073,1200.0000000000036
2025-03-10,m3,41325.6835955414,47804.760750033776,8655.06844306294,56459.82919309672,2322.687680801641,193.72877450000027,1200.0000000000036,1200.0000000000018
2025-03-11,m3,41407.198144489535,52646.11074202524,5975.638365043318,58621.74910706856,1465.791226307563,193.50349550000027,1200.0000000000018,1200.0
2025-03-12,m3,40227.05640545687,41673.0142193758,12904.71150911491,54577.72572849071,3172.0548825060537,193.2782165000002,1200.0,1200.0
2025-03-13,m3,39656.68194084348,44965.39408002853,16921.75833593516,61887.15241596369,4172.787210873235,193.0529375000002,1200.0,1200.0
2025-03-14,m3,17738.35610690571,19962.093436189385,1897.1729200892792,21859.266356278666,697.5578026811859,192.8276585000002,1200.0,1200.0000000000036
2025-03-15,m3,15578.990898572696,18363.65924825933,5780.447463611406,24144.106711870736,1520.391988115436,208.7076375000001,1200.0000000000036,1200.0
2025-03-16,m3,41148.17435497926,46946.6936905304,8496.338435470232,55443.03212600063,2113.3762921854923,208.52741250000008,1200.0,1200.0
2025-03-17,m3,40410.2033399164,43791.266340516806,4318.40987625512,48109.67621677193,1032.5715597072265,208.34718750000005,1200.0,1200.0
2025-03-18,m3,39052.666081681906,39995.292800418916,15464.49915325515,55459.79195367407,3342.946824833878,213.59082750000005,1200.0,1200.0000000000018
2025-03-19,m3,38535.39006138834,49060.167633584795,5870.155229822476,54930.32286340727,1566.0533686188796,212.8036605,1200.0000000000018,1200.0000000000036
2025-03-20,m3,38618.036120639874,42635.41303132377,22058.993640005552,64694.40667132932,5397.146340453979,212.01649349999997,1200.0000000000036,1200.0
2025-03-21,m3,17556.966602826644,20301.358392355665,2438.51918868375,22739.877581039415,856.0222663061995,218.64393650000005,1200.0,1200.0
2025-03-22,m3,14822.415379904895,16388.76895859764,6189.927848168667,22578.696806766307,1625.1951924802233,218.4661895,1200.0,1200.0
2025-03-23,m3,38014.03927549024,40056.65987020801,12724.050801822532,52780.71067203054,3035.0017291601757,221.52702374999976,1200.0,1200.0
2025-03-24,m3,37123.18669904128,40803.35192169937,5281.734246347791,46085.086168047164,1397.7928688916263,220.38604424999977,1200.0,1200.0
2025-03-25,m3,36923.56932866337,37829.95668724703,30038.765903457337,67868.72259070436,7818.610374881205,219.2450647499997,1200.0,1200.0000000000018
2025-03-26,m3,36818.02774091074,42099.648044152695,11997.972255506822,54097.62029965952,3073.6643224091736,220.21063250000014,1200.0000000000018,1200.0
2025-03-27,m3,36395.62854148797,37934.167351095995,16159.135641064075,54093.30299216007,3837.423425091802,220.06424750000014,1200.0,1200.0000000000018
2025-03-28,m3,16796.4009210987,18349.11332657189,3459.197352630639,21808.31067920253,945.0128398588065,219.91786250000024,1200.0000000000018,1200.0
2025-03-29,m3,14552.480762356197,16801.80860630551,4274.245048728468,21076.053655033975,1111.47149796634,219.77147750000006,1200.0,1200.0000000000018
2025-03-30,m3,35317.152954348945,36302.161637767706,17539.43146567289,53841.593103440595,4369.2321599311,219.6250925000002,1200.0000000000018,1200.0000000000018
2025-03-31,m3,35176.911028615286,44437.95999931273,7147.28940835176,51585.24940766449,1639.4150537671062,220.3599690000002,1200.0000000000018,1200.0000000000018
2025-04-01,m3,35330.96509421058,38140.78729582844,22423.678942423823,60564.466238252266,6643.702750144188,220.27877700000028,1200.0000000000018,1200.0
2025-04-02,m3,34107.077197609105,38983.79018002421,22097.085876161043,61080.876056185254,5381.741883163615,220.24318000000014,1200.0,1200.0000000000018
2025-04-03,m3,35774.05298361861,36498.132793089986,15567.273917982118,52065.40671107211,3710.3750908494376,220.15701400000017,1200.0000000000018,1200.0000000000018
2025-04-04,m3,16045.368327192878,18398.08383173172,2005.000307830859,20403.08413956258,722.8632483509182,220.07084800000007,1200.0000000000018,1200.0000000000018
2025-04-05,m3,14141.735888663026,16310.506754024851,5845.676862263753,22156.183616288603,1652.8690175928432,220.14410725000013,1200.0000000000018,1200.0000000000036
2025-04-06,m3,34364.090159884065,37891.88469257867,8431.562529995843,46323.44722257451,2248.124355345179,222.88640400000008,1200.0000000000036,1200.0
2025-04-07,m3,34905.723036704454,42016.1097411203,4709.350615954916,46725.460357075215,1208.0465203141962,223.53682500000022,1200.0,1200.0000000000018
2025-04-08,m3,34948.75007356161,36404.072648314126,16369.222224076151,52773.29487239028,3655.0486267814804,223.4368350000001,1200.0000000000018,1200.0000000000018
2025-04-09,m3,34279.37243714765,40553.13777504046,14634.274168988904,55187.41194402936,3543.5710633895496,223.33684500000015,1200.0000000000018,1200.0
2025-04-10,m3,34685.270802146086,38454.3124130364,15456.438944449335,53910.75135748574,3424.6924147218706,223.3507040000002,1200.0,1200.0
2025-04-11,m3,15604.776195761626,19191.796260793628,2196.7041413143224,21388.50040210795,878.9918967497557,223.2496220000001,1200.0,1199.9999999999964
2025-04-12,m3,14046.595586808444,15099.517500057373,7558.634274920826,22658.1517749782,2341.3982463528287,223.20446375000023,1199.9999999999964,1200.0
2025-04-13,m3,33541.374551695684,38749.849679813844,9219.02929726438,47968.878977078224,1989.762599623724,223.01356025000007,1200.0,1200.0
2025-04-14,m3,33458.532005454166,32642.72275162389,17207.400768375657,49850.12351999954,4058.426364538049,223.13291925000024,1200.0,1200.0
2025-04-15,m3,33829.12029401596,40554.91475256267,5485.531976746832,46040.4467293095,1141.4460474751822,223.88503025000014,1200.0,1200.0000000000018
2025-04-16,m3,33638.32994500036,38550.3708032149,8409.758789022324,46960.12959223722,2086.2769845641187,223.74182075000024,1200.0000000000018,1200.0000000000018
2025-04-17,m3,33297.95322608564,41493.626528295084,9710.123211132526,51203.749739427614,2029.6334864495252,223.5986112500001,1200.0000000000018,1200.0000000000018
2025-04-18,m3,14738.751710924993,16869.905092146288,3030.1084225389563,19900.013514685244,1124.3332689356248,223.82034800000022,1200.0000000000018,1199.9999999999964
2025-04-19,m3,13116.584791300143,16098.74360142753,4645.38413791245,20744.12773933998,1479.3250282318677,223.86292300000008,1199.9999999999964,1200.0
2025-04-20,m3,32242.44726519206,38779.33473000534,6598.809488156897,45378.14421816224,1569.6687052719167,223.73937700000016,1200.0,1200.0
2025-04-21,m3,32364.38060652464,31810.541319565673,12560.340766973255,44370.88208653893,3038.2913462011,223.80782300000004,1200.0,1200.0
2025-04-22,m3,31930.234585686063,40400.07903015253,5578.822290123966,45978.90132027649,1357.0893891879132,224.29966125000016,1200.0,1200.0000000000055
2025-04-23,m3,33119.5423783932,44714.82551774497,7169.150665473734,51883.9761832187,1738.3958798087406,224.11653074999998,1200.0000000000055,1200.0
2025-04-24,m3,31939.343901842818,37706.98189077088,8268.14707529932,45975.1289660702,1674.8822701257493,225.10523425000014,1200.0,1199.9999999999982
2025-04-25,m3,13919.373351721517,15466.345280377896,2105.7282425370136,17572.07352291491,780.7328550993307,226.11428200000006,1199.9999999999982,1200.0
2025-04-26,m3,12798.856667587424,14772.507790688782,3977.454199393198,18749.96199008198,1137.8494179755346,230.03658200000058,1200.0,1200.0000000000018
2025-04-27,m3,30914.62516213014,40070.04696415446,6456.3807703082775,46526.42773446274,1535.8015464772436,229.00947124999954,1200.0000000000018,1200.0
2025-04-28,m3,30765.149195499405,35919.476325773874,18787.88360598812,54707.359931761996,4862.268198146392,228.10126525000038,1200.0,1200.0000000000018
2025-04-29,m3,31607.72895422532,38188.33357746224,5939.365414084768,44127.698991547004,1341.524638291899,227.94550675000022,1200.0000000000018,1200.0000000000018
2025-04-30,m3,31586.64549574184,37751.55935075603,8297.84413511667,46049.4034858727,1885.6007876154645,227.78974825000034,1200.0000000000018,1200.0
2025-05-01,m3,29553.024810083647,36934.771081199906,24304.534328361875,61239.305409561784,5152.994995995761,227.6699320000002,1200.0,1200.0000000000036
2025-05-02,m3,14190.253441434568,15619.137733546402,13402.77598152812,29021.913715074523,3528.8259552156596,227.51380000000032,1200.0000000000036,1200.0
2025-05-03,m3,13277.036390958814,14744.764686627725,15325.943290739433,30070.707977367158,3522.7563910895087,227.35766800000016,1200.0,1200.0
2025-05-04,m3,32128.64908237075,32514.7385198974,23130.446081283968,55645.18460118137,5766.056349212464,227.20153600000032,1200.0,1199.9999999999982
2025-05-05,m3,32365.080637811552,36246.340924564145,22288.71179054095,58535.05271510509,4925.910265886347,242.44610700000047,1199.9999999999982,1200.0
2025-05-06,m3,32840.96714624677,42653.125049481794,10864.16779373119,53517.292843212985,2654.712576345401,242.0829510000001,1200.0,1200.0000000000018
2025-05-07,m3,33157.952004652056,42630.17335322143,16846.912233708048,59477.085586929476,3512.5715856983384,241.9320712500005,1200.0000000000018,1200.0000000000018
2025-05-08,m3,33200.30453255281,37593.36877625729,15473.555961962677,53066.92473821997,3808.2134477757745,241.5455617500001,1200.0000000000018,1200.0000000000018
2025-05-09,m3,15968.226413970555,18705.91295992814,3686.2895209935896,22392.20248092173,1085.3838766220933,241.15905225000049,1200.0000000000018,1200.0000000000018
2025-05-10,m3,13694.076973640698,16554.02286389601,10907.947793638803,27461.970657534814,2696.2938724005644,241.54769225000007,1200.0000000000018,1200.0000000000036
2025-05-11,m3,33295.45598903624,38272.95548917452,13843.117572631327,52116.073061805844,3277.350469706787,241.08367175000055,1200.0000000000036,1200.0000000000036
2025-05-12,m3,33745.18466036233,44444.357750579176,6156.287620311314,50600.64537089049,1616.4455927711047,241.76496250000014,1200.0000000000036,1200.0
2025-05-13,m3,33261.46361974368,35994.32414889955,18482.247716354672,54476.57186525422,3983.8692330310832,241.38178750000054,1200.0,1200.0000000000036
2025-05-14,m3,33248.366427471934,38867.442949571225,19074.023479846517,57941.46642941774,4139.5649942683785,240.99861250000018,1200.0000000000036,1200.0000000000018
2025-05-15,m3,33134.94071479286,38496.06155360471,15999.918264705702,54495.979818310414,3642.851030402192,240.3814442500007,1200.0000000000018,1200.0
2025-05-16,m3,15878.220797517122,17621.947570641383,4627.828675246372,22249.776245887755,1430.4430621020854,239.5302827499999,1200.0,1199.9999999999982
2025-05-17,m3,13627.016185196542,15485.045480019546,12255.645869602376,27740.69134962192,3518.8580919732003,238.67912125000072,1199.9999999999982,1200.0000000000036
2025-05-18,m3,32969.99385146238,35662.96605340358,14327.471806084095,49990.437859487676,4089.9163284041188,238.0824167499999,1200.0000000000036,1200.0000000000018
2025-05-19,m3,32906.966138264244,37105.964522935305,8103.78471085512,45209.749233790426,1767.2908704638776,237.30395725000062,1200.0000000000018,1200.0000000000018
2025-05-20,m3,32703.653495664897,40803.46201862123,9071.369231427074,49874.8312500483,1886.6206734354957,236.56884324999987,1200.0000000000018,1200.0000000000018
2025-05-21,m3,32016.39552734421,42462.14820506359,8815.687930104861,51277.83613516845,2075.9194555212257,235.7982647500006,1200.0000000000018,1200.0
2025-05-22,m3,32312.550034829437,38170.63819266424,8770.866195380619,46941.504388044865,1830.672439343657,235.02768624999985,1200.0,1200.0
2025-05-23,m3,15299.641744271736,18471.737020135766,2934.2628707446547,21405.99989088042,1089.869457314676,234.25710775000053,1200.0,1199.9999999999982
2025-05-24,m3,13533.32903303294,14767.308887065989,6139.361383685276,20906.670270751267,1619.3762667992073,233.48652924999982,1199.9999999999982,1200.0000000000018
2025-05-25,m3,31947.959894953594,36027.51712568917,8780.174286178131,44807.6914118673,2133.4260441428587,232.85589375000052,1200.0000000000018,1200.0000000000036
2025-05-26,m3,32430.462256566403,43976.52316291935,8146.466529212557,52122.98969213191,1833.6204145770703,232.06333124999975,1200.0000000000036,1200.0
2025-05-27,m3,32740.72321329463,41517.447746063015,7290.565034733625,48808.01278079664,1781.274981279867,231.70010625000043,1200.0,1200.0000000000018
2025-05-28,m3,32074.178872351717,37578.56677051922,8705.865509188836,46284.43227970805,2121.905863724721,230.89348874999962,1200.0000000000018,1200.0
2025-05-29,m3,32478.78765727501,39472.48666669764,10543.530756072527,50016.017422770165,2270.649721247516,230.0868712500004,1200.0,1200.0
2025-05-30,m3,15676.13146585761,17888.29519923165,1754.1135295616668,19642.408728793314,680.2857710823284,229.84614174999967,1200.0,1200.0000000000018
2025-05-31,m3,13606.720380441502,13928.413457630686,9611.820286220072,23540.23374385076,2631.590037183366,229.12206125000037,1200.0000000000018,1200.0000000000018
2025-06-01,m3,32493.336765381275,35159.881214893525,82969.91922984848,118129.80044474201,20792.099449058234,228.9389637500005,1200.0000000000018,1200.0
2025-06-02,m3,33710.94221832298,33538.67140508072,74367.13051619114,107905.80192127186,18842.743735420667,229.42180350000035,1200.0,1200.0
2025-06-03,m3,37086.67237307727,42340.539160752596,29720.089639757054,72060.62880050964,7238.143000262922,229.33671450000045,1200.0,1200.0
2025-06-04,m3,37202.61808734025,36360.977118166906,64799.24942815033,101160.22654631724,17212.25109521731,229.25162550000033,1200.0,1200.0
2025-06-05,m3,40123.87995655909,47856.644144613485,20670.612466412087,68527.25661102557,5249.761295851149,235.08161275000055,1200.0,1200.0
2025-06-06,m3,19789.6124947458,21515.501050109153,18736.742900784906,40252.24395089406,5433.448832454067,234.56684125000004,1200.0,1200.0000000000018
2025-06-07,m3,16121.59565381565,18248.452345757232,32439.499637978708,50687.95198373594,8456.68428247485,240.04958250000044,1200.0000000000018,1200.0
2025-06-08,m3,42791.799352833565,47594.746389677675,20050.26659774028,67645.01298741795,3974.8065769048944,239.73762750000014,1200.0,1200.0000000000018
2025-06-09,m3,43924.71668575445,45149.62477438858,22851.42761494195,68001.05238933054,5112.350273524815,239.42567250000036,1200.0000000000018,1200.0000000000018
2025-06-10,m3,44842.33948162509,53393.469421584865,8264.61058690455,61658.080008489414,2155.722481040633,239.11371750000006,1200.0000000000018,1200.0
2025-06-11,m3,46040.4031314922,53789.65240701813,18785.26980161671,72574.92220863485,4055.6935112394644,239.4081425000004,1200.0,1200.0000000000018
2025-06-12,m3,48205.928079099394,53828.85686726946,11220.371450976389,65049.22831824585,2424.3805122596896,239.05266950000004,1200.0000000000018,1200.0000000000018
2025-06-13,m3,23760.96259326952,28948.33501881022,1976.2029134708098,30924.53793228103,913.4845197923223,238.69719650000036,1200.0000000000018,1199.9999999999982
2025-06-14,m3,18583.431628550832,21036.680103481274,13608.132635184887,34644.812738666165,4066.646906577146,238.34172349999997,1199.9999999999982,1199.9999999999964
2025-06-15,m3,43777.32163517832,54146.02374110512,10479.567428080814,64625.59116918594,2031.8447599298072,239.42722950000024,1199.9999999999964,1200.0000000000018
2025-06-16,m3,46194.55445533397,54428.503038307215,11244.888604000338,65673.39164230756,2657.999149643383,239.0019224999998,1200.0000000000018,1200.0000000000018
2025-06-17,m3,46892.5205349172,55955.866011738544,17364.971164286915,73320.83717602547,4084.0446663284724,238.5796350000002,1200.0000000000018,1200.0000000000018
2025-06-18,m3,47603.33152262428,54866.72125797975,7768.539563014112,62635.26082099386,1924.2687626016022,238.1724449999998,1200.0000000000018,1200.0
2025-06-19,m3,45680.16515626866,52107.34771076709,11431.880476624818,63539.22818739191,2347.438636911175,238.55115150000017,1200.0,1200.0
2025-06-20,m3,23762.31818515652,26821.69698183235,1714.7289422577733,28536.425924090123,666.8221267526453,238.1640944999998,1200.0,1200.0000000000036
2025-06-21,m3,18598.096836999674,22180.168877422268,7868.491238053585,30048.660115475854,2188.6613699302716,237.77703750000018,1200.0000000000036,1199.9999999999982
2025-06-22,m3,43580.259599743425,50529.31522548088,7631.8164005338185,58161.1316260147,1757.3177970204092,237.3899804999998,1199.9999999999982,1200.0
2025-06-23,m3,44776.04209263964,51112.480957267704,9653.884033825205,60766.36499109291,2171.5622802143753,237.22294399999947,1200.0,1200.0000000000018
2025-06-24,m3,45092.46408552712,49221.43776840815,23847.58301211727,73069.02078052542,5980.102228477267,236.8715659999998,1200.0000000000018,1200.0000000000018
2025-06-25,m3,45394.32195091773,54553.41359325219,6352.515403692536,60905.92899694473,1555.8103378516873,236.52018800000013,1200.0000000000018,1200.0000000000018
2025-06-26,m3,44085.81427523104,52608.18748987837,9928.6542039921,62536.841693870476,2171.3614724714066,236.16881000000046,1200.0000000000018,1200.0000000000018
2025-06-27,m3,20817.606678548214,21724.649259047914,3870.4248239939,25595.074083041814,1205.8701541371856,235.8174320000008,1200.0000000000018,1200.0
2025-06-28,m3,17770.00848666968,19583.552864044006,7384.697542441086,26968.25040648509,2235.7548029484587,235.4660539999998,1200.0,1200.0000000000018
2025-06-29,m3,43665.78777910411,54436.71637584855,8860.777810859317,63297.49418670787,1858.6515439201444,235.3588125000001,1200.0000000000018,1200.0000000000018
2025-06-30,m3,45573.53494740363,51405.660842955636,4244.939296881745,55650.60013983738,1152.5236125974352,234.98598750000048,1200.0000000000018,1200.0
2025-07-01,m3,46606.76024112874,56037.90060727566,31101.856663392897,87139.75727066856,8633.618219346698,234.61316250000084,1200.0,1200.0000000000018
2025-07-02,m3,46212.318711697124,51967.31089210391,32916.54163004384,84883.85252214775,8636.027468791148,234.70808724999978,1200.0000000000018,1200.0
2025-07-03,m3,46498.307133560986,53326.08909669762,29761.944566310012,83088.03366300763,7072.106395634179,234.36014575000013,1200.0,1200.0
2025-07-04,m3,23540.65078697358,30102.415293095757,19242.324472566135,49344.73976566189,5571.934900405275,234.09105400000038,1200.0,1200.0
2025-07-05,m3,21448.35757316505,24199.909555068763,19396.331543668814,43596.24109873758,5483.204603732594,233.90081200000054,1200.0,1200.0000000000018
2025-07-06,m3,44932.76816105996,58964.77343579134,32524.204623221973,91488.97805901332,7481.221680420458,233.71057000000002,1200.0000000000018,1200.0
2025-07-07,m3,49848.14166649496,54448.5992616932,12832.064398154318,67280.66365984752,2826.2330550542592,233.52032800000018,1200.0,1200.0000000000018
2025-07-08,m3,51406.86219884032,55331.56390255771,8753.408269633113,64084.97217219083,1808.4783296511723,233.3300860000004,1200.0000000000018,1200.0
2025-07-09,m3,49958.58759943785,53574.398380469276,11611.44235628885,65185.840736758124,2178.394805746671,233.13984400000055,1200.0,1200.0
2025-07-10,m3,49644.69840693431,56829.14504989771,9021.102611744198,65850.2476616419,2026.2980976618978,232.949602,1200.0,1200.0
2025-07-11,m3,27845.731828995034,28396.94207581903,6227.3665970404945,34624.30867285952,1939.5188274530637,232.75936000000019,1200.0,1200.0
2025-07-12,m3,23760.71099813215,30332.1222536376,9693.169028996013,40025.29128263361,3053.959700156231,232.56911800000037,1200.0,1200.0000000000036
2025-07-13,m3,48815.43719728234,49256.6729216118,26899.93706683741,76156.6099884492,5534.263362037747,232.37887600000056,1200.0000000000036,1200.0
2025-07-14,m3,47633.08887755659,52464.688182928665,10483.45147145072,62948.13965437938,2367.449789417035,232.188634,1200.0,1200.0
2025-07-15,m3,48823.36778134841,50592.24210601346,14136.347805036348,64728.58991104981,3992.0123734289923,231.9983920000002,1200.0,1200.0
2025-07-16,m3,47368.31280696096,51316.460719525676,15949.815624401534,67266.27634392721,3493.9806066036786,231.97740625000043,1200.0,1200.0
2025-07-17,m3,46970.80318648655,54418.05654864104,11760.02042553464,66178.07697417568,2654.2215836393143,231.78189475000062,1200.0,1200.0000000000018
2025-07-18,m3,27598.222346311763,28736.67042004231,7010.774034212481,35747.444454254786,2156.475727918352,231.5863832500001,1200.0000000000018,1200.0
2025-07-19,m3,24011.518829432334,25114.764506867163,14514.324506830719,39629.089013697885,4108.4352496330785,234.08675300000027,1200.0,1200.0000000000018
2025-07-20,m3,46701.0670261271,51569.10253771425,14213.772180584798,65782.87471829905,3661.2441466920377,236.93768400000022,1200.0000000000018,1200.0
2025-07-21,m3,46950.70979930238,51538.32555340141,11200.607928936864,62738.933482338274,2985.2836787080914,236.7107087500004,1200.0,1200.0
2025-07-22,m3,48674.40880771929,57445.2192942151,8541.249745845089,65986.46904006018,2110.380270368851,236.64436900000052,1200.0,1200.0
2025-07-23,m3,47459.67001858645,46390.705621871006,31955.782681296543,78346.48830316754,7373.713294300153,236.46694300000001,1200.0,1200.0
2025-07-24,m3,47847.50850919563,47616.25461913676,26508.16497787992,74124.41959701668,6342.03760113624,236.28951700000016,1200.0,1200.0
2025-07-25,m3,27617.10508575393,30388.705074719335,2188.123679617086,32576.82875433642,712.7967716039608,236.1120910000003,1200.0,1200.0
2025-07-26,m3,24590.310866200958,26849.0019471354,5299.41602268238,32148.41796981778,1998.8097293170129,235.9346650000004,1200.0,1199.9999999999982
2025-07-27,m3,47262.33208843267,53298.84148606113,11227.585652053504,64526.42713811463,2541.2200905971445,235.75723899999988,1199.9999999999982,1200.0
2025-07-28,m3,47660.66628579992,54309.14436013817,11297.224587552511,65606.36894769067,3117.3817878502223,235.57981300000006,1200.0,1200.0
2025-07-29,m3,48506.92065333619,60153.44930713179,6769.708010121951,66923.15731725375,1467.6326276304235,235.40238700000015,1200.0,1200.0
2025-07-30,m3,47689.08681745411,64013.10064624627,5092.264844906815,69105.36549115309,1277.616853736506,235.22496100000032,1200.0,1200.0
2025-07-31,m3,48418.70676537185,58941.368882898445,6142.506932154571,65083.87581505302,1330.9113917238365,235.0475349999998,1200.0,1200.0
2025-08-01,m3,26654.058187616705,28118.995545995083,1316.1621419169799,29435.157687912062,383.40118720704675,235.10468324999988,1200.0,1200.0
2025-08-02,m3,24876.614506839393,26198.350082920282,9802.614951400386,36000.96503432067,2401.2283193479993,243.08199600000026,1200.0,1200.0
2025-08-03,m3,47454.67870177144,53444.31130037459,7675.78926804239,61120.10056841698,1769.465175887683,243.37374175000065,1200.0,1200.0
2025-08-04,m3,46863.11513886429,51949.378230699505,13012.090469955443,64961.46870065495,3194.5000664776835,243.7525684999996,1200.0,1200.0
2025-08-05,m3,46051.67572892961,53213.0738855416,5434.464188628255,58647.538074169854,1492.954189501263,244.3120999999998,1200.0,1200.0
2025-08-06,m3,44760.34035311994,48576.29340111271,29427.73452884048,78004.02792995318,6858.886850132683,243.92187325000015,1200.0,1200.0
2025-08-07,m3,44882.07216761805,45883.550927559605,10422.538479162042,56306.08940672164,2900.688542561154,243.51716275000052,1200.0,1200.0
2025-08-08,m3,25657.503923037308,27148.450235959615,1884.9472067236466,29033.39744268326,596.5127933239362,243.11245224999936,1200.0,1200.0
2025-08-09,m3,23467.12294069791,25115.053776221946,4807.8840075016,29922.937783723544,1563.788040979829,242.70774174999974,1200.0,1200.0
2025-08-10,m3,41199.910111943376,44211.30087576079,27035.594768519295,71246.89564428008,6364.581464519091,242.30303125000012,1200.0,1200.0
2025-08-11,m3,43575.95683029718,50414.993267332684,6894.834972223604,57309.828239556286,1822.3831151859044,241.8983207500005,1200.0,1200.0
2025-08-12,m3,43301.3306519814,47497.81842869635,16684.15042318173,64181.96885187808,3998.870020126361,241.49361024999934,1200.0,1200.0
2025-08-13,m3,43556.75883446795,50999.63249164255,6869.343126813545,57868.9756184561,1691.0083784389776,242.29620749999964,1200.0,1200.0
2025-08-14,m3,42999.39399315568,50240.215472807824,12315.258104627821,62555.473577435645,2779.019927317167,241.82627250000007,1200.0,1200.0
2025-08-15,m3,25226.27941873736,26354.975498295178,12030.900563530373,38385.87606182555,3405.7857203184753,241.35633750000056,1200.0,1200.0000000000036
2025-08-16,m3,23331.4765592122,24103.03128342395,9864.152069243144,33967.183352667096,2592.218844972223,242.08701000000087,1200.0000000000036,1200.0
2025-08-17,m3,42452.251254323564,45224.58396459991,11911.223486477445,57135.80745107735,3045.4901491962087,242.09448749999973,1200.0,1200.0
2025-08-18,m3,43079.341509574675,46895.10105451115,15722.49722126888,62617.59827578003,3393.126737124195,241.7074125000001,1200.0,1200.0
2025-08-19,m3,43374.14298646469,48258.442973834055,8665.171699640667,56923.61467347472,2059.6933210852894,241.32033750000048,1200.0,1200.0
2025-08-20,m3,42681.29394829828,46138.3506666973,26087.70732532759,72226.05799202489,6609.508132966195,240.93326250000084,1200.0,1200.0
2025-08-21,m3,43688.340147749645,46096.27105151215,15549.269917083848,61645.540968596,3623.31254243105,240.54618749999975,1200.0,1200.0
2025-08-22,m3,25324.81035961353,26351.38998124223,5600.92868400183,31952.318665244064,1881.6177004154902,240.1591125000001,1200.0,1200.0000000000018
2025-08-23,m3,23920.77133475884,26413.820079206453,3574.3279034878924,29988.147982694347,1235.9990570406299,239.87927025000033,1200.0000000000018,1200.0
2025-08-24,m3,42277.4673267965,47317.676672971196,14778.121336803732,62095.798009774924,3270.7507633446066,244.88049050000075,1200.0,1200.0
2025-08-25,m3,43697.96782410467,42713.09533801325,51529.80715171313,94242.90248972637,12954.47190663587,244.50806749999964,1200.0,1200.0000000000018
2025-08-26,m3,44909.106448951665,50514.27511354827,9828.642715201306,60342.917828749574,2220.8572769886555,244.1356445,1200.0000000000018,1200.0
2025-08-27,m3,44531.098742832095,53458.57384283932,10309.936427492315,63768.51027033164,2149.5104759374944,243.76322150000033,1200.0,1200.0
2025-08-28,m3,44077.45001561018,54481.92568461271,14210.078035867251,68692.00372047996,3612.1292792835297,243.3907985000007,1200.0,1200.0
2025-08-29,m3,26444.639501192934,27710.56709451271,5713.349554601343,33423.91664911405,1981.2829186749323,243.01837549999965,1200.0,1200.0000000000018
2025-08-30,m3,24018.787614310448,25340.053034713605,18429.75619246614,43769.80922717974,4974.092862665595,242.64595249999996,1200.0000000000018,1200.0
2025-08-31,m3,42816.279741138256,49972.78301131404,13778.73898608118,63751.52199739522,3278.557453524889,242.2735295000003,1200.0,1200.0
2025-09-01,m3,44094.34569747234,44660.343729650755,4441.542547829928,49101.886277480684,1740.0237146178886,241.90110650000065,1200.0,1200.0
2025-09-02,m3,41651.595035556296,48232.499794236915,355.5146814977735,48588.014475734686,80.51687456670578,241.5286834999996,1200.0,1200.0000000000018
2025-09-03,m3,41641.124896646754,45296.133809809966,729.193704997617,46025.327514807585,136.77047163962635,241.15626049999992,1200.0000000000018,1200.0
2025-09-04,m3,39406.232689271244,42765.21212952567,6673.300652435953,49438.512781961625,1315.6286467931952,240.7838375000003,1200.0,1200.0
2025-09-05,m3,22436.27237125163,23830.440139842918,25.971285152735224,23856.411424995655,12.147467330559039,240.4114145000006,1200.0,1200.0000000000018
2025-09-06,m3,18271.08800320496,19460.471240327377,4682.097448499747,24142.568688827123,1775.5339259141945,240.98374599999943,1200.0000000000018,1199.9999999999982
2025-09-07,m3,36369.59556546474,44218.308799097555,5901.2883541817555,50119.59715327931,1098.7488329474222,240.61764399999976,1199.9999999999982,1200.0000000000018
2025-09-08,m3,34960.45406354172,39386.81659326955,17888.06657532195,57274.8831685915,4099.743605441936,240.2515420000001,1200.0000000000018,1200.0
2025-09-09,m3,36020.84083420747,43704.71184669619,10207.438644338228,53912.15049103442,1970.49569134697,240.0135450000003,1200.0,1199.9999999999982
2025-09-10,m3,36107.710966523955,40154.68124165412,21273.072143249075,61427.7533849032,5051.017891214591,239.80116900000053,1199.9999999999982,1200.0000000000018
2025-09-11,m3,37059.90197694642,38704.06511202359,19293.853405832655,57997.91851785625,4164.358827539573,239.5887929999999,1200.0000000000018,1200.0
2025-09-12,m3,20493.636998573893,22160.339595839112,1714.3781673791732,23874.717763218287,523.5698567201903,239.37641700000006,1200.0,1200.0000000000036
2025-09-13,m3,18293.103011416737,20395.95343454997,3317.2200162095905,23713.17345075956,1482.4289275571073,243.39272250000042,1200.0000000000036,1200.0
2025-09-14,m3,36686.38544991113,36779.992762782604,25989.873296622674,62769.86605940528,5973.2036647349305,242.92278750000085,1200.0,1200.0
2025-09-15,m3,36841.78344464883,43642.60638230269,9511.38713224179,53153.99351454448,1937.879927301934,242.4528524999995,1200.0,1200.0000000000018
2025-09-16,m3,36256.390619297075,38056.73975238415,30997.378871063367,69054.11862344752,7802.671200503815,241.98291749999996,1200.0000000000018,1199.9999999999982
2025-09-17,m3,37939.355004254496,41205.45548248546,18699.124531017478,59904.580013502935,4191.736576107298,241.5129825000004,1199.9999999999982,1200.0
2025-09-18,m3,36794.28288234152,47953.86811113087,12791.92770394852,60745.795815079386,2603.450021859748,241.04304750000085,1200.0,1200.0000000000018
2025-09-19,m3,21411.703117473022,23484.89556454338,1850.0299478151164,25334.9255123585,835.7664882858935,240.5731124999995,1200.0000000000018,1200.0000000000018
2025-09-20,m3,18743.051559351454,20556.393668187797,4931.642263636626,25488.035931824423,1628.744442477895,240.10317749999993,1200.0000000000018,1200.0000000000018
2025-09-21,m3,38152.7075067661,42049.66400926266,10915.62981753324,52965.2938267959,2281.595463568414,239.6332425000004,1200.0000000000018,1200.0
2025-09-22,m3,37507.55586753819,38569.143296850554,31092.751906097692,69661.89520294825,7800.635866784327,239.16330750000083,1200.0,1200.0000000000018
2025-09-23,m3,37843.329046876956,41183.61796193879,19843.018842543082,61026.636804481874,4383.489179236782,238.69337249999944,1200.0000000000018,1200.0
2025-09-24,m3,38966.231742091935,50055.53213949289,8190.33507268765,58245.86721218054,2105.3285904280597,238.22343749999987,1200.0,1200.0
2025-09-25,m3,38524.67285837805,46172.2634440225,10910.175369812856,57082.43881383535,2721.7688314542693,237.81139425000026,1200.0,1200.0000000000018
2025-09-26,m3,21614.697885172845,23130.65165582133,2939.0467342907896,26069.69839011212,922.3729276118981,237.68880975000036,1200.0000000000018,1199.9999999999982
2025-09-27,m3,18739.811956141682,21751.85612481898,4567.1064899893445,26318.962614808326,1470.381872403527,237.56622525000003,1199.9999999999982,1200.0000000000018
2025-09-28,m3,38509.977690605985,46859.25537171509,8479.26204183717,55338.517413552254,1990.0140497604714,237.44364075000016,1200.0000000000018,1200.0
2025-09-29,m3,38757.95086969004,39878.78800335637,19397.10912991863,59275.897133275,4505.830150180868,237.32105625000025,1200.0,1200.0
2025-09-30,m3,39339.5590294073,46622.6847804462,18769.79737928308,65392.48215972928,4334.128174457947,241.3413002500006,1200.0,1199.9999999999964
2025-10-01,m3,40415.33142384986,43980.11762111455,2652.2901838573653,46632.40780497192,858.4841393859808,240.96115674999947,1199.9999999999964,1200.0
2025-10-02,m3,35966.464889171046,35921.96430338483,13796.037544842628,49718.00184822746,3225.042261935801,240.58101324999984,1200.0,1200.0000000000036
2025-10-03,m3,18986.104920732316,22095.469035019414,1022.4463660911126,23117.915401110527,470.5343204638541,240.20086975000018,1200.0000000000036,1200.0
2025-10-04,m3,17057.3508700267,18001.064970766904,7080.951631466576,25082.01660223348,2073.862389005419,239.82072625000055,1200.0,1200.0000000000073
2025-10-05,m3,37022.26379792798,37803.821560075005,9546.176049435373,47349.99760951038,2594.736880790631,239.44058274999946,1200.0000000000073,1200.0
2025-10-06,m3,37148.651869839014,46731.98480671931,5018.100617660453,51750.085424379766,1129.3179882676286,239.0604392499998,1200.0,1199.9999999999982
2025-10-07,m3,36800.09019070855,44510.15225071421,3823.3702012931517,48333.52245200736,940.1254412314595,238.68029575000014,1199.9999999999982,1199.9999999999982
2025-10-08,m3,34299.98511973252,40243.69421100614,12037.722402212037,52281.41661321818,2532.119011612136,238.3001522500005,1199.9999999999982,1200.0000000000018
2025-10-09,m3,35051.24131252258,34956.03913335717,26764.572257229225,61720.61139058639,6559.386504681783,237.92000875000082,1200.0000000000018,1200.0000000000018
2025-10-10,m3,18023.168847417124,19100.917804945275,2988.6308243537833,22089.548629299057,1118.1435529065348,237.53986524999976,1200.0000000000018,1200.0000000000018
2025-10-11,m3,16294.289213361739,17926.706981427775,5976.344363565004,23903.05134499278,2047.1825290253394,237.15972175000013,1200.0000000000018,1200.0000000000018
2025-10-12,m3,35665.17350273124,40151.01595531136,12075.061776243048,52226.07773155441,2524.9494280687068,236.9142512500003,1200.0000000000018,1200.0
2025-10-13,m3,37208.08863013164,40303.151035043375,19617.78379899909,59920.93483404246,4710.932078871609,237.7654565000003,1200.0,1199.9999999999982
2025-10-14,m3,37963.76027769876,40986.49015294778,19841.00578628313,60827.49593923091,4727.8996157291585,238.7078799999997,1199.9999999999982,1200.0000000000036
2025-10-15,m3,35601.40939011224,37466.73037324456,35637.324153360925,73104.05452660548,8634.26763130451,247.91910449999983,1200.0000000000036,1200.0000000000018
2025-10-16,m3,36443.63174846027,42230.84385507954,26262.905073998983,68493.74892907852,6052.477369677824,253.58356374999988,1200.0000000000018,1200.0
2025-10-17,m3,19011.803443150206,25457.596380356263,1917.3006143854766,27374.89699474174,862.0891741963503,253.48406124999997,1200.0,1199.9999999999964
2025-10-18,m3,17039.951044397018,19145.124975612976,5286.298420162158,24431.423395775135,1865.5285862273931,255.80036299999944,1199.9999999999964,1200.0000000000018
2025-10-19,m3,37372.53866979432,41250.78206783298,24186.96389131511,65437.74595914809,5506.162426763412,255.5273149999997,1200.0000000000018,1200.0000000000018
2025-10-20,m3,40119.17753173907,42582.192774712224,16085.620130445503,58667.81290515773,3611.3286344764642,255.25426699999997,1200.0000000000018,1200.0
2025-10-21,m3,41024.16536192779,46227.118225888524,10609.835084996186,56836.95331088471,2742.8041306503223,254.9812190000002,1200.0,1200.0
2025-10-22,m3,38378.81875202434,44400.36761849371,14226.942944905015,58627.31056339872,3075.0509415009597,254.70817099999945,1200.0,1200.0000000000018
2025-10-23,m3,39480.692023048294,39501.92283546191,31454.63807305308,70956.56090851499,8996.09587640541,254.43512299999975,1200.0000000000018,1200.0
2025-10-24,m3,18683.014131617172,21633.335845983856,3102.866581585082,24736.20242756894,1113.5869876397614,257.61332500000003,1200.0,1200.0
2025-10-25,m3,17405.37388950271,19595.151571563438,5621.919191594604,25217.07076315804,1890.4121444310636,257.3625010000003,1200.0,1200.0000000000018
2025-10-26,m3,40914.4356075665,41978.73720948238,16195.440893840852,58174.17810332323,4171.614397310332,257.11167699999953,1200.0000000000018,1199.9999999999982
2025-10-27,m3,42105.719819715414,50588.17137889853,5523.676836326444,56111.84821522497,1318.8381457947046,259.82709950000003,1199.9999999999982,1200.0
2025-10-28,m3,42435.80830935264,51518.06805897961,4585.732389746233,56103.800448725844,1176.7511943895674,259.75387850000004,1200.0,1200.0000000000036
2025-10-29,m3,39964.89165044777,45279.66583185642,19530.951461859753,64810.617293716175,4979.854433923142,259.54929125000024,1200.0000000000036,1199.9999999999982
2025-10-30,m3,41318.99150290396,48707.75524098138,7841.576050103621,56549.331291085,1903.465676643808,259.3184307499996,1199.9999999999982,1199.9999999999982
2025-10-31,m3,19652.942552705586,21625.211783818213,5326.692613129502,26951.904396947713,1661.4569021746208,259.8041787499999,1199.9999999999982,1199.9999999999945
2025-11-01,m3,17324.329595952928,19682.170841695028,4337.135017311629,24019.305859006658,1330.803349635156,259.75092125,1199.9999999999945,1199.9999999999982
2025-11-02,m3,41559.57163803089,48530.388162107774,15461.86744665101,63992.25560875879,3282.2236019575084,259.69766375,1199.9999999999982,1200.0
2025-11-03,m3,43664.032440321724,46135.436271900086,11183.777393344202,57319.213665244286,3549.964733652654,259.64440625000003,1200.0,1200.0000000000018
2025-11-04,m3,44688.66834677654,52158.61651431637,7338.079241523241,59496.69575583961,1595.7274596448685,259.5911487499999,1200.0000000000018,1200.0
2025-11-05,m3,44166.661576236336,46100.76628586904,18765.36434432707,64866.13063019611,5111.394770624128,259.53789125,1200.0,1200.0
2025-11-06,m3,44195.142753946326,51553.64395292167,8453.78158730638,60007.425540228054,2241.7096621985525,259.48463375000006,1200.0,1200.0000000000018
2025-11-07,m3,20548.650914827325,25399.382206484144,1303.4941204176685,26702.876326901813,571.1129205473571,259.4313762500001,1200.0000000000018,1200.0
2025-11-08,m3,18002.13398512364,19840.6802916116,3817.1218256472466,23657.802117258845,1132.5053606194951,259.37811874999994,1200.0,1200.0000000000055
2025-11-09,m3,44606.763945205974,49712.546428022906,10352.51649322514,60065.06292124804,2306.740424280373,259.32486125,1200.0000000000055,1200.0
2025-11-10,m3,45563.62923199497,52794.28180433085,12927.186132508468,65721.46793683933,2970.872641521012,259.27160375000005,1200.0,1200.0
2025-11-11,m3,46367.683481174245,48352.947153509806,7179.713527326989,55532.660680836794,1751.4502467876575,259.2183462500001,1200.0,1200.0
2025-11-12,m3,46096.77861105209,52727.30917720404,6905.345689421977,59632.65486662602,1653.814562114472,259.16508874999994,1200.0,1200.0
2025-11-13,m3,45904.2086730967,53591.68163599518,7588.038337964566,61179.71997395974,1798.7292274338174,259.11183125,1200.0,1200.0000000000018
2025-11-14,m3,21162.223187658612,24280.058493394594,818.1520550923889,25098.210548486983,367.9184233552829,259.03073925000007,1200.0000000000018,1200.0
2025-11-15,m3,18270.724968037684,19516.68467272356,7945.201306673733,27461.885979397295,2029.4707018057625,259.23107824999994,1200.0,1200.0000000000018
2025-11-16,m3,47055.64628100685,55482.72559132654,6094.986799708497,61577.712391035035,1388.8264652999956,259.1884167499999,1200.0000000000018,1200.0000000000055
2025-11-17,m3,48059.98148321303,59496.53873954613,3534.6871958286074,63031.225935374736,914.4299024316564,259.1457552499999,1200.0000000000055,1200.0
2025-11-18,m3,47611.94250467987,54306.03871625166,8985.965377715125,63292.00409396679,2068.943811334599,259.10309374999997,1200.0,1200.0000000000036
2025-11-19,m3,47584.08142045501,58289.1345905031,7459.710402884832,65748.84499338793,1893.5381895869366,259.06043225,1200.0000000000036,1200.0
2025-11-20,m3,48461.82251854603,56979.204189893084,6431.822630083313,63411.026819976396,1609.0023673144365,259.0177707499999,1200.0,1200.0
2025-11-21,m3,21779.476946544808,28649.81625176929,2128.512337095075,30778.328588864366,893.9634734255674,258.97510924999995,1200.0,1200.0000000000018
2025-11-22,m3,18363.370386810544,19973.05474703559,7987.299811243726,27960.354558279316,2316.8212912411477,258.93244775,1200.0000000000018,1200.0
2025-11-23,m3,48876.301201384,57849.38227649881,6991.125446737045,64840.50772323585,1565.2567992056772,258.88978625000004,1200.0,1200.0000000000018
2025-11-24,m3,48875.32677375211,56407.82142960102,6531.405992183905,62939.227421784926,1475.560757574483,258.8471247499999,1200.0000000000018,1200.0
2025-11-25,m3,48833.61633865182,49971.312088246086,15851.536348572918,65822.84843681901,4059.1018302041966,258.80446325,1200.0,1200.0
2025-11-26,m3,48883.33854026212,55310.277377945735,9789.42238325594,65099.69976120167,2438.1570206683705,258.76180175,1200.0,1200.0
2025-11-27,m3,49470.01824565405,57187.18142469884,5665.887323836428,62853.06874853527,1393.0094450111706,258.71914025000007,1200.0,1200.0000000000018
2025-11-28,m3,21941.117284901928,27015.859625449506,1749.9191755937736,28765.778801043278,623.6698521236499,258.6764787500001,1200.0000000000018,1200.0000000000018
2025-11-29,m3,19233.41863413022,20745.001421507215,15704.506378123102,36449.507799630315,4924.672578651785,258.63381725,1200.0000000000018,1200.0000000000018
2025-11-30,m3,49915.19423820719,57961.73268103373,6883.248696808683,64844.981377842414,1744.6741102653261,258.59115575000004,1200.0000000000018,1200.0
2025-12-01,m3,51107.35476324757,52925.56031037582,31507.676615346325,84433.23692572214,8240.659548887357,258.4617252500002,1200.0,1200.0000000000018
2025-12-02,m3,53564.385314132516,56598.78335052888,24387.761534098903,80986.54488462779,6630.80910718915,258.2455257500004,1200.0000000000018,1200.0
2025-12-03,m3,54346.342679344925,66446.89768894695,8823.30427073226,75270.20195967921,2581.9601017096816,258.02932624999977,1200.0,1200.0000000000018
2025-12-04,m3,55434.35949340601,59215.971184469556,21883.78238618465,81099.7535706542,5302.140850889332,257.81312675,1200.0000000000018,1199.9999999999982
2025-12-05,m3,27127.45484818212,32575.37693740388,5652.454569079104,38227.83150648298,2208.43705899806,257.5969272500002,1199.9999999999982,1200.0000000000018
2025-12-06,m3,22551.444220749294,25951.02701687383,14186.018631170247,40137.04564804408,4363.245370270492,257.3807277500004,1200.0000000000018,1200.0000000000018
2025-12-07,m3,58663.43265759604,60299.150278780275,11369.606503451627,71668.7567822319,2771.5383929970544,257.16452824999976,1200.0000000000018,1200.0
2025-12-08,m3,59584.65862867978,63393.683123879375,4710.578951212117,68104.2620750915,1004.0192830403422,256.94832875,1200.0,1200.0
2025-12-09,m3,59564.47065192695,62474.967826695916,6226.080012252802,68701.04783894873,1219.5266647670237,256.7321292500002,1200.0,1200.0
2025-12-10,m3,59069.47370598548,66562.85393934119,6070.708243042449,72633.56218238364,1454.0948511070906,256.5159297500004,1200.0,1200.0000000000018
2025-12-11,m3,58499.57803273821,61923.040043671375,7196.068126897066,69119.10817056845,1726.1224264986702,256.29973024999975,1200.0000000000018,1200.0
2025-12-12,m3,27813.24141510765,34639.960047224165,6145.756863472583,40785.71691069675,2413.8768208831866,256.0835307499999,1200.0,1200.0000000000018
2025-12-13,m3,25350.50484030442,29386.695696039187,8526.624150383384,37913.31984642257,2551.419401911668,255.86733125000015,1200.0000000000018,1200.0000000000018
2025-12-14,m3,58913.59954920791,68609.19386998515,5383.436484812679,73992.63035479782,1072.3723688606904,255.65113175000036,1200.0000000000018,1199.9999999999982
2025-12-15,m3,59663.19277943686,70247.18401372341,4056.491954877008,74303.67596860042,838.2605286018186,255.43493225000054,1199.9999999999982,1200.0000000000036
2025-12-16,m3,59594.34119868266,64106.41845273989,5838.659725361465,69945.07817810135,1196.3379674246235,255.21873275000075,1200.0000000000036,1199.9999999999982
2025-12-17,m3,59073.73051387834,61225.38731750978,6246.336282418139,67471.72359992792,1494.227995028493,255.00253324999932,1199.9999999999982,1200.0
2025-12-18,m3,58646.45242925949,65653.6323804915,5239.222244413708,70892.85462490522,1217.6646442276895,254.82473499999966,1200.0,1200.0000000000018
2025-12-19,m3,29502.767445348087,36082.78970796795,3790.2314970978123,39873.021205065765,1495.1772029886583,254.6546169999998,1200.0000000000018,1200.0
2025-12-20,m3,25658.036212697054,28972.617696662423,7137.5952887614885,36110.21298542391,2403.764691891857,254.48449899999994,1200.0,1199.9999999999982
2025-12-21,m3,58621.48841804295,64075.90572605143,7718.403954831438,71794.30968088287,1685.9523591873908,254.31438100000008,1199.9999999999982,1200.0
2025-12-22,m3,59660.414670985425,66512.11070774625,6349.272285381353,72861.3829931276,1368.832017660307,254.14426300000025,1200.0,1200.0
2025-12-23,m3,59634.06322329693,62683.24111196721,4270.210068788907,66953.45118075612,866.0329859362788,253.97414500000042,1200.0,1200.0
2025-12-24,m3,57723.98870695632,62848.23076346941,7886.6916133713075,70734.92237684071,1756.6166487144844,253.80402700000056,1200.0,1200.0
2025-12-25,m3,57913.86335474969,66026.88003581726,7623.8404274383465,73650.72046325561,1643.8825127343066,253.6339090000007,1200.0,1199.9999999999982
2025-12-26,m3,28931.188596752025,35181.50006819755,3798.247756946267,38979.747825143815,1403.9169270924895,253.46379099999956,1199.9999999999982,1200.0000000000055
2025-12-27,m3,25675.65776246736,30903.38001268252,4908.040799099948,35811.42081178247,1628.616226261745,253.29367299999973,1200.0000000000055,1200.0
2025-12-28,m3,58737.13522679446,63755.86479689955,5796.138532644898,69552.00332954444,1238.4498855591169,253.12355499999984,1200.0,1200.0000000000018
2025-12-29,m3,59092.22352381938,67486.79999638397,3967.056107173878,71453.85610355785,845.612849059905,252.95343700000004,1200.0000000000018,1200.0000000000018
2025-12-30,m3,58732.0343242915,63041.240282777566,4098.810998404177,67140.05128118175,890.9752908918963,252.78331900000018,1200.0000000000018,1200.0
2025-12-31,m3,60088.65174808407,65428.97501981755,7427.845588421285,72856.82060823884,1702.2626455488437,252.61320100000034,1200.0,6000.0
