family,date,method,plan_cost_yuan,contract_cost_yuan,emergency_cost_yuan,total_cost_yuan,emergency_kwh,soc_start_kwh,soc_end_kwh
Q4-3,2025-02-01,m1,31587.228524970044,32984.10215309616,1418.0507149466534,34402.15286804281,596.6286070342785,6000.0,6000.0
Q4-3,2025-02-02,m1,71470.47721122717,75852.0486130199,2549.107437655775,78401.15605067568,449.14972085303566,6000.0,6000.0
Q4-3,2025-02-03,m1,69123.7029967489,70797.24562430025,9088.187013053706,79885.43263735395,1866.8312913562108,6000.0,6000.0
Q4-3,2025-02-04,m1,69008.37892570868,72351.82046811169,18164.80480903241,90516.6252771441,3678.4090008354856,6000.0,6000.0
Q4-3,2025-02-05,m1,68976.86344682588,75963.69529170875,4985.021324210493,80948.71661591924,1106.5449801316877,6000.0,6000.0
Q4-3,2025-02-06,m1,68817.70697650051,70441.55932690293,21391.728862846,91833.28818974894,4247.3079508693645,6000.0,6000.0
Q4-3,2025-02-07,m1,32584.586336106673,34314.59893416098,1197.0458319490835,35511.64476611007,665.4694903142299,6000.0,6000.0
Q4-3,2025-02-08,m1,29276.19815861414,32405.92162850306,1660.9525977034516,34066.87422620651,882.2716918879578,6000.0,6000.0
Q4-3,2025-02-09,m1,66304.32867395155,71267.00964960645,10032.09101886947,81299.10066847592,1989.2021814742182,6000.0,6000.0
Q4-3,2025-02-10,m1,65367.89815213249,67690.2987665587,5245.362396331358,72935.66116289006,1220.753562815545,6000.0,6000.0
Q4-3,2025-02-11,m1,64865.21243635936,67921.34571621858,14270.033677757256,82191.37939397583,2882.520381616755,6000.0,6000.0
Q4-3,2025-02-12,m1,64724.517389253044,65595.92589373776,10922.141468457203,76518.06736219497,2267.2266470802,6000.0,6000.0
Q4-3,2025-02-13,m1,63340.90577685274,67256.628696562,5205.407673537004,72462.036370099,1195.6151922188865,6000.0,6000.0
Q4-3,2025-02-14,m1,30119.27746419934,32066.027629913024,2051.102759376113,34117.13038928914,1023.4428876091597,6000.0,6000.0
Q4-3,2025-02-15,m1,27960.92642600065,29918.830299416437,2972.259406477506,32891.089705893944,1274.487086012742,6000.0,6000.0
Q4-3,2025-02-16,m1,62587.35675324666,63008.353585217024,19587.36583318906,82595.71941840608,4182.124108712758,6000.0,6000.0
Q4-3,2025-02-17,m1,60850.37349267109,61859.34569228546,7453.662666117327,69313.00835840279,1637.4138995467133,6000.0,6000.0
Q4-3,2025-02-18,m1,59727.348026165026,66907.19707949106,6299.707005788991,73206.90408528005,1290.3655019540565,6000.0,6000.0
Q4-3,2025-02-19,m1,59554.71303629757,65526.15905768677,10710.871876605917,76237.03093429268,2245.848360320997,6000.0,6000.0
Q4-3,2025-02-20,m1,60441.55236152499,63815.72778909752,8595.926597486738,72411.65438658425,1715.962822394305,6000.0,6000.0
Q4-3,2025-02-21,m1,28995.587061049766,31253.02576164659,2174.3078152277894,33427.33357687438,1152.3329707124394,6000.0,6000.0
Q4-3,2025-02-22,m1,27113.461472434337,29171.008843118554,2197.338663693533,31368.347506812086,1011.7498906505668,6000.0,6000.0
Q4-3,2025-02-23,m1,59303.47295583659,63596.026077205344,9664.380132261209,73260.40620946656,2209.0791694234003,6000.0,6000.0
Q4-3,2025-02-24,m1,58317.30471395874,62711.007167456046,13351.242288275853,76062.2494557319,2817.361743038576,6000.0,6000.0
Q4-3,2025-02-25,m1,57918.28269409761,58228.91713715092,8748.273503721002,66977.19064087192,1932.1984927929777,6000.0,6000.0
Q4-3,2025-02-26,m1,57183.112291708545,63939.08485182202,5542.633965751593,69481.71881757362,1288.836654096921,6000.0,6000.0
Q4-3,2025-02-27,m1,56537.84365045423,62131.42658118985,6652.692267376194,68784.11884856604,1244.8032745821795,6000.0,6000.0
Q4-3,2025-02-28,m1,27943.024878345303,30691.454564767864,1766.465770210148,32457.92033497801,887.8698141399896,6000.0,6000.0
Q4-3,2025-03-01,m1,25717.22942837202,27025.328560278867,1231.0424991726754,28256.371059451543,535.8246683336159,6000.0,6000.0
Q4-3,2025-03-02,m1,55809.2930789532,61973.711418474646,23105.769775530956,85079.48119400561,4571.725166496507,6000.0,6000.0
Q4-3,2025-03-03,m1,55077.45179729583,59155.96216318503,20392.28797680728,79548.2501399923,4098.327122440823,6000.0,6000.0
Q4-3,2025-03-04,m1,56197.461089828146,62825.471520262014,7659.373369563589,70484.8448898256,1817.2268994950819,6000.0,6000.0
Q4-3,2025-03-05,m1,55824.75982249729,58492.38124924983,8306.507068924333,66798.88831817417,1732.3661767688059,6000.0,6000.0
Q4-3,2025-03-06,m1,54745.00295366971,60124.81290916035,8367.509677953525,68492.32258711387,1900.2252071865173,6000.0,6000.0
Q4-3,2025-03-07,m1,25976.649097327947,27418.819535264465,1602.9206460155294,29021.740181279994,715.8644354677383,6000.0,6000.0
Q4-3,2025-03-08,m1,24208.085773685074,26603.399749034128,1522.8287212282064,28126.228470262333,645.2870329565784,6000.0,6000.0
Q4-3,2025-03-09,m1,55491.841012277524,59186.76070274851,6161.726437650015,65348.48714039852,1468.221342491404,6000.0,6000.0
Q4-3,2025-03-10,m1,54053.040411954076,60904.78761362528,7769.723426770246,68674.51104039553,1878.967542328343,6000.0,6000.0
Q4-3,2025-03-11,m1,53605.39998458106,65301.576698521385,6231.778079150553,71533.35477767194,1465.7912263075632,6000.0,6000.0
Q4-3,2025-03-12,m1,52873.10159516303,55143.677397842686,11696.394514400552,66840.07191224323,2786.5109012563917,6000.0,6000.0
Q4-3,2025-03-13,m1,52404.3737495464,57180.83570674073,14247.726482221624,71428.56218896236,2994.0899827800804,6000.0,6000.0
Q4-3,2025-03-14,m1,24843.1824892159,26659.021743241567,1587.759940959868,28246.781684201436,697.5578026811861,6000.0,6000.0
Q4-3,2025-03-15,m1,22913.375479409122,25149.547976773985,4904.23953236048,30053.787509134465,1493.1153711613385,6000.0,6000.0
Q4-3,2025-03-16,m1,53078.18929202585,58941.20562029907,8057.485896659045,66998.69151695812,1977.1553491073514,6000.0,6000.0
Q4-3,2025-03-17,m1,51386.700887582374,56261.71575670442,4274.271753297159,60535.98751000158,1032.5715597072267,6000.0,6000.0
Q4-3,2025-03-18,m1,50603.64153122439,52815.41612680707,12279.302345315155,65094.71847212222,2504.268903543655,6000.0,6000.0
Q4-3,2025-03-19,m1,50306.583474562125,59942.06619908329,6000.7192466390225,65942.78544572231,1566.0533686188792,6000.0,6000.0
Q4-3,2025-03-20,m1,50755.96558749813,55710.81606773335,16859.90591390103,72570.72198163439,4049.383153663703,6000.0,6000.0
Q4-3,2025-03-21,m1,24386.653812451717,26693.778645521154,1438.4678546846108,28132.246500205765,681.9405916220405,6000.0,6000.0
Q4-3,2025-03-22,m1,21845.25322112597,23215.201589116838,3711.2507306560806,26926.452319772918,1228.0084308598136,6000.0,6000.0
Q4-3,2025-03-23,m1,49709.43674099056,51933.08544410879,11533.20384491943,63466.28928902822,2705.4946140225506,6000.0,6000.0
Q4-3,2025-03-24,m1,49544.05282067983,53849.302434991965,5372.12954389713,59221.43197888909,1364.772796626707,6000.0,6000.0
Q4-3,2025-03-25,m1,49801.42982058923,52181.69472936602,12653.193673583686,64834.888402949706,3065.508341750293,6000.0,6000.0
Q4-3,2025-03-26,m1,49526.03108967186,54890.46118650377,9253.229747494326,64143.6909339981,2431.2379236607458,6000.0,6000.0
Q4-3,2025-03-27,m1,48958.38028518151,50689.560970519655,9576.35821227491,60265.91918279456,2363.2753864607657,6000.0,6000.0
Q4-3,2025-03-28,m1,23896.8994486389,25022.62256479596,2424.733379113215,27447.355943909177,799.1375743401361,6000.0,6000.0
Q4-3,2025-03-29,m1,21625.235860810702,23451.98652727409,3472.444058230377,26924.430585504466,1051.859722640688,6000.0,6000.0
Q4-3,2025-03-30,m1,47504.29314829521,49759.18702506648,10048.68930952318,59807.87633458966,2407.6299744509315,6000.0,6000.0
Q4-3,2025-03-31,m1,47771.970306326686,54563.76984276731,7168.218284077386,61731.98812684469,1613.709329467791,6000.0,6000.0
Q4-3,2025-04-01,m1,47740.097486891595,51510.32076146043,8954.16044134014,60464.48120280057,2043.2845050282535,6000.0,6000.0
Q4-3,2025-04-02,m1,46771.9355517722,51261.694715503,14831.785731456726,66093.48044695973,3155.2620607039516,6000.0,6000.0
Q4-3,2025-04-03,m1,48601.5686128473,49877.88377494981,14333.800476694087,64211.6842516439,3404.6428550340634,6000.0,6000.0
Q4-3,2025-04-04,m1,22853.75706902938,24486.267830646517,1638.089847035999,26124.357677682514,722.8632483509182,6000.0,6000.0
Q4-3,2025-04-05,m1,21212.336983228146,22931.10254533151,4242.4046035717765,27173.507148903285,1367.7919703533923,6000.0,6000.0
Q4-3,2025-04-06,m1,46785.209662541405,51851.2252984549,6033.898925988811,57885.12422444371,1282.338010253922,6000.0,6000.0
Q4-3,2025-04-07,m1,46731.820745680045,52625.5177994599,4734.514508770408,57360.03230823031,1208.0465203141962,6000.0,6000.0
Q4-3,2025-04-08,m1,46814.002191053136,49610.95854871942,12898.527269873983,62509.4858185934,2901.3282646125263,6000.0,6000.0
Q4-3,2025-04-09,m1,46993.44107669467,51544.68184248219,11683.571955180983,63228.25379766317,2894.820662951448,6000.0,6000.0
Q4-3,2025-04-10,m1,47246.40575717649,49654.99375970706,15736.166880658611,65391.16064036567,3424.69241472187,6000.0,6000.0
Q4-3,2025-04-11,m1,22377.73402613404,25003.18905031104,1853.075742681614,26856.264792992653,878.9918967497557,6000.0,6000.0
Q4-3,2025-04-12,m1,20701.533089174543,21536.667197051967,3617.30583401903,25153.973031070997,1220.477508411462,6000.0,6000.0
Q4-3,2025-04-13,m1,45621.324250777325,50561.26932785037,8439.11529548646,59000.38462333683,1822.138419320525,6000.0,6000.0
Q4-3,2025-04-14,m1,45328.923670187854,45143.66345450121,14311.342494609515,59455.005949110724,3477.481142619736,6000.0,6000.0
Q4-3,2025-04-15,m1,45369.06206144691,50849.07905175002,5470.93616119221,56320.015212942235,1141.446047475182,6000.0,6000.0
Q4-3,2025-04-16,m1,45371.07569578742,49895.36924709091,7642.520812637114,57537.89005972802,1875.0900461541264,6000.0,6000.0
Q4-3,2025-04-17,m1,45090.492315579395,51391.42281745504,9596.206504969234,60987.62932242427,2029.6334864495254,6000.0,6000.0
Q4-3,2025-04-18,m1,21488.89015438909,22998.74661715841,2563.302597173054,25562.049214331462,1124.3332689356248,6000.0,6000.0
Q4-3,2025-04-19,m1,20021.539318700918,22114.342241230872,3627.6301495704365,25741.972390801307,1355.3489123154277,6000.0,6000.0
Q4-3,2025-04-20,m1,44007.708950122484,49724.774985211174,6617.5440654949425,56342.319050706115,1569.668705271917,6000.0,6000.0
Q4-3,2025-04-21,m1,43936.45711533063,45878.98908595273,9263.444950649842,55142.43403660257,2249.015540881817,6000.0,6000.0
Q4-3,2025-04-22,m1,43896.49146168889,48361.921706597896,5587.409220594338,53949.33092719223,1357.0893891879132,6000.0,6000.0
Q4-3,2025-04-23,m1,44714.02254230331,53742.19277724274,7322.590663157435,61064.78344040017,1738.3958798087406,6000.0,6000.0
Q4-3,2025-04-24,m1,43830.67369143029,47814.833467571356,8217.749576041617,56032.583043612976,1674.8822701257502,6000.0,6000.0
Q4-3,2025-04-25,m1,20611.61607726801,21670.453937513706,1762.0961801411802,23432.550117654886,780.7328550993307,6000.0,6000.0
Q4-3,2025-04-26,m1,19833.4336754124,21304.541661611514,3400.797444578867,24705.339106190382,1137.8494179755346,6000.0,6000.0
Q4-3,2025-04-27,m1,42745.846930652864,50701.294855898974,6317.059621066561,57018.354476965535,1531.2565391877383,6000.0,6000.0
Q4-3,2025-04-28,m1,43085.63865205512,47736.136299013015,10865.540062502114,58601.67636151513,2664.0933662901934,6000.0,6000.0
Q4-3,2025-04-29,m1,42706.15619472055,49784.999867544146,4949.75201515954,54734.751882703684,1093.4679763062109,6000.0,6000.0
Q4-3,2025-04-30,m1,42203.370240484976,46708.31566332466,8235.700968444893,54944.016631769555,1885.600787615464,6000.0,6000.0
Q4-3,2025-05-01,m1,42896.19775088514,49745.74811416573,24712.09635497395,74457.84446913969,5113.245318739152,6000.0,6000.0
Q4-3,2025-05-02,m1,21709.173243334044,22605.179127507472,9122.359375693737,31727.53850320121,2580.525921840821,6000.0,6000.0
Q4-3,2025-05-03,m1,20680.678499787202,21622.61821896292,12220.862701663878,33843.4809206268,3181.926759676587,6000.0,6000.0
Q4-3,2025-05-04,m1,45011.54479176008,46031.33561337918,18412.691469170317,64444.027082549495,4035.847281472466,6000.0,6000.0
Q4-3,2025-05-05,m1,45396.45631957559,47196.406313801635,22595.593364390552,69791.9996781922,4882.675068410561,6000.0,6000.0
Q4-3,2025-05-06,m1,46279.05327971325,54377.60219762218,11157.887079253976,65535.48927687616,2654.712576345401,6000.0,6000.0
Q4-3,2025-05-07,m1,45886.50009675493,52487.29331546238,17110.168049320964,69597.46136478335,3512.5715856983384,6000.0,6000.0
Q4-3,2025-05-08,m1,46637.73851924608,50752.259928300286,10738.008605944056,61490.268534244344,2193.558684278812,6000.0,6000.0
Q4-3,2025-05-09,m1,22989.031587233214,25033.036218320332,2119.852041626756,27152.88825994709,738.1794527905574,6000.0,6000.0
Q4-3,2025-05-10,m1,21039.310458497792,22808.939373483696,8491.345483079156,31300.284856562852,2322.88531727961,6000.0,6000.0
Q4-3,2025-05-11,m1,46280.89985226753,50976.313419908,11097.692028166552,62074.00544807455,2509.5662619202935,6000.0,6000.0
Q4-3,2025-05-12,m1,46313.78025614096,54504.0232993729,5894.113197438657,60398.13649681156,1445.1924385396426,6000.0,6000.0
Q4-3,2025-05-13,m1,45839.1638208213,49495.801290737596,9146.661973172788,58642.46326391038,1835.252157165221,6000.0,6000.0
Q4-3,2025-05-14,m1,45198.387513630194,50509.34788986133,11720.098964672958,62229.44685453429,2541.9970135420713,6000.0,6000.0
Q4-3,2025-05-15,m1,45343.324531940816,48922.1842338098,13785.619773877299,62707.8040076871,3128.960499252057,6000.0,6000.0
Q4-3,2025-05-16,m1,22701.469321742796,23965.437684119526,3971.1426605808056,27936.58034470033,1430.4430621020854,6000.0,6000.0
Q4-3,2025-05-17,m1,21112.69099909458,22296.05068435772,7384.29415169415,29680.34483605187,2174.8027273531643,6000.0,6000.0
Q4-3,2025-05-18,m1,44754.72009291662,47700.73980311623,9357.890132686422,57058.62993580265,2398.5302304866254,6000.0,6000.0
Q4-3,2025-05-19,m1,44897.72120644484,49481.14090842984,7517.824285350266,56998.96519378011,1630.6295614043493,6000.0,6000.0
Q4-3,2025-05-20,m1,44712.28476215286,50404.63283172269,9134.84153147666,59539.47436319935,1886.620673435496,6000.0,6000.0
Q4-3,2025-05-21,m1,44152.61916906727,52745.09116420332,8992.774395109082,61737.8655593124,2075.919455521226,6000.0,6000.0
Q4-3,2025-05-22,m1,44287.46555124021,46671.02983011972,8821.513011998031,55492.54284211775,1830.672439343657,6000.0,6000.0
Q4-3,2025-05-23,m1,22142.1603171116,24242.970873203467,2429.3310938812538,26672.30196708472,1084.673524943117,6000.0,6000.0
Q4-3,2025-05-24,m1,20915.099684829307,21764.044479206194,5246.775621205405,27010.820100411598,1619.3762667992075,6000.0,6000.0
Q4-3,2025-05-25,m1,44346.3915010523,48639.91148256032,7927.922622986109,56567.834105546426,1745.932735461691,6000.0,6000.0
Q4-3,2025-05-26,m1,44022.78241696684,52567.58472032785,8105.610173391346,60673.1948937192,1833.6204145770703,6000.0,6000.0
Q4-3,2025-05-27,m1,44827.30241753685,51114.92127305437,7419.969965392547,58534.89123844692,1781.274981279867,6000.0,6000.0
Q4-3,2025-05-28,m1,44400.34249409509,48992.38760117965,7662.542934124247,56654.9305353039,1767.836793598193,6000.0,6000.0
Q4-3,2025-05-29,m1,45034.0236287577,50127.867393477936,10515.81476839375,60643.682161871686,2188.3278425840854,6000.0,6000.0
Q4-3,2025-05-30,m1,22625.47069900954,24307.42599010163,911.8841303169639,25219.310120418595,505.4272374048704,6000.0,6000.0
Q4-3,2025-05-31,m1,20760.18246832169,20988.12920336674,5790.358848739272,26778.48805210601,1963.3163402436974,6000.0,6000.0
Q4-3,2025-06-01,m1,47143.90618321407,51716.76923094401,62500.6720068595,114217.44123780352,13907.313412941405,6000.0,6000.0
Q4-3,2025-06-02,m1,48573.28743407488,50722.26935884983,58893.70561617233,109615.97497502217,12678.555705269353,6000.0,6000.0
Q4-3,2025-06-03,m1,52003.96567564838,57004.0599871891,28047.995667534247,85052.05565472334,6234.699570424588,6000.0,6000.0
Q4-3,2025-06-04,m1,52533.608532489015,53411.876798231344,38900.3463494086,92312.22314763995,8673.205042754686,6000.0,6000.0
Q4-3,2025-06-05,m1,54789.781643008966,63332.48408827375,19385.457385757887,82717.94147403163,4089.52717036991,6000.0,6000.0
Q4-3,2025-06-06,m1,28559.614273697083,29730.493709122158,10622.94416484125,40353.43787396341,3377.583376463323,6000.0,6000.0
Q4-3,2025-06-07,m1,24740.18868950774,26404.31530997413,19709.135666282877,46113.45097625701,5146.686558635349,6000.0,6000.0
Q4-3,2025-06-08,m1,55622.1688252641,61930.85081749015,21140.960016741967,83071.81083423212,3974.8065769048944,6000.0,6000.0
Q4-3,2025-06-09,m1,58310.8109726308,60552.09621560864,22234.024685041484,82786.12090065013,4185.787610778199,6000.0,6000.0
Q4-3,2025-06-10,m1,58753.58735712916,68036.1640773994,8655.747871598389,76691.91194899779,2032.6338942588686,6000.0,6000.0
Q4-3,2025-06-11,m1,60376.57489403125,69919.91359785534,20677.091368273323,90597.00496612866,4055.693511239464,6000.0,6000.0
Q4-3,2025-06-12,m1,62794.84845924316,68930.86600058326,12122.887351862313,81053.75335244558,2424.3805122596896,6000.0,6000.0
Q4-3,2025-06-13,m1,31357.87291029189,34188.529166660664,1732.3007120732436,35920.82987873391,913.4845197923221,6000.0,6000.0
Q4-3,2025-06-14,m1,27244.58658488639,29090.316685918653,10259.495370116678,39349.81205603533,3046.232646344882,6000.0,6000.0
Q4-3,2025-06-15,m1,57231.9792242752,69047.20411314612,11106.046965436075,80153.2510785822,2031.844759929807,6000.0,6000.0
Q4-3,2025-06-16,m1,60278.620248648454,69705.86329197287,12114.687044844892,81820.55033681776,2649.9638797699495,6000.0,6000.0
Q4-3,2025-06-17,m1,60914.544656729355,71251.61924143902,20109.935387882695,91361.55462932172,4084.044666328473,6000.0,6000.0
Q4-3,2025-06-18,m1,61611.29604653251,70027.90295567564,7572.129094904843,77600.03205058048,1619.2981664053486,6000.0,6000.0
Q4-3,2025-06-19,m1,59112.2489809322,66784.523291888,12149.458641718544,78933.98193360656,2347.438636911174,6000.0,6000.0
Q4-3,2025-06-20,m1,30916.345174100516,32988.41774677819,1409.2499416713804,34397.667688449576,577.0694408836329,6000.0,6000.0
Q4-3,2025-06-21,m1,26604.166945021236,27837.40244212492,6950.738049440615,34788.14049156554,2131.963848163271,6000.0,6000.0
Q4-3,2025-06-22,m1,56663.13228927078,64730.945386010535,8268.552322931866,72999.4977089424,1744.7227313878648,6000.0,6000.0
Q4-3,2025-06-23,m1,58103.60159718339,64676.638485992175,10352.600998033864,75029.23948402604,2171.562280214375,6000.0,6000.0
Q4-3,2025-06-24,m1,59620.413277246844,65215.9440954578,24086.449348994014,89302.39344445182,5046.820026540932,6000.0,6000.0
Q4-3,2025-06-25,m1,58657.33720039678,68692.40618089303,6780.172925136745,75472.57910602978,1555.8103378516876,6000.0,6000.0
Q4-3,2025-06-26,m1,57490.193327480476,66234.72300640162,10619.92518562979,76854.64819203141,2171.3614724714066,6000.0,6000.0
Q4-3,2025-06-27,m1,28394.01452956339,28586.85762078241,1924.363492461299,30511.22111324371,751.9141812304549,6000.0,6000.0
Q4-3,2025-06-28,m1,26003.07482818543,27341.377047571303,5410.841846603398,32752.2188941747,1850.072105779649,6000.0,6000.0
Q4-3,2025-06-29,m1,56815.538669472226,68349.6516125834,9463.39765611551,77813.04926869892,1858.6515439201444,6000.0,6000.0
Q4-3,2025-06-30,m1,59031.94226943859,65242.02256365178,4624.448042162268,69866.47060581404,1152.5236125974357,6000.0,6000.0
Q4-3,2025-07-01,m1,66678.60189167099,77828.26691698219,37323.44718552237,115151.71410250456,8633.618219346698,6000.0,6000.0
Q4-3,2025-07-02,m1,65988.2705077368,72252.57899926676,39607.07038280115,111859.6493820679,8636.027468791148,6000.0,6000.0
Q4-3,2025-07-03,m1,67164.08958262962,74759.7646596266,35912.44029252543,110672.20495215204,7068.414410888622,6000.0,6000.0
Q4-3,2025-07-04,m1,35811.78974232264,38313.52552744782,20563.91678467825,58877.44231212607,5571.934900405275,6000.0,6000.0
Q4-3,2025-07-05,m1,33340.9401033218,34976.12332808536,19853.304929189253,54829.428257274616,5460.906522361276,6000.0,6000.0
Q4-3,2025-07-06,m1,65269.33647518273,81924.3616476788,39894.290234229265,121818.65188190807,7481.221680420457,6000.0,6000.0
Q4-3,2025-07-07,m1,70404.56567220474,75136.52722424624,15475.404596646611,90611.93182089285,2826.2330550542592,6000.0,6000.0
Q4-3,2025-07-08,m1,72723.57778137541,78190.52285414003,10583.244626438478,88773.7674805785,1808.4783296511723,6000.0,6000.0
Q4-3,2025-07-09,m1,71191.0366739477,74840.41998486868,13603.909831292853,88444.32981616154,2077.916090306401,6000.0,6000.0
Q4-3,2025-07-10,m1,71123.16391443324,79149.9316259931,11023.528349091877,90173.45997508497,2026.2980976618978,6000.0,6000.0
Q4-3,2025-07-11,m1,40255.87607882683,40761.204204012305,3417.723269899535,44178.92747391184,1176.8909463279049,6000.0,6000.0
Q4-3,2025-07-12,m1,35909.96330017742,38901.501944722644,10292.349377325128,49193.851322047776,3036.3394890649415,6000.0,6000.0
Q4-3,2025-07-13,m1,68893.60001778544,70032.15097720831,30546.459906171076,100578.61088337938,5514.518771026163,6000.0,6000.0
Q4-3,2025-07-14,m1,69195.91674938201,75438.81252633035,11178.567192676352,86617.3797190067,1916.4434797367462,6000.0,6000.0
Q4-3,2025-07-15,m1,69969.95515607324,72475.8994047771,9646.351724144282,82122.25112892137,1789.2522648571216,6000.0,6000.0
Q4-3,2025-07-16,m1,67894.07999942952,71488.40380175853,18640.058278975957,90128.46208073449,3493.980606603678,6000.0,6000.0
Q4-3,2025-07-17,m1,67737.65802731417,75571.16511172608,13378.93039690485,88950.09550863093,2566.394119338036,6000.0,6000.0
Q4-3,2025-07-18,m1,39368.3191294065,40350.795541955034,2770.1439602809432,43120.939502235975,1086.496158029834,6000.0,6000.0
Q4-3,2025-07-19,m1,36026.51793525383,36896.69645323693,9213.987697237255,46110.68415047419,2627.556935063716,6000.0,6000.0
Q4-3,2025-07-20,m1,67521.93244946607,73863.8465866695,6989.1268400801255,80852.97342674962,1180.2855926175257,6000.0,6000.0
Q4-3,2025-07-21,m1,68224.3818462922,73674.01902117906,10841.165635406951,84515.18465658602,2164.919275392815,6000.0,6000.0
Q4-3,2025-07-22,m1,69503.59784714755,77900.7609601869,10401.916125579446,88302.67708576635,2110.3802703688516,6000.0,6000.0
Q4-3,2025-07-23,m1,67983.004660279,68129.20700335047,28332.736445719398,96461.94344906986,5435.588526951384,6000.0,6000.0
Q4-3,2025-07-24,m1,68810.26290397912,69671.35496075013,21743.808138008,91415.16309875813,4296.18776600405,6000.0,6000.0
Q4-3,2025-07-25,m1,39169.88349037776,40619.54318085612,2002.1083999214588,42621.65158077758,675.9464061007524,6000.0,6000.0
Q4-3,2025-07-26,m1,36601.30629886291,38375.44369723476,4287.8012227449835,42663.24491997974,1504.1844999704385,6000.0,6000.0
Q4-3,2025-07-27,m1,67932.32537573915,75026.12989311016,12932.706668500208,87958.83656161037,2541.220090597145,6000.0,6000.0
Q4-3,2025-07-28,m1,68314.19499404641,75605.83553960267,10815.989264540729,86421.8248041434,2199.5033840629644,6000.0,6000.0
Q4-3,2025-07-29,m1,69009.34923562182,81820.9410957055,8292.790450054286,90113.73154575977,1467.6326276304235,6000.0,6000.0
Q4-3,2025-07-30,m1,69139.3851995297,86234.11503233426,6186.039631362688,92420.15466369694,1277.616853736506,6000.0,6000.0
Q4-3,2025-07-31,m1,69468.76716656898,80040.94308088715,7450.314981215801,87491.25806210295,1330.9113917238365,6000.0,6000.0
Q4-3,2025-08-01,m1,38473.874274068985,39570.26540634054,1436.535608503545,41006.80101484409,383.40118720704686,6000.0,6000.0
Q4-3,2025-08-02,m1,36347.21139574959,37410.756010084966,3301.799194107868,40712.55520419283,851.0181693479996,6000.0,6000.0
Q4-3,2025-08-03,m1,67264.71175996779,72457.22776050569,9262.927751593514,81720.1555120992,1769.4651758876832,6000.0,6000.0
Q4-3,2025-08-04,m1,66173.73408362883,71516.16459760568,14715.27773454958,86231.44233215526,3194.5000664776835,6000.0,6000.0
Q4-3,2025-08-05,m1,65888.01233503142,72528.33202217944,6458.265248959233,78986.59727113867,1492.954189501263,6000.0,6000.0
Q4-3,2025-08-06,m1,65080.748862288085,69372.22314406635,29419.230638991845,98791.45378305818,5968.788324163416,6000.0,6000.0
Q4-3,2025-08-07,m1,65105.98201354113,68698.69766672561,9176.19439020383,77874.89205692944,1954.368124591647,6000.0,6000.0
Q4-3,2025-08-08,m1,36671.8956068069,37876.75929291595,1719.2633057574144,39596.022598673364,550.7546213279387,6000.0,6000.0
Q4-3,2025-08-09,m1,35222.43724961493,36482.21169766962,4364.380020485638,40846.59171815526,1465.073780262991,6000.0,6000.0
Q4-3,2025-08-10,m1,63426.37767061066,66818.01010761259,14648.70117409275,81466.71128170534,2949.4368348146477,6000.0,6000.0
Q4-3,2025-08-11,m1,63178.0502396926,69926.92409726513,8163.049724824637,78089.97382208977,1798.6382920565807,6000.0,6000.0
Q4-3,2025-08-12,m1,64165.91090479035,69853.99542430752,10804.69747510338,80658.6928994109,2110.375097259869,6000.0,6000.0
Q4-3,2025-08-13,m1,64363.67992158649,70358.90281421397,7721.8207594208425,78080.72357363481,1585.9424503120713,6000.0,6000.0
Q4-3,2025-08-14,m1,64015.8087913535,69946.45339148001,14152.310930307745,84098.76432178776,2745.5300176951114,6000.0,6000.0
Q4-3,2025-08-15,m1,36943.68361459105,37910.263117259485,3488.387462483882,41398.650579743364,1454.9799159379806,6000.0,6000.0
Q4-3,2025-08-16,m1,35127.473804479065,35690.328467081694,7309.465739617161,42999.794206698854,2027.874936057312,6000.0,6000.0
Q4-3,2025-08-17,m1,63460.77460782784,66976.26126598807,10012.16471020798,76988.42597619604,1965.6474436936962,6000.0,6000.0
Q4-3,2025-08-18,m1,64253.398676949786,67225.96041570902,16155.806809468828,83381.76722517784,3042.76618215042,6000.0,6000.0
Q4-3,2025-08-19,m1,64287.39404249345,67692.34243303047,10342.959829272757,78035.30226230323,2059.6933210852894,6000.0,6000.0
Q4-3,2025-08-20,m1,64593.404244660036,70459.73038237543,13640.090756012905,84099.82113838833,2652.3214796979237,6000.0,6000.0
Q4-3,2025-08-21,m1,64326.87015642013,67348.23313516838,11550.806887540819,78899.0400227092,2243.0826844111143,6000.0,6000.0
Q4-3,2025-08-22,m1,36968.46031838877,37749.76915686599,3901.1382568488634,41650.90741371485,1271.3472392401586,6000.0,6000.0
Q4-3,2025-08-23,m1,35345.15752548616,37298.90889821212,3078.005054426005,40376.91395263812,1135.3374113819184,6000.0,6000.0
Q4-3,2025-08-24,m1,63741.535600667616,68850.40627396251,14080.852888456326,82931.25916241884,2743.0327426651247,6000.0,6000.0
Q4-3,2025-08-25,m1,65209.53940774809,66009.36169017415,25293.738175693645,91303.09986586779,5300.418511479289,6000.0,6000.0
Q4-3,2025-08-26,m1,65344.98749712016,69757.32726094828,11334.308795907946,81091.63605685622,2220.857276988655,6000.0,6000.0
Q4-3,2025-08-27,m1,65340.76155216151,73254.0478820671,11631.917318497744,84885.96520056484,2126.9476727836472,6000.0,6000.0
Q4-3,2025-08-28,m1,65124.4168413133,74986.84031143562,11250.664159291398,86237.50447072701,2311.128308174805,6000.0,6000.0
Q4-3,2025-08-29,m1,37830.462586696536,38879.91163822074,2380.4933917861995,41260.40503000694,781.7431170169912,6000.0,6000.0
Q4-3,2025-08-30,m1,35786.08054635201,36859.60758051581,6454.295900598416,43313.90348111423,2061.360972495496,6000.0,6000.0
Q4-3,2025-08-31,m1,63881.70547199149,69925.41888374968,14998.466993003407,84923.88587675308,2999.2678978595923,6000.0,6000.0
Q4-3,2025-09-01,m1,57309.33425944321,59232.41689466374,0.0,59232.41689466374,0.0,6000.0,6000.0
Q4-3,2025-09-02,m1,55208.26400573763,60199.606135252354,362.8962078087626,60562.50234306112,80.51687456670578,6000.0,6000.0
Q4-3,2025-09-03,m1,55521.493758150405,59832.54872319128,657.6335530381988,60490.182276229476,108.51742406226538,6000.0,6000.0
Q4-3,2025-09-04,m1,52952.86167151815,57263.97657027524,3765.0231524957017,61028.99972277094,712.781261312153,6000.0,6000.0
Q4-3,2025-09-05,m1,29051.470923349912,30195.365823337284,21.452427305767262,30216.818250643053,12.147467330559039,6000.0,6000.0
Q4-3,2025-09-06,m1,25686.352312022493,26722.516836547875,3903.5258190575196,30626.042655605394,1728.952431157805,6000.0,6000.0
Q4-3,2025-09-07,m1,50230.23751543141,56478.58870644527,5686.906225031774,62165.49493147704,993.7412099459298,6000.0,6000.0
Q4-3,2025-09-08,m1,49219.790840196845,54311.603976621846,14177.88451141057,68489.48848803241,2857.309040813554,6000.0,6000.0
Q4-3,2025-09-09,m1,49966.66031318788,55730.0005585262,10687.218389971782,66417.21894849798,1970.4956913469698,6000.0,6000.0
Q4-3,2025-09-10,m1,50545.04115041595,55555.192288719874,13817.89088253443,69373.0831712543,2934.195847777066,6000.0,6000.0
Q4-3,2025-09-11,m1,50735.23876870013,54888.88876352483,14336.852636301903,69225.74139982673,2831.9631781301414,6000.0,6000.0
Q4-3,2025-09-12,m1,27554.919446601387,28915.23701156295,1287.9796045803846,30203.216616143334,453.9273034607389,6000.0,6000.0
Q4-3,2025-09-13,m1,25718.880480930824,27505.117604002087,2824.070938680268,30329.188542682354,1478.5274546445485,6000.0,6000.0
Q4-3,2025-09-14,m1,51319.73324106877,51979.39320662361,18263.124530191773,70242.51773681538,3572.9713464736824,6000.0,6000.0
Q4-3,2025-09-15,m1,51549.20481060028,56875.21979407268,9918.152124206083,66793.37191827876,1937.8799273019335,6000.0,6000.0
Q4-3,2025-09-16,m1,51778.28008220397,54636.148372142794,17725.670292633084,72361.81866477587,3974.4613959807093,6000.0,6000.0
Q4-3,2025-09-17,m1,52399.56292476808,55746.612293961254,15483.090455843412,71229.70274980467,3368.8465781437176,6000.0,6000.0
Q4-3,2025-09-18,m1,51287.90025500841,59432.61885429446,13298.043318212756,72730.66217250722,2603.4500218597477,6000.0,6000.0
Q4-3,2025-09-19,m1,28832.4022514006,30589.200949132806,1279.3748376700853,31868.575786802892,678.2504041871789,6000.0,6000.0
Q4-3,2025-09-20,m1,26143.708415039866,27663.18524890275,3422.165625333216,31085.350874235966,1396.7733572422785,6000.0,6000.0
Q4-3,2025-09-21,m1,53269.319164134125,55662.83345853676,9897.27358369848,65560.10704223523,1935.2578585652404,6000.0,6000.0
Q4-3,2025-09-22,m1,53180.91449786478,55382.6056953367,22264.27819732549,77646.88389266218,5070.364384672673,6000.0,6000.0
Q4-3,2025-09-23,m1,53156.85499443259,56186.313094160956,18083.72476478584,74270.0378589468,3682.50998427627,6000.0,6000.0
Q4-3,2025-09-24,m1,53559.46577148883,61062.14234525187,8529.73002297774,69591.87236822961,2105.328590428059,6000.0,6000.0
Q4-3,2025-09-25,m1,53646.81803229726,59828.9337826136,11366.280970092488,71195.21475270609,2668.1456798524914,6000.0,6000.0
Q4-3,2025-09-26,m1,28607.03450482573,29993.735639065693,381.27676542374866,30375.01240448944,162.03433858095042,6000.0,6000.0
Q4-3,2025-09-27,m1,26759.43698138255,29293.95745368405,3621.555274364721,32915.51272804877,1303.5512849166007,6000.0,6000.0
Q4-3,2025-09-28,m1,53308.854846473674,59516.62463484735,8715.797488032034,68232.42212287939,1916.7466937775969,6000.0,6000.0
Q4-3,2025-09-29,m1,53921.281482627994,55173.030958035735,18464.749414069614,73637.78037210535,3953.4461729890836,6000.0,6000.0
Q4-3,2025-09-30,m1,54302.67031677097,60691.86526514866,16949.497072704988,77641.36233785364,3730.2733520389074,6000.0,6000.0
Q4-3,2025-10-01,m1,53186.11062152634,56954.046570074555,2695.7298195971734,59649.77638967173,825.9765699342828,6000.0,6000.0
Q4-3,2025-10-02,m1,49768.16160087854,50762.7984509933,9210.460281772766,59973.258732766066,2164.487974023415,6000.0,6000.0
Q4-3,2025-10-03,m1,25575.72255746398,28118.323460443164,869.7910054729737,28988.114465916136,470.53432046385404,6000.0,6000.0
Q4-3,2025-10-04,m1,24418.51357242489,25252.355716405065,2123.363210252539,27375.718926657602,808.458584548486,6000.0,6000.0
Q4-3,2025-10-05,m1,50324.62456044488,52314.52893768836,5931.640158876064,58246.16909656442,1321.7234029588262,6000.0,6000.0
Q4-3,2025-10-06,m1,51556.814025771455,58183.337488712394,5131.4076149018165,63314.74510361421,1129.3179882676282,6000.0,6000.0
Q4-3,2025-10-07,m1,50805.59732936458,57731.34496519242,3893.835266147813,61625.18023134023,940.1254412314596,6000.0,6000.0
Q4-3,2025-10-08,m1,48583.10437692638,53535.84926661478,11832.712615074131,65368.56188168891,2464.142325180749,6000.0,6000.0
Q4-3,2025-10-09,m1,49890.46456669188,50603.60703341179,18323.771058651193,68927.37809206298,4091.547763798357,6000.0,6000.0
Q4-3,2025-10-10,m1,25116.43868496264,26101.28027706376,1745.4009683938696,27846.681245457632,915.1040246208336,6000.0,6000.0
Q4-3,2025-10-11,m1,23807.595515880435,25258.896211182124,3318.8143917892494,28577.710602971372,1169.4267952312543,6000.0,6000.0
Q4-3,2025-10-12,m1,49578.281152340875,52375.14769851087,11690.82804587466,64065.97574438553,2386.4282697885615,6000.0,6000.0
Q4-3,2025-10-13,m1,51656.999954245824,56026.31517722392,11631.478907347682,67657.79408457161,2594.677554183913,6000.0,6000.0
Q4-3,2025-10-14,m1,52410.94629468311,56774.47468553748,10185.046348753203,66959.5210342907,2472.5769031805426,6000.0,6000.0
Q4-3,2025-10-15,m1,50828.45469141849,53593.940470132715,19206.10760670331,72800.04807683603,4380.820306975549,6000.0,6000.0
Q4-3,2025-10-16,m1,51397.85035524539,56694.823160307344,21018.411505126627,77713.23466543396,4594.10096372697,6000.0,6000.0
Q4-3,2025-10-17,m1,26520.804849920678,31360.427404736525,1570.9929405783935,32931.42034531492,862.0891741963501,6000.0,6000.0
Q4-3,2025-10-18,m1,24279.80698222469,26230.957635596238,2467.0596415316877,28698.017277127925,1099.9877773008066,6000.0,6000.0
Q4-3,2025-10-19,m1,52021.477151194704,55418.774042209334,23416.07353707496,78834.8475792843,4999.150365419797,6000.0,6000.0
Q4-3,2025-10-20,m1,54688.531080055036,56604.68989402838,12886.755592778947,69491.44548680732,2754.679808137581,6000.0,6000.0
Q4-3,2025-10-21,m1,55218.69593698398,60539.759295125776,8766.94530584237,69306.70460096815,2100.171478591097,6000.0,6000.0
Q4-3,2025-10-22,m1,53138.854066770684,57642.85374802555,14963.188854664693,72606.04260269024,3075.050941500959,6000.0,6000.0
Q4-3,2025-10-23,m1,53927.86473170399,55793.7537474984,14754.339135969192,70548.09288346759,3009.9927441812524,6000.0,6000.0
Q4-3,2025-10-24,m1,26231.864964358458,28899.005161635636,2443.900377574332,31342.90553920997,1035.0751602848907,6000.0,6000.0
Q4-3,2025-10-25,m1,25000.2020721069,27004.671659283045,3074.270802061763,30078.942461344806,1013.327963855425,6000.0,6000.0
Q4-3,2025-10-26,m1,55316.54991380272,57396.647663571515,9793.997146297237,67190.64480986875,2008.9480033880359,6000.0,6000.0
Q4-3,2025-10-27,m1,56416.32775649014,64167.28923619288,5694.823160682882,69862.11239687576,1318.838145794704,6000.0,6000.0
Q4-3,2025-10-28,m1,57116.24469809769,64659.42334178293,4785.23461085724,69444.65795264018,1176.751194389566,6000.0,6000.0
Q4-3,2025-10-29,m1,55380.3342682191,60775.70934233886,14571.718178793755,75347.42752113262,3258.9033651031455,6000.0,6000.0
Q4-3,2025-10-30,m1,56224.09111846977,62597.417416523174,8294.066323232131,70891.4837397553,1903.465676643808,6000.0,6000.0
Q4-3,2025-10-31,m1,27554.528179259938,29595.752955311415,1505.5793198122465,31101.332275123663,675.4894224207908,6000.0,6000.0
Q4-3,2025-11-01,m1,24753.536374701758,26960.110823599352,3617.341212685761,30577.452036285114,1315.506142167757,6000.0,6000.0
Q4-3,2025-11-02,m1,56452.39631411504,62367.970992886905,15909.04936637951,78277.02035926642,3251.580830928826,6000.0,6000.0
Q4-3,2025-11-03,m1,58259.76938310373,61200.31616249624,6856.660047137575,68056.97620963381,1664.2089608876747,6000.0,6000.0
Q4-3,2025-11-04,m1,58608.42979363552,66030.60146397931,7410.106555727919,73440.70801970724,1595.7274596448688,6000.0,6000.0
Q4-3,2025-11-05,m1,58781.04691612775,62039.74979445069,13192.072049229682,75231.82184368037,3078.022880508719,6000.0,6000.0
Q4-3,2025-11-06,m1,59505.19794650847,67076.48040907264,7245.089708822324,74321.57011789497,1810.1877075633436,6000.0,6000.0
Q4-3,2025-11-07,m1,28683.44343601635,31685.321769839036,1044.942957268086,32730.264727107122,571.1129205473574,6000.0,6000.0
Q4-3,2025-11-08,m1,25977.284600920917,27663.785042770054,2860.1051583413478,30523.8902011114,946.0545395173524,6000.0,6000.0
Q4-3,2025-11-09,m1,59172.31751735058,65237.06595811554,10151.876290979711,75388.94224909526,2156.37460002548,6000.0,6000.0
Q4-3,2025-11-10,m1,60559.41543534682,68777.29087121779,13256.12856107534,82033.41943229313,2776.603843563619,6000.0,6000.0
Q4-3,2025-11-11,m1,61144.266435336394,62934.49636018009,7256.326718667187,70190.82307884729,1665.5151423842283,6000.0,6000.0
Q4-3,2025-11-12,m1,61145.065424375905,69010.01403430423,6437.1411360844695,75447.1551703887,1473.9839321559302,6000.0,6000.0
Q4-3,2025-11-13,m1,61277.52578466922,68736.88058680843,7739.90788072833,76476.78846753677,1738.0849761146942,6000.0,6000.0
Q4-3,2025-11-14,m1,29341.1426967098,32084.685496179278,674.0307783326022,32758.71627451188,367.83484765822095,6000.0,6000.0
Q4-3,2025-11-15,m1,26330.361957247747,27636.253273604314,3881.765872103211,31518.019145707527,1212.3336047011967,6000.0,6000.0
Q4-3,2025-11-16,m1,61807.12642651542,71313.9992469216,6524.9369204514605,77838.93616737306,1388.826465299995,6000.0,6000.0
Q4-3,2025-11-17,m1,62914.47101331216,75655.01236940522,3728.8576853051522,79383.87005471037,914.4299024316565,6000.0,6000.0
Q4-3,2025-11-18,m1,62275.78015111646,69654.27848289152,9799.425859319683,79453.7043422112,2068.9438113345986,6000.0,6000.0
Q4-3,2025-11-19,m1,62987.52071763176,75138.86093852692,7824.506320900191,82963.36725942712,1893.5381895869364,6000.0,6000.0
Q4-3,2025-11-20,m1,63357.7708701752,72965.6020810069,6814.568395301705,79780.1704763086,1609.0023673144365,6000.0,6000.0
Q4-3,2025-11-21,m1,30335.81039720172,33685.21754319296,1746.8231543971015,35432.040697590055,893.9634734255673,6000.0,6000.0
Q4-3,2025-11-22,m1,26758.81761467871,28497.77563736065,5626.1838925874845,34123.95952994814,1809.4848966660393,6000.0,6000.0
Q4-3,2025-11-23,m1,64012.228441392814,74804.53877995326,7330.297747681876,82134.83652763514,1565.2567992056765,6000.0,6000.0
Q4-3,2025-11-24,m1,63983.453810085965,72511.35653633575,6732.388890374808,79243.74542671055,1475.560757574482,6000.0,6000.0
Q4-3,2025-11-25,m1,63478.25488632423,65601.4530026061,13164.250392634765,78765.70339524087,2815.2390765155783,6000.0,6000.0
Q4-3,2025-11-26,m1,64053.2950448125,72276.26677279074,9995.373577292066,82271.6403500828,2118.309877696639,6000.0,6000.0
Q4-3,2025-11-27,m1,64542.97016479067,73724.10126699791,6187.305417998034,79911.40668499595,1393.0094450111706,6000.0,6000.0
Q4-3,2025-11-28,m1,30455.5354029219,33127.060590190136,1423.2381503055963,34550.29874049573,623.6698521236501,6000.0,6000.0
Q4-3,2025-11-29,m1,27642.676457059628,29283.847093519955,3895.607288399618,33179.454381919575,1359.9087442764644,6000.0,6000.0
Q4-3,2025-11-30,m1,65290.90098910626,75379.77672453773,7033.973648196978,82413.7503727347,1496.7842660390565,6000.0,6000.0
Q4-3,2025-12-01,m1,71685.62821444662,74475.68247664545,38179.06223708586,112654.74471373131,8088.807916589076,6000.0,6000.0
Q4-3,2025-12-02,m1,75013.22693715333,79388.49109664743,29033.794384811514,108422.28548145894,6156.7243632830705,6000.0,6000.0
Q4-3,2025-12-03,m1,76109.78318245785,92640.64274516466,9885.897043167497,102526.53978833216,2581.960101709682,6000.0,6000.0
Q4-3,2025-12-04,m1,77310.77628066542,82922.40405136016,26737.85490613997,109660.25895750013,5302.140850889332,6000.0,6000.0
Q4-3,2025-12-05,m1,37149.96752113804,41314.16241320264,4728.792202929459,46042.9546161321,2107.213489786679,6000.0,6000.0
Q4-3,2025-12-06,m1,31960.820972131936,34580.348086393235,12663.268779568509,47243.61686596174,4148.494291912843,6000.0,6000.0
Q4-3,2025-12-07,m1,81440.46775509443,83700.75131780688,14004.704715499218,97705.4560333061,2771.5383929970544,6000.0,6000.0
Q4-3,2025-12-08,m1,82406.79246372555,87431.67130142271,5510.458275238094,92942.12957666081,1004.0192830403425,6000.0,6000.0
Q4-3,2025-12-09,m1,82517.08731177042,86556.48560423165,6960.747180285045,93517.2327845167,1219.5266647670237,6000.0,6000.0
Q4-3,2025-12-10,m1,82436.91909212791,92721.7028961452,7110.6356572937,99832.3385534389,1454.0948511070903,6000.0,6000.0
Q4-3,2025-12-11,m1,80310.06025130121,84861.95597978494,8157.817976795438,93019.77395658038,1726.1224264986704,6000.0,6000.0
Q4-3,2025-12-12,m1,37107.139636484484,42204.480223839106,4610.76448392951,46815.244707768616,1937.1624090452947,6000.0,6000.0
Q4-3,2025-12-13,m1,34336.34451762868,37518.68587361404,7113.387526123642,44632.07339973768,2356.2975857750835,6000.0,6000.0
Q4-3,2025-12-14,m1,82680.2171335298,96141.09000250157,6158.684366741234,102299.7743692428,1072.3723688606906,6000.0,6000.0
Q4-3,2025-12-15,m1,82916.72155940888,97656.69624673283,4570.799287531638,102227.49553426447,838.2605286018186,6000.0,6000.0
Q4-3,2025-12-16,m1,82690.52646047554,89166.82416551167,6493.739033735973,95660.56319924764,1196.337967424624,6000.0,6000.0
Q4-3,2025-12-17,m1,82065.52446520381,85063.5353974544,7049.5869844337585,92113.12238188816,1494.2279950284928,6000.0,6000.0
Q4-3,2025-12-18,m1,81551.95189132073,91038.57334722273,5912.100424150957,96950.67377137368,1217.6646442276892,6000.0,6000.0
Q4-3,2025-12-19,m1,38321.57666631554,43163.542873388564,3495.1964789689605,46658.73935235752,1495.1772029886583,6000.0,6000.0
Q4-3,2025-12-20,m1,34189.88105756683,36628.6441305555,6035.336289028723,42663.98041958422,2251.095519659821,6000.0,6000.0
Q4-3,2025-12-21,m1,81353.8795423739,88695.13384925119,8844.07854407844,97539.21239332962,1685.9523591873908,6000.0,6000.0
Q4-3,2025-12-22,m1,83632.59912404187,93017.96589247104,7075.3952237254825,100093.36111619652,1368.832017660307,6000.0,6000.0
Q4-3,2025-12-23,m1,82766.74137916732,86771.07635681696,4751.820201030698,91522.89655784766,866.0329859362791,6000.0,6000.0
Q4-3,2025-12-24,m1,80196.37455442874,87172.39095516552,9119.099835690085,96291.4907908556,1756.6166487144844,6000.0,6000.0
Q4-3,2025-12-25,m1,80372.22815197826,91475.1277897613,8556.691280332558,100031.81907009386,1643.8825127343066,6000.0,6000.0
Q4-3,2025-12-26,m1,37708.69341216177,43007.35412998972,3559.7885194226847,46567.1426494124,1403.9169270924895,6000.0,6000.0
Q4-3,2025-12-27,m1,34145.76741200987,38489.29352767011,4369.109650115051,42858.40317778516,1577.399766672331,6000.0,6000.0
Q4-3,2025-12-28,m1,81329.975170017,88393.29303917829,6375.629288938642,94768.92232811693,1238.4498855591169,6000.0,6000.0
Q4-3,2025-12-29,m1,81479.24174555775,92904.50732450956,4398.983321798998,97303.49064630855,845.6128490599051,6000.0,6000.0
Q4-3,2025-12-30,m1,80814.33219071421,86712.22976733587,4501.4824338233175,91213.71220115919,890.9752908918963,6000.0,6000.0
Q4-3,2025-12-31,m1,80280.37401866599,87481.95734042132,8229.123227989914,95711.08056841123,1702.2626455488435,6000.0,6000.0
Q4-3,2025-02-01,m2,19068.66862488573,20685.39344410468,1870.325307610423,22555.718751715103,752.9488353796562,1200.0000000000068,1199.9999999999982
Q4-3,2025-02-02,m2,60948.597354557016,64965.42795778859,2549.1074376557754,67514.53539544437,449.1497208530359,1199.9999999999982,1200.0
Q4-3,2025-02-03,m2,58930.153609316316,60421.49678041779,9268.060296210133,69689.55707662791,1925.3247510701449,1200.0,1200.0
Q4-3,2025-02-04,m2,58724.41077988374,61615.606206328026,18164.80480903241,79780.41101536044,3678.409000835486,1200.0,1199.9999999999982
Q4-3,2025-02-05,m2,58962.395550654575,65586.99217352127,4985.021324210493,70572.01349773176,1106.5449801316877,1199.9999999999982,1200.0
Q4-3,2025-02-06,m2,58715.50901725507,59583.17919183842,24828.450935380468,84411.63012721889,5086.457334347975,1200.0,1200.0
Q4-3,2025-02-07,m2,19888.294064297646,22029.656031684837,1839.64002634985,23869.296058034688,830.9309545598093,1200.0,1200.0
Q4-3,2025-02-08,m2,16770.75778177625,21714.984799059588,1660.9525977034511,23375.937396763038,882.2716918879576,1200.0,1200.0
Q4-3,2025-02-09,m2,56560.391087463344,61283.3605712803,10032.091018869472,71315.45159014977,1989.2021814742184,1200.0,1200.0
Q4-3,2025-02-10,m2,54854.8786089957,56678.445642494735,5245.362396331358,61923.80803882609,1220.7535628155451,1200.0,1200.0000000000036
Q4-3,2025-02-11,m2,54355.48562940907,56628.53265148458,15171.732667383802,71800.26531886838,3063.1649392169375,1200.0000000000036,1200.0
Q4-3,2025-02-12,m2,54001.16211199551,54445.74932939259,10922.141468457203,65367.89079784979,2267.2266470802,1200.0,1200.0
Q4-3,2025-02-13,m2,52334.28783651281,55675.730888995386,5205.4076735370045,60881.13856253239,1195.6151922188865,1200.0,1199.9999999999982
Q4-3,2025-02-14,m2,17019.460496644242,19413.667771529985,5561.6869195910585,24975.354691121043,2052.909622681901,1199.9999999999982,1200.0000000000018
Q4-3,2025-02-15,m2,15800.152367773906,17483.956972928296,5273.410365266867,22757.367338195163,2041.4491471037686,1200.0000000000018,1200.0000000000018
Q4-3,2025-02-16,m2,52250.62922188474,52393.22881513801,21175.29487593013,73568.52369106814,4568.875331104158,1200.0000000000018,1200.0000000000018
Q4-3,2025-02-17,m2,50513.74722530575,49691.18056754506,17890.282699525513,67581.46326707058,4540.72663030969,1200.0000000000018,1200.0
Q4-3,2025-02-18,m2,48810.7345056044,56524.3991682127,6299.707005788991,62824.106174001696,1290.3655019540563,1200.0,1200.0000000000018
Q4-3,2025-02-19,m2,48238.59973079983,54727.711727185015,10710.871876605917,65438.58360379093,2245.848360320997,1200.0000000000018,1200.0
Q4-3,2025-02-20,m2,49433.022687621036,51936.12571169388,11430.101851632004,63366.22756332588,2523.6649685431676,1200.0,1199.9999999999982
Q4-3,2025-02-21,m2,16604.771494779583,18690.926484371787,2729.5924345296517,21420.518918901438,1286.7881346923775,1199.9999999999982,1200.0000000000018
Q4-3,2025-02-22,m2,15023.852938914972,16928.603664066428,5025.769915219959,21954.373579286388,1906.790132775836,1200.0000000000018,1200.0
Q4-3,2025-02-23,m2,48766.34127857491,52607.41928157359,11110.763380924636,63718.18266249822,2645.8898249128692,1200.0,1200.0
Q4-3,2025-02-24,m2,47187.805144318256,52026.908598616195,13351.242288275853,65378.15088689205,2817.361743038576,1200.0,1199.9999999999982
Q4-3,2025-02-25,m2,46338.6854118152,46075.5544757718,9120.457351298977,55196.011827070775,2012.0948648865128,1199.9999999999982,1200.0
Q4-3,2025-02-26,m2,45487.651686082965,53895.36678438246,5542.633965751593,59438.00075013405,1288.836654096921,1200.0,1200.0
Q4-3,2025-02-27,m2,44273.21647932989,50146.6211169344,6652.692267376195,56799.3133843106,1244.80327458218,1200.0,1200.0000000000018
Q4-3,2025-02-28,m2,15658.773988516165,18469.389566703467,1766.4657702101479,20235.855336913613,887.8698141399893,1200.0000000000018,1199.9999999999982
Q4-3,2025-03-01,m2,14014.260613467526,15181.828608443418,5654.0867563678785,20835.9153648113,2129.941363475413,1199.9999999999982,1200.0
Q4-3,2025-03-02,m2,44747.27362078948,50836.51020922809,28477.647980853628,79314.15819008171,5905.449122799508,1200.0,1200.0000000000036
Q4-3,2025-03-03,m2,43943.589341486135,46905.04679874661,34874.24060724301,81779.28740598963,7956.273137160628,1200.0000000000036,1199.9999999999982
Q4-3,2025-03-04,m2,45412.388131619904,53291.239687722285,7659.373369563589,60950.613057285875,1817.2268994950816,1199.9999999999982,1199.9999999999964
Q4-3,2025-03-05,m2,43939.067301705436,45888.85092769989,15888.113362971459,61776.96429067135,3615.0162098057235,1199.9999999999964,1200.0000000000018
Q4-3,2025-03-06,m2,43390.246368562,49529.510779851196,8367.509677953525,57897.02045780472,1900.2252071865175,1200.0000000000018,1200.0000000000018
Q4-3,2025-03-07,m2,14268.230920137765,15494.12047238557,6728.231486322189,22222.35195870776,2247.0696419124924,1200.0000000000018,1199.9999999999982
Q4-3,2025-03-08,m2,13004.741616865684,15176.104614434136,1522.8287212282062,16698.933335662343,645.2870329565783,1199.9999999999982,1200.000000000009
Q4-3,2025-03-09,m2,44846.73653815559,46666.55988107007,7314.431896493234,53980.9917775633,1771.2769600445974,1200.000000000009,1200.0000000000018
Q4-3,2025-03-10,m2,43745.4426829672,50797.39838477019,9135.00119690497,59932.399581675156,2322.687680801641,1200.0000000000018,1200.0
Q4-3,2025-03-11,m2,42884.02190603595,55193.213577745235,6231.778079150554,61424.991656895785,1465.7912263075632,1200.0,1200.0000000000018
Q4-3,2025-03-12,m2,41072.30040575532,42441.68589601981,13379.770747491482,55821.456643511294,3172.054882506053,1200.0000000000018,1200.0
Q4-3,2025-03-13,m2,41295.4926814301,47037.6298613275,18601.211695595266,65638.84155692277,4172.787210873235,1200.0,1200.0000000000018
Q4-3,2025-03-14,m2,13314.205827648582,15046.041079342607,1587.7599409598681,16633.801020302475,697.5578026811861,1200.0000000000018,1200.0000000000036
Q4-3,2025-03-15,m2,12198.373842744862,14531.604327363515,5044.265423671445,19575.86975103496,1538.589189500371,1200.0000000000036,1200.0000000000036
Q4-3,2025-03-16,m2,42180.99706527477,48149.483962390106,8720.075537444294,56869.5594998344,2113.3762921854923,1200.0000000000036,1200.0000000000018
Q4-3,2025-03-17,m2,40394.79497196764,43983.30538255499,4274.271753297158,48257.577135852145,1032.5715597072262,1200.0000000000018,1200.0000000000018
Q4-3,2025-03-18,m2,39600.09814425127,40517.85371309052,16146.957081990788,56664.81079508131,3342.946824833879,1200.0000000000018,1200.0000000000018
Q4-3,2025-03-19,m2,38730.543097679474,49532.91878447191,6000.7192466390225,55533.63803111094,1566.0533686188796,1200.0000000000018,1200.0000000000018
Q4-3,2025-03-20,m2,39477.90639026105,43208.560593722825,22875.817304683613,66084.37789840644,5397.146340453977,1200.0000000000018,1200.0
Q4-3,2025-03-21,m2,13288.654421452255,15345.597504080008,3031.0675807246134,18376.66508480462,1177.7133688818294,1200.0,1199.9999999999982
Q4-3,2025-03-22,m2,11248.714480448678,12499.258289874091,5201.802634226977,17701.060924101068,1667.0815682572368,1199.9999999999982,1199.9999999999982
Q4-3,2025-03-23,m2,38194.25555539252,40219.46900516891,12775.02888131888,52994.49788648779,3035.0017291601753,1199.9999999999982,1200.0
Q4-3,2025-03-24,m2,37224.46015211516,41348.4265063376,5451.19610693548,46799.62261327308,1397.7928688916268,1200.0,1200.0000000000018
Q4-3,2025-03-25,m2,37078.63134454355,37987.34429574991,30211.463744086097,68198.808039836,7818.610374881205,1200.0000000000018,1200.0000000000018
Q4-3,2025-03-26,m2,36702.62472727635,41637.63304799333,12020.586720339079,53658.21976833241,3073.664322409174,1200.0000000000018,1200.0
Q4-3,2025-03-27,m2,36238.87378960616,37846.48518414026,16371.59300768335,54218.07819182362,3837.4234250918016,1200.0,1200.0000000000018
Q4-3,2025-03-28,m2,12824.551992035436,13920.723422732772,3192.1577762833535,17112.881199016127,1032.9235894680799,1200.0000000000018,1200.0
Q4-3,2025-03-29,m2,11240.531435132994,13043.088739412153,3645.169177236453,16688.257916648607,1111.4714979663397,1200.0,1200.0000000000018
Q4-3,2025-03-30,m2,34735.192374542195,35697.97073597251,17408.28139029425,53106.25212626676,4369.2321599311,1200.0000000000018,1200.0
Q4-3,2025-03-31,m2,35069.63677071755,44217.57749026132,7294.1891860061805,51511.7666762675,1639.4150537671064,1200.0,1200.0
Q4-3,2025-04-01,m2,36034.43852990333,38740.02171498905,24372.581760622004,63112.60347561106,6643.702750144188,1200.0,1200.0
Q4-3,2025-04-02,m2,34122.275283951996,39401.784213942614,23297.26252094855,62699.04673489116,5381.741883163615,1200.0,1200.0000000000018
Q4-3,2025-04-03,m2,35976.74436165759,36684.71024414576,15747.694068688472,52432.40431283423,3710.3750908494376,1200.0000000000018,1200.0000000000036
Q4-3,2025-04-04,m2,12199.90807193259,13983.808460898717,1638.0898470359987,15621.898307934716,722.8632483509184,1200.0000000000036,1200.0000000000018
Q4-3,2025-04-05,m2,10928.763755230924,12619.948567455136,5047.4524397902205,17667.401007245357,1693.8217082945516,1200.0000000000018,1200.0000000000036
Q4-3,2025-04-06,m2,34521.79380828455,37956.19437014416,8493.302338353382,46449.49670849754,2248.124355345179,1200.0000000000036,1200.0000000000018
Q4-3,2025-04-07,m2,34744.36904203045,41863.223795991296,4734.514508770406,46597.738304761704,1208.0465203141955,1200.0000000000018,1200.0
Q4-3,2025-04-08,m2,34468.752880388245,36209.45973766851,16220.690748505545,52430.150486174054,3655.04862678148,1200.0,1200.0
Q4-3,2025-04-09,m2,34042.20623737981,40618.1656310026,14785.252222474557,55403.417853477156,3543.57106338955,1200.0,1200.0
Q4-3,2025-04-10,m2,34303.02663275675,38192.12521371868,15736.16688065861,53928.29209437729,3424.6924147218697,1200.0,1200.0000000000018
Q4-3,2025-04-11,m2,11924.328811300784,14546.951837068766,1853.075742681614,16400.02757975038,878.9918967497555,1200.0000000000018,1199.9999999999982
Q4-3,2025-04-12,m2,10367.320763860112,11109.826494489776,6999.141120684077,18108.967615173853,2530.1796515872775,1199.9999999999982,1200.0
Q4-3,2025-04-13,m2,33582.38293811376,38939.93568559659,9161.81572307855,48101.75140867514,1989.7625996237243,1200.0,1199.9999999999982
Q4-3,2025-04-14,m2,33058.41460707022,32268.110283111466,16637.852870114366,48905.963153225835,4058.426364538049,1199.9999999999982,1200.0
Q4-3,2025-04-15,m2,33033.36528645978,39655.00379404072,5470.93616119221,45125.93995523293,1141.446047475182,1200.0,1200.0
Q4-3,2025-04-16,m2,33737.52123418414,38854.76039793547,8403.786237198845,47258.54663513431,2086.2769845641196,1200.0,1200.0
Q4-3,2025-04-17,m2,32768.198038633454,40862.541517652,9596.206504969232,50458.74802262123,2029.6334864495257,1200.0,1200.0
Q4-3,2025-04-18,m2,11296.311171865767,12630.860851786347,2563.302597173054,15194.1634489594,1124.3332689356248,1200.0,1199.9999999999964
Q4-3,2025-04-19,m2,10131.9358618745,12136.666522457397,4102.277161098846,16238.943683556243,1551.6370483942183,1199.9999999999964,1200.0
Q4-3,2025-04-20,m2,31950.35182336924,38149.48563507832,6617.544065494942,44767.029700573265,1569.6687052719167,1200.0,1200.0000000000018
Q4-3,2025-04-21,m2,31689.815579238795,31611.796938909207,12201.353214457533,43813.15015336674,3038.291346201102,1200.0000000000018,1199.9999999999982
Q4-3,2025-04-22,m2,31736.785944617463,39965.305176755704,5587.40922059434,45552.71439735004,1357.0893891879132,1199.9999999999982,1200.0000000000036
Q4-3,2025-04-23,m2,33135.23906564725,44599.782758002984,7322.590663157436,51922.37342116042,1738.3958798087406,1200.0000000000036,1200.0000000000018
Q4-3,2025-04-24,m2,31654.70735878808,37156.82031539354,8217.749576041613,45374.56989143515,1674.8822701257493,1200.0000000000018,1199.9999999999982
Q4-3,2025-04-25,m2,10453.610228230107,11445.947077818084,1762.0961801411804,13208.043257959263,780.7328550993309,1199.9999999999982,1200.0000000000036
Q4-3,2025-04-26,m2,9703.698935184095,11063.179183115728,3400.797444578867,14463.976627694596,1137.8494179755344,1200.0000000000036,1199.9999999999982
Q4-3,2025-04-27,m2,30072.71637098652,39294.24371571638,6336.796315221237,45631.04003093762,1535.8015464772436,1199.9999999999982,1200.0
Q4-3,2025-04-28,m2,30582.248006966503,36253.20626836478,19110.810359459592,55364.01662782437,4862.268198146392,1200.0,1200.0
Q4-3,2025-04-29,m2,30666.710813915844,37106.58000903232,5744.265788081562,42850.84579711388,1341.5246382918988,1200.0,1200.0000000000018
Q4-3,2025-04-30,m2,30852.757485592323,37019.866317519365,8235.700968444893,45255.56728596426,1885.6007876154645,1200.0000000000018,1200.0
Q4-3,2025-05-01,m2,29514.854465042416,37034.32431985205,24878.473670296837,61912.79799014889,5152.994995995759,1200.0,1200.0000000000018
Q4-3,2025-05-02,m2,11309.213277567133,12171.654636793244,11099.843717723756,23271.498354517,3412.051326333337,1200.0000000000018,1200.0000000000018
Q4-3,2025-05-03,m2,10426.82576328006,11343.383588558601,14486.557215651948,25829.94080421055,3963.4254838059915,1200.0000000000018,1200.0
Q4-3,2025-05-04,m2,32495.466622141343,33072.021205291494,23632.081919884353,56704.10312517585,5766.056349212464,1200.0,1199.9999999999982
Q4-3,2025-05-05,m2,32589.900221689193,36879.52938304228,22804.05223785222,59683.5816208945,4925.910265886347,1199.9999999999982,1200.0
Q4-3,2025-05-06,m2,33282.022087841855,43126.49544043291,11157.887079253976,54284.382519686886,2654.712576345401,1200.0,1200.0000000000018
Q4-3,2025-05-07,m2,33632.49558364298,43173.28603822893,17110.168049320964,60283.45408754989,3512.5715856983384,1200.0000000000018,1200.0000000000018
Q4-3,2025-05-08,m2,33449.92476935097,37980.201913199395,15868.669556737583,53848.871469936974,3808.2134477757745,1200.0000000000018,1200.0000000000036
Q4-3,2025-05-09,m2,12579.153668936502,14491.392690238565,3384.2099195055707,17875.602609744135,1211.6710531401966,1200.0000000000036,1200.0000000000018
Q4-3,2025-05-10,m2,10767.015787847311,12485.058736490926,11121.975168421832,23607.033904912758,3123.350354567221,1200.0000000000018,1200.0000000000036
Q4-3,2025-05-11,m2,33670.45270089844,38553.14697030407,13972.09495964093,52525.241929945,3277.3504697067865,1200.0000000000036,1200.0000000000036
Q4-3,2025-05-12,m2,34064.953068940726,44577.98017521428,6390.21434176585,50968.19451698013,1616.4455927711047,1200.0000000000036,1200.0
Q4-3,2025-05-13,m2,33119.89701773115,35762.459765882406,18473.90401440262,54236.36378028503,3983.8692330310832,1200.0,1200.0000000000018
Q4-3,2025-05-14,m2,33010.56630697447,38360.72115221419,18826.69975262905,57187.42090484324,4139.5649942683785,1200.0000000000018,1200.0000000000018
Q4-3,2025-05-15,m2,33280.35830537384,38478.4013344675,16088.64378214124,54567.04511660874,3642.851030402192,1200.0000000000018,1200.0000000000018
Q4-3,2025-05-16,m2,12286.722314068382,13421.607195093526,3971.142660580805,17392.74985567433,1430.4430621020852,1200.0000000000018,1199.9999999999982
Q4-3,2025-05-17,m2,10735.53084163369,11849.78662430233,11115.268750340798,22965.05537464313,3578.000961463332,1199.9999999999982,1200.0000000000036
Q4-3,2025-05-18,m2,32908.406593399486,36378.276906342166,14346.524816953806,50724.80172329597,3967.8867063629523,1200.0000000000036,1200.0000000000018
Q4-3,2025-05-19,m2,32545.545144849777,37522.90339658408,8137.982522342623,45660.8859189267,1767.2908704638771,1200.0000000000018,1200.0000000000018
Q4-3,2025-05-20,m2,32340.90125184832,40727.95836628319,9134.841531476659,49862.79989775985,1886.620673435495,1200.0000000000018,1200.0
Q4-3,2025-05-21,m2,32106.32829053224,42723.478206473505,8992.774395109082,51716.252601582586,2075.919455521226,1200.0,1200.0
Q4-3,2025-05-22,m2,32135.581900066438,38028.609604073616,8821.51301199803,46850.12261607165,1830.6724393436568,1200.0,1200.0
Q4-3,2025-05-23,m2,11833.292477023962,13894.523127013808,2454.5250503331454,16349.048177346955,1091.4956090080755,1200.0,1200.0
Q4-3,2025-05-24,m2,10871.221500342981,11674.437309805859,5246.775621205404,16921.21293101126,1619.376266799207,1200.0,1200.0000000000036
Q4-3,2025-05-25,m2,31860.435447693835,35862.92920452018,9047.981058485944,44910.910263006124,2133.426044142859,1200.0000000000036,1200.0000000000018
Q4-3,2025-05-26,m2,32105.515331199153,43953.32619812955,8105.610173391346,52058.9363715209,1833.6204145770703,1200.0000000000018,1200.0
Q4-3,2025-05-27,m2,32384.04898868414,40911.57052875933,7419.969965392546,48331.54049415188,1781.274981279867,1200.0,1200.0000000000018
Q4-3,2025-05-28,m2,31968.603906285432,37740.39244236434,8898.97121938523,46639.36366174957,2121.9058637247203,1200.0000000000018,1200.0
Q4-3,2025-05-29,m2,32433.380571428126,39765.57737310046,10799.07949134512,50564.65686444558,2270.649721247516,1200.0,1199.9999999999982
Q4-3,2025-05-30,m2,12438.429812255898,14013.109743992298,2500.76059737081,16513.87034136311,1108.8006291759066,1199.9999999999982,1200.0
Q4-3,2025-05-31,m2,10322.985191588896,10560.71138543419,8091.491628733476,18652.203014167666,2771.550460239743,1200.0,1200.0000000000018
Q4-3,2025-06-01,m2,35030.26468032598,38032.06010637421,91238.56903164534,129270.62913801955,20792.099449058238,1200.0000000000018,1200.0
Q4-3,2025-06-02,m2,36103.46610604056,35978.42006913506,86571.96677708125,122550.38684621631,19471.88393580688,1200.0,1200.0
Q4-3,2025-06-03,m2,39915.37011987889,45425.22158476822,31701.02319293221,77126.24477770043,7238.14300026292,1200.0,1200.0000000000018
Q4-3,2025-06-04,m2,40278.24540010997,39267.70129273629,71846.4091106434,111114.11040337969,17212.25109521731,1200.0000000000018,1200.0
Q4-3,2025-06-05,m2,43675.30591586972,52152.90405868322,22621.703004337345,74774.60706302056,5249.761295851149,1200.0,1200.0
Q4-3,2025-06-06,m2,17264.393908303315,18524.252650553575,15511.563825182931,34035.81647573651,5165.426936773396,1200.0,1200.0000000000036
Q4-3,2025-06-07,m2,13966.266080728012,15525.674637658629,28266.361214238703,43792.03585189733,8363.729617326,1200.0000000000036,1200.0
Q4-3,2025-06-08,m2,46054.945544716014,51211.6198265544,21140.960016741963,72352.57984329636,3974.806576904894,1200.0,1200.0000000000018
Q4-3,2025-06-09,m2,48095.0299105569,49384.52900946711,25214.38002359758,74598.90903306469,5112.350273524815,1200.0000000000018,1200.0
Q4-3,2025-06-10,m2,48716.688449952475,57802.76025149262,9032.700664782742,66835.46091627536,2155.7224810406333,1200.0,1200.0000000000018
Q4-3,2025-06-11,m2,49956.2814670174,58522.85529546442,20677.091368273323,79199.94666373773,4055.6935112394644,1200.0000000000018,1200.0000000000018
Q4-3,2025-06-12,m2,52463.278144387106,58483.0391958236,12122.887351862311,70605.92654768591,2424.380512259689,1200.0000000000018,1200.0000000000018
Q4-3,2025-06-13,m2,20305.41016500676,24438.157868535432,1732.3007120732434,26170.458580608676,913.484519792322,1200.0000000000018,1199.9999999999982
Q4-3,2025-06-14,m2,16227.974488229436,18039.940862571544,12030.60748224338,30070.548344814924,3847.414394856087,1199.9999999999982,1199.9999999999982
Q4-3,2025-06-15,m2,47400.853231222514,58367.87486025321,11106.046965436075,69473.92182568928,2031.844759929807,1199.9999999999982,1200.0000000000036
Q4-3,2025-06-16,m2,50538.17626178826,59116.36076146562,12138.820977909749,71255.18173937537,2657.9991496433827,1200.0000000000036,1200.0
Q4-3,2025-06-17,m2,51070.92733981456,60550.136832690994,20109.935387882695,80660.0722205737,4084.044666328473,1200.0,1200.0000000000018
Q4-3,2025-06-18,m2,52197.51302185753,59667.85935576547,8490.916325920378,68158.77568168585,1924.2687626016018,1200.0000000000018,1200.0
Q4-3,2025-06-19,m2,49325.07758561468,56345.0169179808,12149.458641718544,68494.47555969935,2347.438636911174,1200.0,1200.0
Q4-3,2025-06-20,m2,20182.268689482644,22763.634025514388,1579.643312589712,24343.2773381041,666.8221267526449,1200.0,1200.0000000000036
Q4-3,2025-06-21,m2,15827.665151190718,17914.847467897096,7139.173718463753,25054.02118636085,2188.6613699302716,1200.0000000000036,1200.0
Q4-3,2025-06-22,m2,46980.073346503385,54507.07570164186,8307.559241195857,62814.634942837714,1757.3177970204092,1200.0,1200.0
Q4-3,2025-06-23,m2,47964.698002587436,54481.624888575665,10352.600998033864,64834.22588660953,2171.5622802143753,1200.0,1200.0
Q4-3,2025-06-24,m2,49784.00423434483,54284.3863866997,27634.314487044412,81918.7008737441,5980.102228477267,1200.0,1200.0
Q4-3,2025-06-25,m2,48800.16457565728,58856.70758654498,6780.172925136747,65636.88051168172,1555.8103378516885,1200.0,1200.0000000000018
Q4-3,2025-06-26,m2,46782.03176906523,55773.53209410199,10619.92518562979,66393.45727973178,2171.3614724714066,1200.0000000000018,1200.0
Q4-3,2025-06-27,m2,17415.685510373587,18548.49718252797,2712.084783567295,21260.581966095266,1063.8539761781742,1200.0,1200.0
Q4-3,2025-06-28,m2,15266.99435045883,16806.32285109307,6521.999591759373,23328.322442852445,2235.7548029484587,1200.0,1200.0000000000018
Q4-3,2025-06-29,m2,47387.97490236654,59407.33987260774,9463.39765611551,68870.73752872326,1858.651543920144,1200.0000000000018,1200.0000000000018
Q4-3,2025-06-30,m2,48696.50351885284,54809.91314822977,4624.448042162268,59434.36119039204,1152.5236125974357,1200.0000000000018,1200.0
Q4-3,2025-07-01,m2,54308.11040856762,64666.66600167219,37323.44718552237,101990.11318719455,8633.618219346698,1200.0,1200.0000000000018
Q4-3,2025-07-02,m2,53627.21648228181,59609.20172772514,39607.07038280115,99216.27211052629,8636.027468791148,1200.0000000000018,1200.0
Q4-3,2025-07-03,m2,55284.10843061005,62747.73364067488,35923.41102519685,98671.14466587173,7072.106395634179,1200.0,1200.0
Q4-3,2025-07-04,m2,22395.9564174074,26084.123897153368,20563.91678467825,46648.04068183162,5571.934900405275,1200.0,1199.9999999999982
Q4-3,2025-07-05,m2,20338.29275301153,22546.747772702944,19909.897459709657,42456.6452324126,5483.204603732594,1199.9999999999982,1200.0
Q4-3,2025-07-06,m2,52968.06558330221,68029.83280778598,39894.290234229265,107924.12304201524,7481.221680420457,1200.0,1200.0
Q4-3,2025-07-07,m2,58030.037231428505,62652.46626572347,15475.404596646611,78127.87086237008,2826.233055054259,1200.0,1200.0
Q4-3,2025-07-08,m2,59870.40486961247,64092.68881463722,10583.244626438478,74675.9334410757,1808.4783296511723,1200.0,1200.0
Q4-3,2025-07-09,m2,58203.837442035,62132.2484170252,14109.203436894717,76241.45185391992,2178.394805746671,1200.0,1200.0
Q4-3,2025-07-10,m2,57787.286368991045,65192.28542864742,11023.528349091877,76215.8137777393,2026.2980976618978,1200.0,1200.0
Q4-3,2025-07-11,m2,26645.07119854297,27070.690625184896,5964.90055935372,33035.591184538614,1890.0194888027477,1200.0,1200.0
Q4-3,2025-07-12,m2,22568.5805882931,27190.02330568309,10343.835634133879,37533.85893981697,3053.9597001562315,1200.0,1200.0000000000055
Q4-3,2025-07-13,m2,55247.761501599474,55532.57707353472,30666.4712762355,86199.04834977022,5534.263362037747,1200.0000000000055,1200.0
Q4-3,2025-07-14,m2,54794.996797202344,59915.91874027361,12584.368549778048,72500.28729005167,2367.449789417036,1200.0,1200.0
Q4-3,2025-07-15,m2,56370.963667288626,57770.232349239166,17094.015324264852,74864.24767350403,3992.0123734289923,1200.0,1200.0
Q4-3,2025-07-16,m2,55383.961579575305,59952.014399885935,18640.058278975957,78592.07267886189,3493.980606603678,1200.0,1200.0
Q4-3,2025-07-17,m2,54343.455442681836,62567.3945729214,13864.822222741112,76432.21679566252,2654.2215836393148,1200.0,1200.0000000000018
Q4-3,2025-07-18,m2,25718.643150579464,26520.352472602455,6801.281789339914,33321.63426194237,2439.025860204877,1200.0000000000018,1200.0
Q4-3,2025-07-19,m2,22682.35397857501,23464.82501411785,13605.160220349457,37069.985234467305,3926.3178396333115,1200.0,1200.0
Q4-3,2025-07-20,m2,53558.15145625033,58716.35728788484,16480.04267205983,75196.39995994467,3661.244146692038,1200.0,1200.0
Q4-3,2025-07-21,m2,55049.9396185051,59945.50259712078,13403.680824262381,73349.18342138316,2985.2836787080923,1200.0,1200.0000000000018
Q4-3,2025-07-22,m2,56146.904444672764,65362.29030394576,10401.916125579446,75764.2064295252,2110.3802703688516,1200.0000000000018,1200.0
Q4-3,2025-07-23,m2,54892.2906883877,53688.80063328311,37034.66356762033,90723.46420090343,7373.713294300153,1200.0,1200.0000000000018
Q4-3,2025-07-24,m2,55549.87789620933,55025.480981889224,31691.74638833534,86717.22737022457,6342.0376011362405,1200.0000000000018,1200.0000000000018
Q4-3,2025-07-25,m2,25769.742641568715,27851.96076625417,2110.478527923773,29962.439294177944,712.7967716039605,1200.0000000000018,1200.0000000000018
Q4-3,2025-07-26,m2,23225.064075555158,24912.930609908315,6020.157515189353,30933.088125097667,2169.392487229551,1200.0000000000018,1200.0000000000018
Q4-3,2025-07-27,m2,54578.5953529581,61230.272291980014,12932.70666850021,74162.97896048022,2541.220090597145,1200.0000000000018,1200.0
Q4-3,2025-07-28,m2,55304.23948605702,62558.09802912707,13783.842371980485,76341.94040110755,3117.3817878502223,1200.0,1200.0
Q4-3,2025-07-29,m2,56169.547865048895,68713.08862218105,8292.790450054286,77005.87907223534,1467.6326276304235,1200.0,1200.0
Q4-3,2025-07-30,m2,55941.24513255984,73795.65313750558,6186.039631362688,79981.69276886826,1277.616853736506,1200.0,1200.0
Q4-3,2025-07-31,m2,55913.723941848526,67236.66645082974,7450.314981215801,74686.98143204555,1330.9113917238365,1200.0,1200.0
Q4-3,2025-08-01,m2,24986.99991467162,26009.772229126203,1437.3192369486542,27447.091466074857,383.7183172941004,1200.0,1200.0
Q4-3,2025-08-02,m2,23122.18801335001,24029.92074998469,8591.542128007868,32621.462877992555,2401.228319348,1200.0,1200.0000000000018
Q4-3,2025-08-03,m2,53209.14227944896,58857.35756268908,9262.927751593514,68120.28531428259,1769.4651758876832,1200.0000000000018,1200.0000000000036
Q4-3,2025-08-04,m2,53016.75517881601,57897.156911520346,14715.277734549578,72612.43464606992,3194.5000664776835,1200.0000000000036,1200.0
Q4-3,2025-08-05,m2,52147.577179645974,59346.84397903482,6458.265248959233,65805.10922799405,1492.954189501263,1200.0,1200.0
Q4-3,2025-08-06,m2,51473.68782576364,55170.42240473724,34666.69266843326,89837.1150731705,6858.886850132682,1200.0,1200.0
Q4-3,2025-08-07,m2,50701.566844636865,52338.12011939058,12387.623454290093,64725.74357368067,2992.9140072145765,1200.0,1200.0
Q4-3,2025-08-08,m2,23528.86249624318,24605.01604071257,1842.1724013258136,26447.188442038383,596.5127933239362,1200.0,1200.0
Q4-3,2025-08-09,m2,22041.153866535027,23201.488743534654,4741.723845747553,27943.212589282208,1625.9648341901784,1200.0,1200.0
Q4-3,2025-08-10,m2,47673.732516509146,51288.620603105075,26818.415199464675,78107.03580256975,5555.746808582482,1200.0,1200.0000000000018
Q4-3,2025-08-11,m2,48671.93281114281,55927.92484437663,8280.557552176091,64208.48239655272,1822.383115185904,1200.0000000000018,1200.0
Q4-3,2025-08-12,m2,49732.30803574085,54539.52232242958,19349.038174803543,73888.56049723312,3998.8700201263605,1200.0,1200.0
Q4-3,2025-08-13,m2,49632.615861380895,57894.217187925955,8133.0696532415695,66027.28684116753,1691.0083784389778,1200.0,1200.0
Q4-3,2025-08-14,m2,48954.74271440875,56657.39552394641,14275.657568181137,70933.05309212755,2779.0199273171675,1200.0,1200.0
Q4-3,2025-08-15,m2,23489.830085148737,24321.758442435574,10258.102450164912,34579.86089260048,3405.785720318476,1200.0,1200.0000000000036
Q4-3,2025-08-16,m2,21953.33602433472,22456.481349002264,12147.42654993253,34603.90789893479,3898.0995941730835,1200.0000000000036,1200.0000000000018
Q4-3,2025-08-17,m2,48054.5981138466,51649.13576733285,13438.40287535704,65087.53864268989,2960.3647284697786,1200.0000000000018,1200.0
Q4-3,2025-08-18,m2,49134.17193238757,52989.053725355116,18134.87368892014,71123.92741427525,3393.126737124195,1200.0,1200.0
Q4-3,2025-08-19,m2,49542.88658443691,54682.03650339319,10342.959829272755,65024.99633266594,2059.6933210852894,1200.0,1200.0
Q4-3,2025-08-20,m2,49154.27905508765,52905.922748656274,30216.06952286084,83121.99227151711,6609.508132966195,1200.0,1200.0000000000018
Q4-3,2025-08-21,m2,49612.61875623571,52019.53354966679,18002.979762660892,70022.51331232768,3623.31254243105,1200.0000000000018,1200.0
Q4-3,2025-08-22,m2,23808.521757747287,24527.583073111105,6962.960564127123,31490.54363723823,2141.088926096942,1200.0,1200.0000000000036
Q4-3,2025-08-23,m2,22099.58685916276,24003.66606861403,4972.625604552107,28976.29167316614,1643.8333088775255,1200.0000000000036,1200.0
Q4-3,2025-08-24,m2,48233.24510881772,53532.20916984304,17173.811106568195,70706.02027641123,3270.7507633446066,1200.0,1200.0
Q4-3,2025-08-25,m2,49883.777685303445,49103.74195203678,57232.94501066766,106336.68696270444,12787.985376706281,1200.0,1200.0
Q4-3,2025-08-26,m2,50340.983782815405,56185.06006352206,11334.308795907948,67519.36885943,2220.8572769886555,1200.0,1200.0
Q4-3,2025-08-27,m2,50044.24812333709,59455.24000412141,11745.223814491095,71200.46381861251,2149.5104759374944,1200.0,1200.0
Q4-3,2025-08-28,m2,49738.25213900556,61063.33351267665,17637.688164362437,78701.02167703908,3612.1292792835293,1200.0,1200.0
Q4-3,2025-08-29,m2,24340.077097663838,25316.79324223988,5407.593171883845,30724.386414123725,2068.869789877388,1200.0,1200.0000000000018
Q4-3,2025-08-30,m2,22356.49911896431,23307.971435599233,12817.77294634795,36125.74438194718,3839.2510244755604,1200.0000000000018,1200.0
Q4-3,2025-08-31,m2,47821.613491152435,55328.87606267835,15764.254117723389,71093.13018040174,3278.5574535248898,1200.0,1200.0
Q4-3,2025-09-01,m2,44464.79127405572,45037.62966532909,4330.255112993555,49367.884778322645,1740.0237146178886,1200.0,1200.0000000000018
Q4-3,2025-09-02,m2,42049.90494058904,48524.367944613085,362.8962078087626,48887.26415242185,80.51687456670578,1200.0000000000018,1200.0
Q4-3,2025-09-03,m2,42871.578537890615,46493.26141426297,785.1395567548278,47278.40097101779,136.77047163962612,1200.0,1200.0000000000018
Q4-3,2025-09-04,m2,39872.9368209456,42973.64595897128,6637.718803885772,49611.364762857054,1315.6286467931952,1200.0000000000018,1200.0
Q4-3,2025-09-05,m2,17949.29799959701,18870.74430332655,21.452427305767262,18892.19673063232,12.147467330559039,1200.0,1200.0000000000055
Q4-3,2025-09-06,m2,14728.088145715392,15610.309548386886,4016.625688326033,19626.935236712918,1775.5339259141945,1200.0000000000055,1200.0
Q4-3,2025-09-07,m2,36606.293839977196,44072.03905555369,6107.687590583735,50179.726646137424,1098.7488329474218,1200.0,1200.0000000000073
Q4-3,2025-09-08,m2,35839.87464601899,40539.84237359711,18415.926614703276,58955.768988300384,4099.743605441936,1200.0000000000073,1200.0
Q4-3,2025-09-09,m2,36498.192482078186,43874.988615932074,10687.218389971782,54562.20700590385,1970.4956913469696,1200.0,1199.9999999999982
Q4-3,2025-09-10,m2,37285.69885984699,41332.49035451304,22271.095355515237,63603.585710028274,5051.017891214591,1199.9999999999982,1200.0000000000036
Q4-3,2025-09-11,m2,37421.65060525108,39855.85965792188,19190.382756549698,59046.24241447158,4236.107223667083,1200.0000000000036,1199.9999999999982
Q4-3,2025-09-12,m2,16409.48110205426,17641.491694431843,1482.0385792378452,19123.530273669687,523.56985672019,1199.9999999999982,1200.0000000000018
Q4-3,2025-09-13,m2,14766.672428112159,16350.026388858005,2833.444227352691,19183.470616210696,1482.4289275571077,1200.0000000000018,1199.9999999999964
Q4-3,2025-09-14,m2,37742.999602788484,37718.56763291641,26979.64865830917,64698.21629122558,5973.2036647349305,1199.9999999999964,1200.0000000000018
Q4-3,2025-09-15,m2,37810.55565563406,44399.14261354254,9918.152124206083,54317.29473774863,1937.879927301934,1200.0000000000018,1200.0000000000018
Q4-3,2025-09-16,m2,37535.79254352805,39539.580974249904,30796.63154904257,70336.21252329247,7639.735113183891,1200.0000000000018,1200.0
Q4-3,2025-09-17,m2,38923.021378275385,42119.99794447187,19318.619186120326,61438.617130592196,4191.736576107298,1200.0,1200.0
Q4-3,2025-09-18,m2,37252.03699812266,48239.54564572518,13298.043318212756,61537.58896393793,2603.450021859748,1200.0,1200.0000000000018
Q4-3,2025-09-19,m2,17271.110274606253,18896.704597221087,1392.9316164865131,20289.6362137076,754.9912349755698,1200.0000000000018,1200.0
Q4-3,2025-09-20,m2,14808.463497346747,16260.321629620832,4890.209042884326,21150.530672505156,1868.2081596920696,1200.0,1200.0000000000036
Q4-3,2025-09-21,m2,39582.430492228756,43615.42552834822,11309.644448743607,54925.06997709183,2281.595463568414,1200.0000000000036,1200.0000000000018
Q4-3,2025-09-22,m2,39230.17616431816,40426.98486240584,32279.27466386713,72706.25952627297,7800.635866784327,1200.0000000000018,1200.0000000000018
Q4-3,2025-09-23,m2,38924.14277279921,42092.989128468944,21014.766360048627,63107.75548851757,4383.489179236782,1200.0000000000018,1200.0
Q4-3,2025-09-24,m2,40063.241719103484,51401.988913959096,8529.730022977743,59931.71893693684,2105.32859042806,1200.0,1199.9999999999982
Q4-3,2025-09-25,m2,39678.66371243994,47460.19942674066,11490.180139554868,58950.37956629553,2721.7688314542693,1199.9999999999982,1200.0000000000018
Q4-3,2025-09-26,m2,17003.70674464746,18197.296311375372,3265.875007979764,21463.171319355137,1304.1987183682327,1200.0000000000018,1200.0
Q4-3,2025-09-27,m2,15219.525520780866,17603.37683903756,4030.0339904856846,21633.410829523244,1470.3818724035273,1200.0,1200.0000000000036
Q4-3,2025-09-28,m2,40001.303281078006,48916.86887824612,9059.827262312925,57976.69614055904,1990.0140497604705,1200.0000000000036,1200.0
Q4-3,2025-09-29,m2,40165.01041399606,41302.017229439785,20666.820247723954,61968.83747716374,4505.830150180868,1200.0,1200.0000000000018
Q4-3,2025-09-30,m2,40470.176400360346,48239.92624244872,19841.553376800548,68081.47961924926,4334.128174457947,1200.0000000000018,1199.9999999999982
Q4-3,2025-10-01,m2,39898.80573160487,43514.20376354881,2823.3514670149907,46337.5552305638,858.4841393859808,1199.9999999999982,1199.9999999999982
Q4-3,2025-10-02,m2,35807.289093793166,36093.43909540971,11600.737266092401,47694.17636150211,2736.6342268670933,1199.9999999999982,1200.0000000000018
Q4-3,2025-10-03,m2,14250.844062918008,16651.264622972627,869.7910054729737,17521.0556284456,470.5343204638541,1200.0000000000018,1200.0
Q4-3,2025-10-04,m2,13223.865329796123,14036.627862080171,5057.680972361186,19094.308834441355,2046.5780556720858,1200.0,1200.0000000000073
Q4-3,2025-10-05,m2,37104.53726313407,38112.42334075468,9260.788971161819,47373.2123119165,2594.736880790631,1200.0000000000073,1199.9999999999982
Q4-3,2025-10-06,m2,38007.277464990424,47854.8482494342,5131.4076149018165,52986.25586433602,1129.3179882676286,1199.9999999999982,1199.9999999999964
Q4-3,2025-10-07,m2,37027.9232071392,44905.871891016344,3893.835266147812,48799.70715716416,940.1254412314594,1199.9999999999964,1199.9999999999982
Q4-3,2025-10-08,m2,34801.028985769735,40977.24464408995,12030.535402717913,53007.780046807864,2532.119011612136,1199.9999999999982,1200.0000000000018
Q4-3,2025-10-09,m2,35472.776415396154,35485.1353517243,24818.51319627002,60303.64854799432,6216.792446605588,1200.0000000000018,1200.0
Q4-3,2025-10-10,m2,13874.494398017248,14775.876289641305,2255.111938101916,17030.98822774322,1118.143552906535,1200.0,1200.0000000000036
Q4-3,2025-10-11,m2,12633.192903685938,13993.837498248144,4204.653595067903,18198.491093316046,1869.76887401779,1200.0000000000036,1200.0000000000018
Q4-3,2025-10-12,m2,35553.430897281345,40273.589948309775,12310.616018253773,52584.205966563546,2524.9494280687068,1200.0000000000018,1200.0000000000018
Q4-3,2025-10-13,m2,37680.29358701767,40975.750011865646,19508.741752533584,60484.49176439923,4710.932078871609,1200.0000000000018,1200.0
Q4-3,2025-10-14,m2,38436.364676024175,41693.496415386704,19926.634471486148,61620.13088687285,4727.8996157291585,1200.0,1200.0000000000018
Q4-3,2025-10-15,m2,36201.75192835643,38268.508217513416,36127.85741641159,74396.36563392502,8634.26763130451,1200.0000000000018,1200.0
Q4-3,2025-10-16,m2,37052.74328010596,43189.683332891684,27716.85029064661,70906.5336235383,6052.477369677824,1200.0,1200.0000000000036
Q4-3,2025-10-17,m2,14829.607015620903,19661.971439976704,1570.9929405783932,21232.964380555095,862.0891741963501,1200.0000000000036,1199.9999999999982
Q4-3,2025-10-18,m2,13123.355464089549,14837.947810013764,6565.068254213078,21403.016064226842,2586.0339004623715,1199.9999999999982,1200.0000000000036
Q4-3,2025-10-19,m2,38353.64314416842,42526.446347305595,25850.8592202235,68377.3055675291,5506.162426763412,1200.0000000000036,1200.0000000000018
Q4-3,2025-10-20,m2,41168.86797334871,43631.33810302748,17010.16416826017,60641.50227128765,3611.3286344764642,1200.0000000000018,1200.0
Q4-3,2025-10-21,m2,42506.40975624856,48275.82861795327,11201.176077534943,59477.00469548821,2742.8041306503223,1200.0,1200.0000000000018
Q4-3,2025-10-22,m2,39649.04362338461,46292.49849839249,14963.188854664693,61255.68735305718,3075.0509415009597,1200.0000000000018,1200.0000000000036
Q4-3,2025-10-23,m2,40046.4885752378,40166.055395644275,32666.86404410773,72832.919439752,9052.194094181254,1200.0000000000036,1200.0
Q4-3,2025-10-24,m2,14759.697189719625,17244.73414918525,2518.5727987791415,19763.30694796439,1086.7538747277197,1200.0,1200.0
Q4-3,2025-10-25,m2,13765.233020623318,15625.773191076896,5378.056730829881,21003.829921906778,1956.3935423476032,1200.0,1200.0
Q4-3,2025-10-26,m2,42288.67919933506,43288.29904019875,16625.592609978266,59913.891650177015,4171.614397310331,1200.0,1200.0000000000018
Q4-3,2025-10-27,m2,42964.069389502125,52142.005082021205,5694.823160682882,57836.82824270409,1318.8381457947037,1200.0000000000018,1200.0
Q4-3,2025-10-28,m2,44026.67916011375,53984.93965706596,4785.23461085724,58770.1742679232,1176.7511943895665,1200.0,1200.0000000000018
Q4-3,2025-10-29,m2,41736.156511822046,47510.57543745583,20833.125455094807,68343.70089255064,4979.854433923143,1200.0000000000018,1200.0
Q4-3,2025-10-30,m2,43270.749388760894,51344.11667285347,8294.066323232133,59638.182996085605,1903.465676643808,1200.0,1200.0
Q4-3,2025-10-31,m2,15420.496228696948,17198.61605778892,4848.107047201825,22046.723104990746,1760.5243628557046,1200.0,1199.9999999999945
Q4-3,2025-11-01,m2,13396.403955949692,15437.43588820938,3906.793047733854,19344.228935943232,1391.986912867567,1199.9999999999945,1200.0
Q4-3,2025-11-02,m2,43641.051461654046,51299.36882349674,16052.56259784952,67351.93142134626,3282.2236019575084,1200.0,1200.0
Q4-3,2025-11-03,m2,46047.053413809976,48724.740706842385,12454.660276892486,61179.40098373487,3549.964733652654,1200.0,1200.0000000000036
Q4-3,2025-11-04,m2,46785.12694247479,55009.94410671522,7410.106555727919,62420.050662443144,1595.7274596448685,1200.0000000000036,1200.0
Q4-3,2025-11-05,m2,46838.42122683345,49070.475500018176,20463.008576407447,69533.48407642562,5111.394770624129,1200.0,1200.0
Q4-3,2025-11-06,m2,47011.72413144029,55108.62241927142,9092.685504773683,64201.307924045104,2241.709662198553,1200.0,1200.0000000000018
Q4-3,2025-11-07,m2,16063.40077130563,19894.22574904382,1044.9429572680863,20939.168706311906,571.1129205473575,1200.0000000000018,1200.0000000000018
Q4-3,2025-11-08,m2,14115.39741791604,15692.666051556123,3786.863009450384,19479.529061006506,1216.852166382326,1200.0000000000018,1200.0000000000018
Q4-3,2025-11-09,m2,47217.36181841142,53309.070723378514,10789.292480563578,64098.36320394209,2306.740424280373,1200.0000000000018,1200.0000000000036
Q4-3,2025-11-10,m2,48972.93441741457,57325.13085299825,13997.629612384973,71322.76046538322,2970.872641521012,1200.0000000000036,1200.0000000000018
Q4-3,2025-11-11,m2,49171.97728674048,51219.09304446711,7670.250841807193,58889.343886274306,1751.4502467876573,1200.0000000000018,1200.0
Q4-3,2025-11-12,m2,49088.16999730482,56577.878838096636,7278.1604722791,63856.03931037574,1653.8145621144722,1200.0,1200.0
Q4-3,2025-11-13,m2,49619.12154070721,58527.8534265327,7920.027736938121,66447.88116347083,1798.7292274338167,1200.0,1200.0000000000018
Q4-3,2025-11-14,m2,16674.664213787095,19477.540035423313,674.2741089745982,20151.81414439791,367.91842335528287,1200.0000000000018,1200.0
Q4-3,2025-11-15,m2,14608.080031597743,15754.150517404898,6833.151420004822,22587.30193740972,2044.6459256838714,1200.0,1200.0
Q4-3,2025-11-16,m2,50548.407362453334,60286.252826531854,6524.936920451462,66811.18974698332,1388.8264652999953,1200.0,1200.0000000000018
Q4-3,2025-11-17,m2,51458.82546510251,64457.69273744756,3728.857685305152,68186.55042275271,914.4299024316566,1200.0000000000018,1200.0
Q4-3,2025-11-18,m2,51380.48586027974,59228.07158740646,9799.425859319683,69027.49744672615,2068.9438113345986,1200.0,1200.0
Q4-3,2025-11-19,m2,52115.15312310536,64548.130480873595,7824.506320900189,72372.63680177378,1893.5381895869361,1200.0,1200.0
Q4-3,2025-11-20,m2,52212.32053664283,62011.020740933556,6814.568395301703,68825.58913623526,1609.002367314436,1200.0,1200.0
Q4-3,2025-11-21,m2,17375.10952356984,22807.776770542016,1746.8231543971015,24554.599924939117,893.9634734255674,1200.0,1200.0000000000018
Q4-3,2025-11-22,m2,14636.692245653107,16152.549582475054,6637.606508417439,22790.156090892495,2235.3365656613923,1200.0000000000018,1200.0
Q4-3,2025-11-23,m2,53114.01835102384,63509.22632563874,7330.297747681877,70839.52407332062,1565.2567992056772,1200.0,1199.9999999999982
Q4-3,2025-11-24,m2,52806.491353668825,61477.70702558312,6732.38889037481,68210.09591595794,1475.5607575744827,1199.9999999999982,1200.0
Q4-3,2025-11-25,m2,52637.71454308089,53902.04187678245,17946.978737249796,71849.02061403226,4059.1018302041966,1200.0,1200.0
Q4-3,2025-11-26,m2,53270.84506686316,60784.61412215686,11011.33388547208,71795.94800762895,2438.15702066837,1200.0,1200.0
Q4-3,2025-11-27,m2,53960.84109732947,63100.69196802476,6187.305417998034,69287.99738602279,1393.0094450111706,1200.0,1200.0000000000018
Q4-3,2025-11-28,m2,17117.125162227174,21327.86101434426,1423.2381503055965,22751.099164649855,623.6698521236502,1200.0000000000018,1200.0000000000036
Q4-3,2025-11-29,m2,15051.071557122352,16514.565667021976,13558.837045454233,30073.402712476207,4835.819871899181,1200.0000000000036,1200.0
Q4-3,2025-11-30,m2,54658.118448485984,64277.43256444335,7804.7996135684725,72082.23217801182,1744.6741102653264,1200.0,1200.0000000000018
Q4-3,2025-12-01,m2,59025.754797091635,61528.01875971107,38656.508902951246,100184.52766266232,8240.659548887357,1200.0000000000018,1200.0000000000018
Q4-3,2025-12-02,m2,62538.7579161287,65991.43554500393,30635.098961604745,96626.53450660867,6630.80910718915,1200.0000000000018,1200.0
Q4-3,2025-12-03,m2,63480.965386796786,79272.80987472656,9885.897043167497,89158.70691789406,2581.960101709681,1200.0,1200.0000000000018
Q4-3,2025-12-04,m2,64341.10734066201,68874.30605055357,26737.85490613997,95612.16095669354,5302.140850889332,1200.0000000000018,1199.9999999999982
Q4-3,2025-12-05,m2,23223.7531890566,28072.108112161604,5205.515121097563,33277.62323325917,2208.43705899806,1199.9999999999982,1200.0000000000036
Q4-3,2025-12-06,m2,19408.1455018974,22923.552371710124,13484.485816805096,36408.03818851522,4363.24537027049,1200.0000000000036,1200.0000000000036
Q4-3,2025-12-07,m2,68410.30760407985,69960.43503905761,14004.704715499221,83965.13975455683,2771.538392997055,1200.0000000000036,1200.0000000000018
Q4-3,2025-12-08,m2,69935.68948289397,74770.74873356894,5510.458275238093,80281.20700880703,1004.0192830403423,1200.0000000000018,1200.0000000000018
Q4-3,2025-12-09,m2,69059.65261541418,72685.22268742252,6960.747180285045,79645.96986770756,1219.5266647670242,1200.0000000000018,1200.0000000000018
Q4-3,2025-12-10,m2,69466.69200156572,79414.38903963202,7110.635657293702,86525.02469692573,1454.0948511070906,1200.0000000000018,1200.0000000000018
Q4-3,2025-12-11,m2,67185.47337859211,71145.37216288557,8157.817976795438,79303.19013968101,1726.12242649867,1200.0000000000018,1200.0000000000018
Q4-3,2025-12-12,m2,24033.0476895977,30718.324752923258,5872.970270801448,36591.295023724706,2413.8768208831875,1200.0000000000018,1200.0000000000018
Q4-3,2025-12-13,m2,22052.531673271642,25997.723651232503,8195.26660644193,34192.990257674435,2551.419401911668,1200.0000000000018,1200.0000000000018
Q4-3,2025-12-14,m2,69403.55753572306,82386.61820698837,6158.684366741235,88545.3025737296,1072.3723688606904,1200.0000000000018,1199.9999999999982
Q4-3,2025-12-15,m2,70286.76902461894,84559.70180617095,4570.799287531638,89130.5010937026,838.2605286018186,1199.9999999999982,1200.0000000000036
Q4-3,2025-12-16,m2,69932.50724329981,75973.83160736607,6493.73903373597,82467.57064110204,1196.3379674246232,1200.0000000000036,1200.0
Q4-3,2025-12-17,m2,69470.82261859471,72186.02760694131,7049.586984433758,79235.61459137507,1494.2279950284928,1200.0,1200.0
Q4-3,2025-12-18,m2,68061.43229585189,77163.7798856354,5912.100424150958,83075.88030978636,1217.6646442276892,1200.0,1200.0000000000018
Q4-3,2025-12-19,m2,25645.555647654033,32172.342680028,3495.196478968961,35667.53915899696,1495.1772029886583,1200.0000000000018,1200.0000000000036
Q4-3,2025-12-20,m2,21968.90032308893,25216.497299511746,6872.372443428893,32088.86974294064,2403.764691891857,1200.0000000000036,1199.9999999999982
Q4-3,2025-12-21,m2,68558.76734804711,75653.97914963082,8844.078544078442,84498.05769370926,1685.9523591873913,1199.9999999999982,1200.0
Q4-3,2025-12-22,m2,70653.48126615142,79772.16191686362,7075.395223725482,86847.55714058911,1368.8320176603065,1200.0,1200.0000000000018
Q4-3,2025-12-23,m2,69868.37285368991,73709.54370524928,4751.820201030699,78461.36390627998,866.0329859362794,1200.0000000000018,1200.0
Q4-3,2025-12-24,m2,67115.23368715653,73835.87444742267,9119.099835690085,82954.97428311275,1756.6166487144847,1200.0,1200.0
Q4-3,2025-12-25,m2,67766.29225701255,78500.23175243393,8556.691280332558,87056.92303276648,1643.882512734307,1200.0,1200.0
Q4-3,2025-12-26,m2,25166.269790560786,31239.23608762802,3559.7885194226847,34799.024607050706,1403.9169270924895,1200.0,1200.0000000000036
Q4-3,2025-12-27,m2,21591.56037097626,26737.442816748,4647.357894619163,31384.800711367163,1628.616226261745,1200.0000000000036,1200.0000000000018
Q4-3,2025-12-28,m2,68279.56199432004,75014.44990225717,6375.629288938644,81390.07919119581,1238.4498855591173,1200.0000000000018,1199.9999999999982
Q4-3,2025-12-29,m2,68827.35041348565,79816.56934619568,4398.983321798998,84215.55266799468,845.6128490599051,1199.9999999999982,1200.0000000000018
Q4-3,2025-12-30,m2,67698.17923258216,73328.55802863686,4501.4824338233175,77830.04046246018,890.9752908918962,1200.0000000000018,1200.0
Q4-3,2025-12-31,m2,69561.47858086566,76397.56353382663,8229.123227989916,84626.68676181654,1702.2626455488435,1200.0,6000.0
Q4-3,2025-02-01,m3,19749.982432945813,21031.93193935486,1870.325307610423,22902.257246965284,752.9488353796562,1200.0000000000055,1200.0000000000018
Q4-3,2025-02-02,m3,61572.58309267401,65469.65375315348,2549.1074376557744,68018.76119080925,449.14972085303543,1200.0000000000018,1200.0000000000018
Q4-3,2025-02-03,m3,59493.49832248189,60904.83073637195,9268.060296210133,70172.89103258209,1925.3247510701449,1200.0000000000018,1200.0000000000018
Q4-3,2025-02-04,m3,59253.68955720708,61762.556166291404,18164.80480903241,79927.36097532381,3678.4090008354856,1200.0000000000018,1199.9999999999982
Q4-3,2025-02-05,m3,59398.57897486295,66074.03051859273,4985.021324210493,71059.05184280322,1106.5449801316877,1199.9999999999982,1199.9999999999982
Q4-3,2025-02-06,m3,59375.70405535772,60093.117870817136,24828.450935380468,84921.56880619761,5086.457334347973,1199.9999999999982,1199.9999999999982
Q4-3,2025-02-07,m3,20138.242356622566,22014.695218402558,1839.64002634985,23854.33524475241,830.9309545598093,1199.9999999999982,1200.0000000000018
Q4-3,2025-02-08,m3,17035.38675986544,21662.0825591457,1660.95259770345,23323.03515684915,882.2716918879569,1200.0000000000018,1200.0
Q4-3,2025-02-09,m3,57176.19871157154,61875.98248021737,10032.091018869472,71908.07349908684,1989.2021814742184,1200.0,1200.0
Q4-3,2025-02-10,m3,55300.430099984645,57081.445719521646,5245.362396331357,62326.808115853004,1220.7535628155447,1200.0,1200.0000000000018
Q4-3,2025-02-11,m3,54809.30627702146,57065.723575152035,15171.732667383802,72237.45624253583,3063.1649392169375,1200.0000000000018,1200.0000000000018
Q4-3,2025-02-12,m3,54519.56679951592,55320.77191059131,10922.141468457203,66242.91337904852,2267.2266470802,1200.0000000000018,1200.0
Q4-3,2025-02-13,m3,53093.29318227168,56379.79140250564,5205.407673537002,61585.19907604264,1195.6151922188858,1200.0,1200.0000000000018
Q4-3,2025-02-14,m3,17279.892596012003,19871.219325961065,5561.6869195910585,25432.906245552123,2052.909622681902,1200.0000000000018,1200.0000000000018
Q4-3,2025-02-15,m3,16066.633230410494,17916.04753949157,5589.889370936772,23505.936910428343,2145.2382629779813,1200.0000000000018,1200.0000000000018
Q4-3,2025-02-16,m3,52648.56308170024,52431.5072159688,21175.294875930133,73606.80209189894,4568.875331104159,1200.0000000000018,1200.0
Q4-3,2025-02-17,m3,50875.81968566438,50055.756024251314,17890.282699525516,67946.03872377683,4540.726630309691,1200.0,1200.0
Q4-3,2025-02-18,m3,49404.21810805664,57108.56350871197,6299.7070057889905,63408.27051450097,1290.365501954056,1200.0,1200.0
Q4-3,2025-02-19,m3,48692.08215765613,55366.19363296497,10710.871876605917,66077.06550957088,2245.8483603209966,1200.0,1200.0000000000018
Q4-3,2025-02-20,m3,49779.312823496984,52433.106681403515,11430.101851632002,63863.20853303552,2523.6649685431676,1200.0000000000018,1199.9999999999982
Q4-3,2025-02-21,m3,16927.853868464925,19294.766791399412,2729.5924345296517,22024.359225929064,1286.7881346923775,1199.9999999999982,1200.0000000000018
Q4-3,2025-02-22,m3,15224.645345010995,17160.20645539223,5157.995729122897,22318.202184515125,1897.6203335329822,1200.0000000000018,1200.0000000000036
Q4-3,2025-02-23,m3,49224.09274757275,53043.25972189361,11110.763380924636,64154.023102818246,2645.8898249128692,1200.0000000000036,1200.0000000000018
Q4-3,2025-02-24,m3,47674.05703710906,52667.35820620245,13351.242288275853,66018.6004944783,2817.361743038576,1200.0000000000018,1200.0
Q4-3,2025-02-25,m3,46728.55310711634,46497.587956473995,9120.457351298977,55618.045307772976,2012.0948648865121,1200.0,1199.9999999999982
Q4-3,2025-02-26,m3,45982.81812080843,54455.59205082785,5542.633965751592,59998.22601657944,1288.8366540969205,1199.9999999999982,1200.0
Q4-3,2025-02-27,m3,44671.661465163095,50615.11283094561,6652.692267376194,57267.805098321805,1244.8032745821797,1200.0,1200.0
Q4-3,2025-02-28,m3,15924.92050074765,18829.63780199315,1766.4657702101483,20596.103572203298,887.8698141399896,1200.0,1200.0
Q4-3,2025-03-01,m3,14117.189075809996,15290.014667146033,6795.3917559806105,22085.406423126646,2210.4516690666637,1200.0,1200.0
Q4-3,2025-03-02,m3,45234.518455990874,51517.196518866695,28477.647980853628,79994.84449972032,5905.449122799508,1200.0,1200.0
Q4-3,2025-03-03,m3,44378.11925745303,47519.4719370447,34874.24060724301,82393.7125442877,7956.273137160626,1200.0,1200.0
Q4-3,2025-03-04,m3,45729.37996903992,53678.65490079808,7659.373369563589,61338.02827036167,1817.2268994950819,1200.0,1200.0
Q4-3,2025-03-05,m3,44347.946873443754,46260.84054814235,15888.113362971457,62148.9539111138,3615.0162098057235,1200.0,1200.0
Q4-3,2025-03-06,m3,43672.24482020681,50036.95142251164,8367.509677953525,58404.46110046517,1900.2252071865169,1200.0,1200.0000000000018
Q4-3,2025-03-07,m3,14535.38093823724,15872.387101848737,6599.203529904449,22471.590631753184,2162.059146570296,1200.0000000000018,1200.0
Q4-3,2025-03-08,m3,13321.640317644407,15599.041086972868,1522.8287212282062,17121.869808201074,645.2870329565783,1200.0,1200.0000000000073
Q4-3,2025-03-09,m3,45254.518457370315,47216.55341579744,7314.431896493234,54530.98531229067,1771.2769600445974,1200.0000000000073,1200.0000000000055
Q4-3,2025-03-10,m3,44135.02812667185,51480.45588413131,9135.00119690497,60615.45708103628,2322.687680801641,1200.0000000000055,1200.0000000000036
Q4-3,2025-03-11,m3,43423.63984566109,56030.32494676456,6231.778079150553,62262.10302591511,1465.791226307563,1200.0000000000036,1200.0000000000018
Q4-3,2025-03-12,m3,41550.54080661274,42580.80965088047,13379.770747491482,55960.58039837195,3172.054882506054,1200.0000000000018,1200.0
Q4-3,2025-03-13,m3,41962.75995746879,47673.74504806519,18601.211695595266,66274.95674366046,4172.787210873236,1200.0,1200.0000000000018
Q4-3,2025-03-14,m3,13839.64119565146,15600.369221780353,1587.759940959868,17188.12916274022,697.5578026811861,1200.0000000000018,1200.0000000000036
Q4-3,2025-03-15,m3,12427.437164289362,14651.133123677393,5065.667911352753,19716.80103503015,1549.0677636405464,1200.0000000000036,1200.0
Q4-3,2025-03-16,m3,42680.30319569615,48373.79333789047,8720.075537444294,57093.86887533477,2113.3762921854923,1200.0,1200.0
Q4-3,2025-03-17,m3,40909.095278242945,44221.636122689015,4274.271753297159,48495.90787598617,1032.5715597072265,1200.0,1200.0
Q4-3,2025-03-18,m3,40050.39280250881,40591.1519192195,16146.957081990788,56738.10900121029,3342.946824833878,1200.0,1200.0000000000018
Q4-3,2025-03-19,m3,39547.76977341728,50040.809464635924,6000.7192466390225,56041.52871127495,1566.0533686188796,1200.0000000000018,1200.0000000000018
Q4-3,2025-03-20,m3,40006.82728255646,43597.732961954134,22875.817304683616,66473.55026663776,5397.146340453979,1200.0000000000018,1200.0000000000018
Q4-3,2025-03-21,m3,13432.005700113823,15622.913227437088,3109.732966998735,18732.646194435823,1252.7535672795234,1200.0000000000018,1200.0
Q4-3,2025-03-22,m3,11586.142988387348,12866.01751878157,5648.552506688356,18514.570025469926,1813.0910150517752,1200.0,1200.0
Q4-3,2025-03-23,m3,38718.97736200834,40883.351224339924,12775.028881318878,53658.3801056588,3035.001729160175,1200.0,1200.0
Q4-3,2025-03-24,m3,37669.48048140503,41440.085477866705,5451.196106935479,46891.281584802186,1397.7928688916265,1200.0,1200.0000000000018
Q4-3,2025-03-25,m3,37603.85636557439,38515.63279576944,30211.463744086097,68727.09653985553,7818.610374881205,1200.0000000000018,1200.0000000000036
Q4-3,2025-03-26,m3,36973.722180416386,42284.5315581573,12020.586720339079,54305.11827849638,3073.664322409174,1200.0000000000036,1200.0
Q4-3,2025-03-27,m3,36633.54209379843,38194.1621028927,16371.59300768335,54565.75511057605,3837.4234250918016,1200.0,1200.0000000000036
Q4-3,2025-03-28,m3,13032.106169064851,14204.204637440645,3616.88474223204,17821.089379672685,1145.2069034310775,1200.0000000000036,1200.0
Q4-3,2025-03-29,m3,11476.522535023189,13301.941899947831,3645.169177236454,16947.111077184287,1111.47149796634,1200.0,1200.0000000000018
Q4-3,2025-03-30,m3,35032.47239548818,36075.96467995692,17408.28139029425,53484.24607025117,4369.2321599311,1200.0000000000018,1200.0000000000018
Q4-3,2025-03-31,m3,35383.12045455488,44504.36551964931,7294.1891860061805,51798.55470565549,1639.4150537671062,1200.0000000000018,1200.0
Q4-3,2025-04-01,m3,36679.43170080712,39394.49374458626,24372.581760622008,63767.07550520827,6643.702750144188,1200.0,1200.0
Q4-3,2025-04-02,m3,34531.68078634388,39464.597022063776,23297.262520948552,62761.859543012324,5381.741883163615,1200.0,1200.0
Q4-3,2025-04-03,m3,36953.50572519789,37209.65224563271,15747.694068688472,52957.34631432118,3710.375090849437,1200.0,1200.0000000000018
Q4-3,2025-04-04,m3,12317.472803428176,14135.934219059369,1685.7116412511377,15821.645860310506,736.0166233585522,1200.0000000000018,1200.0000000000018
Q4-3,2025-04-05,m3,11169.926352382838,12824.216160116854,4883.2531592159385,17707.46931933279,1638.5164517367434,1200.0000000000018,1200.0000000000036
Q4-3,2025-04-06,m3,34888.05019126959,38242.418684033895,8493.302338353384,46735.72102238728,2248.1243553451795,1200.0000000000036,1200.0000000000018
Q4-3,2025-04-07,m3,35185.244262393055,42283.22869832786,4734.514508770408,47017.74320709827,1208.0465203141962,1200.0000000000018,1200.0000000000018
Q4-3,2025-04-08,m3,35069.276905419,36452.69774120876,16220.690748505545,52673.3884897143,3655.0486267814804,1200.0000000000018,1199.9999999999982
Q4-3,2025-04-09,m3,34473.16481344761,41550.50587345495,14785.252222474557,56335.75809592951,3543.5710633895496,1199.9999999999982,1200.0000000000018
Q4-3,2025-04-10,m3,34721.41582098503,38656.92933421067,15736.16688065861,54393.09621486928,3424.6924147218697,1200.0000000000018,1200.0000000000018
Q4-3,2025-04-11,m3,12064.966863950178,14768.223977987389,1853.075742681614,16621.299720669,878.9918967497556,1200.0000000000018,1199.9999999999964
Q4-3,2025-04-12,m3,10725.792161242538,11602.714869255778,6422.40081765936,18025.11568691514,2412.9387335771444,1199.9999999999964,1200.0
Q4-3,2025-04-13,m3,34151.79024834545,39334.319027600635,9161.815723078547,48496.13475067918,1989.7625996237239,1200.0,1200.0000000000018
Q4-3,2025-04-14,m3,33622.161864785056,32832.42773821526,16637.85287011437,49470.28060832963,4058.426364538049,1200.0000000000018,1200.0
Q4-3,2025-04-15,m3,33516.63690570464,40096.16575199104,5470.936161192211,45567.10191318325,1141.4460474751822,1200.0,1200.0
Q4-3,2025-04-16,m3,34020.43597408016,39642.41635921748,8403.786237198847,48046.202596416326,2086.2769845641196,1200.0,1200.0
Q4-3,2025-04-17,m3,33112.84127133711,40995.93579391771,9596.206504969232,50592.142298886945,2029.6334864495252,1200.0,1200.0
Q4-3,2025-04-18,m3,11467.513497363498,13008.967984720695,2714.482753891615,15723.450738612311,1161.744839516808,1200.0,1199.9999999999945
Q4-3,2025-04-19,m3,10349.851445824515,12583.248426696093,4331.614571759485,16914.862998455577,1584.003956553039,1199.9999999999945,1199.9999999999982
Q4-3,2025-04-20,m3,32326.23737796642,38596.15814123511,6617.544065494943,45213.70220673005,1569.6687052719171,1199.9999999999982,1200.0000000000018
Q4-3,2025-04-21,m3,32267.09267156234,31606.381953939428,12237.168561029383,43843.55051496881,3045.64260781273,1200.0000000000018,1200.0
Q4-3,2025-04-22,m3,32127.10640219303,40258.33429464891,5587.409220594339,45845.743515243244,1357.0893891879132,1200.0,1200.0000000000036
Q4-3,2025-04-23,m3,33641.61664366351,45172.81774715691,7322.590663157434,52495.40841031434,1738.3958798087401,1200.0000000000036,1200.0
Q4-3,2025-04-24,m3,31979.85545056276,37388.629160352735,8217.749576041615,45606.37873639435,1674.8822701257498,1200.0,1199.9999999999982
Q4-3,2025-04-25,m3,10659.8150710428,11807.272226851139,1762.0961801411802,13569.368406992318,780.7328550993307,1199.9999999999982,1200.0
Q4-3,2025-04-26,m3,10064.935800956162,11620.27354382265,3400.797444578867,15021.070988401516,1137.8494179755346,1200.0,1200.0000000000018
Q4-3,2025-04-27,m3,30595.18296549318,39043.89423097463,6336.796315221236,45380.69054619587,1535.8015464772432,1200.0000000000018,1200.0
Q4-3,2025-04-28,m3,31110.08723978621,37446.656400534965,19110.810359459596,56557.46675999456,4862.268198146392,1200.0,1200.0000000000018
Q4-3,2025-04-29,m3,31363.54369828607,37578.06732576565,5744.265788081564,43322.33311384721,1341.524638291899,1200.0000000000018,1200.0000000000018
Q4-3,2025-04-30,m3,31281.0885678606,37602.66507534852,8235.700968444893,45838.366043793416,1885.6007876154645,1200.0000000000018,1200.0
Q4-3,2025-05-01,m3,30100.01974332649,37261.16274714571,24878.473670296837,62139.63641744255,5152.994995995761,1200.0,1200.0000000000018
Q4-3,2025-05-02,m3,11600.982098773335,12625.366717479656,11947.98745681843,24573.354174298085,3760.63922929727,1200.0000000000018,1200.0
Q4-3,2025-05-03,m3,10766.564371732757,11835.357739163594,14027.064664938363,25862.422404101955,3792.2005568003024,1200.0,1200.0000000000018
Q4-3,2025-05-04,m3,32833.02489959097,33330.29097829618,23632.081919884353,56962.37289818053,5766.056349212464,1200.0000000000018,1199.9999999999982
Q4-3,2025-05-05,m3,33063.79780283902,37046.65256832696,22804.05223785222,59850.70480617917,4925.910265886347,1199.9999999999982,1200.0
Q4-3,2025-05-06,m3,33730.46583920806,43130.242667358725,11157.887079253975,54288.1297466127,2654.7125763454005,1200.0,1200.0000000000018
Q4-3,2025-05-07,m3,34018.00517933831,43229.07251871168,17110.168049320964,60339.24056803264,3512.5715856983384,1200.0000000000018,1200.0000000000018
Q4-3,2025-05-08,m3,33938.966110764784,38958.34773753434,15868.669556737583,54827.01729427192,3808.2134477757745,1200.0000000000018,1200.0000000000018
Q4-3,2025-05-09,m3,12645.520361497616,14609.642847301027,2740.157812834697,17349.800660135723,1073.3220223904473,1200.0000000000018,1200.0000000000018
Q4-3,2025-05-10,m3,10977.285694658616,12886.438894334598,10483.031717583604,23369.4706119182,2990.147456178768,1200.0000000000018,1200.0000000000036
Q4-3,2025-05-11,m3,33979.10543991231,39433.25589294688,13972.09495964093,53405.35085258781,3277.3504697067874,1200.0000000000036,1200.0000000000018
Q4-3,2025-05-12,m3,34494.84444832212,45001.827883188875,6390.214341765852,51392.04222495473,1616.445592771105,1200.0000000000018,1200.0
Q4-3,2025-05-13,m3,33681.164557204786,36568.71429643938,18473.904014402622,55042.618310842,3983.8692330310832,1200.0,1200.0000000000036
Q4-3,2025-05-14,m3,33389.803006908754,39345.22136005559,18826.69975262905,58171.92111268464,4139.5649942683785,1200.0000000000036,1200.0000000000018
Q4-3,2025-05-15,m3,33702.8799455609,38604.72764411026,16088.643782141238,54693.3714262515,3642.851030402192,1200.0000000000018,1200.0
Q4-3,2025-05-16,m3,12413.345010637106,13577.773647139831,3971.1426605808056,17548.916307720636,1430.4430621020852,1200.0,1199.9999999999982
Q4-3,2025-05-17,m3,10941.190343993752,12170.783955355262,9872.682475868693,22043.466431223955,3250.5742228145145,1199.9999999999982,1200.0000000000036
Q4-3,2025-05-18,m3,33265.18855367865,36002.98364815912,14901.922642798734,50904.90629095785,4089.9163284041183,1200.0000000000036,1200.0000000000018
Q4-3,2025-05-19,m3,33229.35717339303,37015.12347294057,8137.982522342623,45153.10599528319,1767.290870463877,1200.0000000000018,1200.0000000000018
Q4-3,2025-05-20,m3,32719.727091959285,41229.93622230372,9134.841531476659,50364.77775378038,1886.6206734354953,1200.0000000000018,1200.0
Q4-3,2025-05-21,m3,32632.735045782996,42394.838758825965,8992.774395109082,51387.613153935046,2075.919455521226,1200.0,1200.0
Q4-3,2025-05-22,m3,32580.47113147049,38592.94213518166,8821.51301199803,47414.455147179695,1830.6724393436566,1200.0,1200.0
Q4-3,2025-05-23,m3,11988.824061487485,14065.754840916214,2435.189507630186,16500.9443485464,1089.8694573146759,1200.0,1199.9999999999982
Q4-3,2025-05-24,m3,10990.908640349011,11795.861007374751,5246.775621205404,17042.636628580156,1619.3762667992073,1199.9999999999982,1200.0000000000018
Q4-3,2025-05-25,m3,32392.32532451857,36351.437943919926,9010.515906621527,45361.95385054145,2124.9218671222216,1200.0000000000018,1200.0000000000055
Q4-3,2025-05-26,m3,32799.6634792666,45291.4627017616,8105.610173391345,53397.072875152946,1833.6204145770703,1200.0000000000055,1200.0000000000018
Q4-3,2025-05-27,m3,32741.07072106161,41117.61221048837,7419.969965392547,48537.58217588092,1781.274981279867,1200.0000000000018,1200.0000000000018
Q4-3,2025-05-28,m3,32547.537283357844,38647.742189574215,8898.97121938523,47546.71340895945,2121.9058637247203,1200.0000000000018,1200.0000000000018
Q4-3,2025-05-29,m3,32877.46392651052,40244.04722217141,10799.07949134512,51043.126713516525,2270.649721247516,1200.0000000000018,1200.0
Q4-3,2025-05-30,m3,12571.044659043462,14178.517738382783,1715.068455141542,15893.586193524325,794.2964090372834,1200.0,1200.0000000000018
Q4-3,2025-05-31,m3,10733.407612311941,10970.717267979655,8671.071750784497,19641.789018764153,3006.162181692406,1200.0000000000018,1200.0
Q4-3,2025-06-01,m3,35485.50057760099,38481.55427312744,91238.56903164535,129720.1233047728,20792.099449058238,1200.0,1200.0
Q4-3,2025-06-02,m3,36681.6054416775,36601.759659350275,78167.71605720336,114769.47571655363,18259.35756631277,1200.0,1200.0
Q4-3,2025-06-03,m3,40242.30189921125,46424.30069710078,31701.02319293221,78125.32389003299,7238.14300026292,1200.0,1200.0000000000018
Q4-3,2025-06-04,m3,40856.530554573226,39849.660489432135,70876.45746200508,110726.11795143722,17035.661339500708,1200.0000000000018,1200.0
Q4-3,2025-06-05,m3,43995.405242528104,52586.828021964146,22621.703004337338,75208.53102630148,5249.761295851148,1200.0,1200.0
Q4-3,2025-06-06,m3,17360.109862828278,18688.561208083385,16656.65127586005,35345.21248394344,5370.996991444051,1200.0,1200.0000000000018
Q4-3,2025-06-07,m3,14046.009649434563,15604.760727555218,30068.93314316366,45673.69387071888,8311.275585193416,1200.0000000000018,1199.9999999999982
Q4-3,2025-06-08,m3,46376.6867334955,51534.741183173806,21140.960016741963,72675.70119991577,3974.806576904894,1199.9999999999982,1200.0000000000018
Q4-3,2025-06-09,m3,48608.469223585336,49889.349892409235,25214.38002359758,75103.72991600682,5112.350273524815,1200.0000000000018,1200.0000000000018
Q4-3,2025-06-10,m3,49198.589234262894,58119.99906258841,9032.70066478274,67152.69972737115,2155.7224810406324,1200.0000000000018,1200.0
Q4-3,2025-06-11,m3,50690.19277720754,59031.04956339463,20677.091368273323,79708.14093166795,4055.693511239463,1200.0,1200.0
Q4-3,2025-06-12,m3,52778.323556450996,58867.12078370748,12122.887351862311,70990.00813556979,2424.3805122596896,1200.0,1200.0000000000018
Q4-3,2025-06-13,m3,20578.46529873865,24564.253830962145,1732.3007120732432,26296.55454303539,913.4845197923219,1200.0000000000018,1199.9999999999982
Q4-3,2025-06-14,m3,16413.466285696253,18232.289267096592,12253.331266904144,30485.620534000736,3986.922266143474,1199.9999999999982,1199.9999999999982
Q4-3,2025-06-15,m3,47743.57957902775,58784.90209333457,11106.046965436075,69890.94905877064,2031.844759929807,1199.9999999999982,1200.0
Q4-3,2025-06-16,m3,50967.394357384765,59734.259731628685,12138.820977909749,71873.08070953844,2657.9991496433827,1200.0,1200.0000000000018
Q4-3,2025-06-17,m3,51496.63858004277,61186.219268903165,20109.935387882695,81296.15465678586,4084.044666328473,1200.0000000000018,1200.0000000000018
Q4-3,2025-06-18,m3,52458.53539233279,59986.24408800439,8490.916325920378,68477.16041392476,1924.2687626016022,1200.0000000000018,1200.0000000000018
Q4-3,2025-06-19,m3,49634.52678142101,56642.80836387692,12149.458641718546,68792.26700559547,2347.4386369111744,1200.0000000000018,1200.0
Q4-3,2025-06-20,m3,20438.071021099528,22884.8880631333,1579.6433125897115,24464.531375723014,666.8221267526447,1200.0,1200.0000000000036
Q4-3,2025-06-21,m3,15919.395077441452,18134.3225759806,7139.173718463754,25273.496294444354,2188.661369930272,1200.0000000000036,1199.9999999999982
Q4-3,2025-06-22,m3,47356.875301297485,54917.44294906605,8307.559241195857,63225.002190261905,1757.3177970204097,1199.9999999999982,1200.0000000000018
Q4-3,2025-06-23,m3,48325.00189417254,54887.4973697765,10352.600998033864,65240.098367810366,2171.5622802143753,1200.0000000000018,1200.0
Q4-3,2025-06-24,m3,50356.08609121606,54866.968975619595,27634.314487044412,82501.28346266401,5980.102228477267,1200.0,1200.0
Q4-3,2025-06-25,m3,49198.145723358946,59153.16888443088,6780.172925136747,65933.34180956763,1555.8103378516882,1200.0,1200.0000000000018
Q4-3,2025-06-26,m3,47451.7473759806,56310.06875065302,10619.925185629792,66929.99393628282,2171.361472471407,1200.0000000000018,1200.0
Q4-3,2025-06-27,m3,17586.516190312825,18356.845172450314,3030.135211375825,21386.98038382614,1186.5822909798453,1200.0,1200.0
Q4-3,2025-06-28,m3,15399.126155206535,17201.410024762892,6383.980975066815,23585.390999829706,2189.213370915898,1200.0,1200.0000000000018
Q4-3,2025-06-29,m3,47985.502120802324,60065.90318351997,9463.397656115509,69529.30083963549,1858.651543920144,1200.0000000000018,1200.0000000000018
Q4-3,2025-06-30,m3,49504.09555520539,55274.94748665105,4624.448042162268,59899.395528813315,1152.5236125974357,1200.0000000000018,1200.0000000000018
Q4-3,2025-07-01,m3,54894.53004920918,65353.84188436839,37323.44718552237,102677.28906989076,8633.618219346698,1200.0000000000018,1200.0
Q4-3,2025-07-02,m3,54093.26824275998,60157.10825151688,39607.07038280115,99764.17863431803,8636.027468791148,1200.0,1200.0000000000018
Q4-3,2025-07-03,m3,55581.362453010064,63270.71163081759,35923.41102519685,99194.12265601444,7072.106395634179,1200.0000000000018,1200.0
Q4-3,2025-07-04,m3,22493.7843905962,26330.476097810275,20563.91678467825,46894.39288248852,5571.934900405276,1200.0,1200.0
Q4-3,2025-07-05,m3,20439.492991453073,22440.983096690245,19909.897459709657,42350.880556399905,5483.204603732593,1200.0,1200.0
Q4-3,2025-07-06,m3,53506.68957717584,68281.88277384087,39894.290234229265,108176.17300807014,7481.221680420457,1200.0,1200.0
Q4-3,2025-07-07,m3,58575.77811922537,63158.83386462943,15475.404596646611,78634.23846127604,2826.233055054259,1200.0,1200.0000000000018
Q4-3,2025-07-08,m3,60605.578705173655,64434.357453228935,10583.244626438478,75017.60207966741,1808.4783296511723,1200.0000000000018,1200.0000000000018
Q4-3,2025-07-09,m3,58672.477710812964,61986.93223590938,14109.203436894717,76096.1356728041,2178.394805746671,1200.0000000000018,1200.0
Q4-3,2025-07-10,m3,58583.689061250465,65663.76900194134,11023.52834909188,76687.29735103322,2026.2980976618985,1200.0,1200.0000000000018
Q4-3,2025-07-11,m3,26749.143952363058,27213.90476912975,5814.7249188978985,33028.62968802765,1818.692187940492,1200.0000000000018,1200.0000000000018
Q4-3,2025-07-12,m3,22740.494387973435,27542.509156239197,10343.835634133879,37886.34479037308,3053.9597001562315,1200.0000000000018,1200.0000000000036
Q4-3,2025-07-13,m3,55606.985215638255,55913.28685793237,30666.4712762355,86579.75813416787,5534.263362037747,1200.0000000000036,1200.0
Q4-3,2025-07-14,m3,55075.80333428313,60458.89804144175,12584.36854977805,73043.2665912198,2367.449789417036,1200.0,1200.0
Q4-3,2025-07-15,m3,56762.413145076076,58629.72778584355,17094.01532426485,75723.7431101084,3992.012373428992,1200.0,1200.0
Q4-3,2025-07-16,m3,55898.2561502614,60790.78451657319,18640.058278975957,79430.84279554915,3493.980606603678,1200.0,1200.0
Q4-3,2025-07-17,m3,55042.96399799054,63387.82961909396,13864.822222741112,77252.65184183508,2654.2215836393143,1200.0,1200.0
Q4-3,2025-07-18,m3,25943.647373444903,26759.620346331398,12634.97801200012,39394.59835833152,3790.0582854237855,1200.0,1200.0
Q4-3,2025-07-19,m3,22904.150489222004,23705.74975255514,14339.51470381908,38045.26445637422,4180.12070302233,1200.0,1200.0
Q4-3,2025-07-20,m3,54137.647538237055,59342.649798728075,16480.04267205983,75822.69247078791,3661.244146692038,1200.0,1200.0000000000018
Q4-3,2025-07-21,m3,55280.78806953017,60448.21369743682,13403.680824262377,73851.8945216992,2985.283678708092,1200.0000000000018,1200.0000000000018
Q4-3,2025-07-22,m3,56458.92853349396,65877.882479166,10401.916125579446,76279.79860474545,2110.3802703688516,1200.0000000000018,1200.0000000000018
Q4-3,2025-07-23,m3,55130.98423438083,53947.69933142305,37034.66356762033,90982.36289904338,7373.713294300153,1200.0000000000018,1200.0000000000018
Q4-3,2025-07-24,m3,55819.07826210103,55154.13567373387,31691.74638833534,86845.88206206921,6342.03760113624,1200.0000000000018,1200.0
Q4-3,2025-07-25,m3,25937.266976202955,28037.314310987946,2110.478527923773,30147.79283891172,712.7967716039606,1200.0,1200.0
Q4-3,2025-07-26,m3,23542.849835276094,25252.148535166987,6096.100405866755,31348.248941033744,2160.078107467973,1200.0,1200.0
Q4-3,2025-07-27,m3,54999.8806358252,61657.08187263306,12932.70666850021,74589.78854113327,2541.220090597145,1200.0,1200.0000000000018
Q4-3,2025-07-28,m3,55635.64912811945,63123.02795479556,13783.842371980485,76906.87032677604,3117.3817878502223,1200.0000000000018,1200.0
Q4-3,2025-07-29,m3,56471.13312814479,69044.33827826369,8292.790450054286,77337.12872831797,1467.6326276304237,1200.0,1200.0
Q4-3,2025-07-30,m3,56218.93400835044,74134.91614475529,6186.039631362688,80320.95577611797,1277.616853736506,1200.0,1200.0000000000018
Q4-3,2025-07-31,m3,56491.81761709716,67483.51463532832,7450.314981215801,74933.82961654413,1330.9113917238367,1200.0000000000018,1200.0
Q4-3,2025-08-01,m3,25113.568544733316,26151.722926304938,1437.3192369486542,27589.04216325359,383.7183172941004,1200.0,1200.0
Q4-3,2025-08-02,m3,23293.317345574134,24205.49096563679,7912.881680507869,32118.372646144657,2276.1299860146664,1200.0,1200.0
Q4-3,2025-08-03,m3,53619.36354910095,59369.26398119592,9262.927751593512,68632.19173278943,1769.465175887683,1200.0,1200.0
Q4-3,2025-08-04,m3,53489.08758854623,58486.28907387702,14715.27773454958,73201.5668084266,3194.500066477684,1200.0,1200.0000000000018
Q4-3,2025-08-05,m3,52519.107710385506,59855.59183894008,6458.265248959232,66313.85708789932,1492.954189501263,1200.0000000000018,1200.0
Q4-3,2025-08-06,m3,51885.4912849392,55322.65771976242,34666.69266843326,89989.35038819569,6858.886850132683,1200.0,1200.0
Q4-3,2025-08-07,m3,51084.09853329828,52277.49998359559,12398.955329489894,64676.455313085484,3076.2080483873033,1200.0,1200.0
Q4-3,2025-08-08,m3,23661.043487960087,24771.51540661438,1769.6408892688746,26541.156295883255,569.1372462180902,1200.0,1200.0
Q4-3,2025-08-09,m3,22121.355335970064,23297.34560981846,4546.806122515509,27844.151732333972,1564.1458912852063,1200.0,1200.0
Q4-3,2025-08-10,m3,48007.03135963586,51116.44247874529,30650.011484291415,81766.4539630367,6364.581464519091,1200.0,1200.0
Q4-3,2025-08-11,m3,49052.562190382465,56762.22876522919,8280.557552176091,65042.78631740528,1822.3831151859042,1200.0,1200.0000000000018
Q4-3,2025-08-12,m3,50086.594062493605,54858.54030432333,19349.038174803543,74207.57847912688,3998.8700201263605,1200.0000000000018,1200.0
Q4-3,2025-08-13,m3,49966.13759398581,58568.85786624451,8133.0696532415695,66701.92751948608,1691.0083784389778,1200.0,1200.0000000000018
Q4-3,2025-08-14,m3,49487.71339250429,57430.748683173784,14275.657568181137,71706.40625135493,2779.019927317167,1200.0000000000018,1200.0
Q4-3,2025-08-15,m3,23577.204341422785,24442.4950677772,9980.904170099388,34423.39923787658,3455.8285284897465,1200.0,1200.0000000000036
Q4-3,2025-08-16,m3,22120.061219976633,22656.99644308657,16526.096678246875,39183.09312133344,4947.919978745921,1200.0000000000036,1200.0
Q4-3,2025-08-17,m3,48387.53439986349,51808.55239191022,12768.057821258644,64576.61021316887,2938.623561997777,1200.0,1200.0000000000018
Q4-3,2025-08-18,m3,49518.224916512176,54312.260187098116,18134.87368892014,72447.13387601826,3393.126737124195,1200.0000000000018,1200.0000000000018
Q4-3,2025-08-19,m3,49889.839203625204,55577.68073507711,10342.959829272757,65920.64056434987,2059.6933210852894,1200.0000000000018,1200.0
Q4-3,2025-08-20,m3,49752.62215394832,54264.16055152862,30216.06952286084,84480.23007438946,6609.508132966195,1200.0,1200.0000000000018
Q4-3,2025-08-21,m3,49918.45821676675,52838.037882789984,18002.979762660892,70841.01764545088,3623.31254243105,1200.0000000000018,1200.0
Q4-3,2025-08-22,m3,24024.238091109295,24800.71429957312,8193.1787437985,32993.893043371616,2718.201835558652,1200.0,1200.0000000000036
Q4-3,2025-08-23,m3,22420.981125215818,24350.837912767915,6035.938297282807,30386.77621005072,1914.3418662042168,1200.0000000000036,1200.0
Q4-3,2025-08-24,m3,48613.98324394809,54107.77308435957,17173.811106568195,71281.58419092777,3270.7507633446066,1200.0,1200.0000000000018
Q4-3,2025-08-25,m3,50374.82506290986,49415.234600531105,45568.048076012215,94983.28267654331,11824.727550095482,1200.0000000000018,1200.0000000000018
Q4-3,2025-08-26,m3,50882.676959268596,56222.32182038628,11334.308795907946,67556.63061629422,2220.8572769886555,1200.0000000000018,1200.0000000000018
Q4-3,2025-08-27,m3,50713.55195418933,60091.58203608627,11745.223814491099,71836.80585057737,2149.510475937495,1200.0000000000018,1200.0000000000018
Q4-3,2025-08-28,m3,50358.61529272001,61698.37076924306,17637.688164362437,79336.0589336055,3612.1292792835293,1200.0000000000018,1200.0000000000018
Q4-3,2025-08-29,m3,24511.811234949208,25488.544865954304,4940.016718757724,30428.561584712028,1912.3481452344765,1200.0000000000018,1200.0000000000018
Q4-3,2025-08-30,m3,22636.888887866564,23616.71519151146,11931.091935905879,35547.80712741734,3955.132458545616,1200.0000000000018,1200.0
Q4-3,2025-08-31,m3,48292.80025691725,56114.548347027354,15764.254117723389,71878.80246475074,3278.5574535248898,1200.0,1200.0000000000018
Q4-3,2025-09-01,m3,44989.13638362249,45536.31587963835,4330.255112993555,49866.5709926319,1740.0237146178886,1200.0000000000018,1200.0
Q4-3,2025-09-02,m3,42498.25511828316,48738.04851030183,362.8962078087626,49100.94471811059,80.51687456670578,1200.0,1200.0
Q4-3,2025-09-03,m3,43486.38788977133,47045.65897531169,785.1395567548284,47830.798532066525,136.77047163962635,1200.0,1200.0
Q4-3,2025-09-04,m3,40555.56594323586,43119.66178884786,6637.718803885773,49757.38059273363,1315.6286467931952,1200.0,1200.0
Q4-3,2025-09-05,m3,18171.02129199718,19142.622777157678,21.452427305767262,19164.075204463446,12.147467330559039,1200.0,1200.0000000000018
Q4-3,2025-09-06,m3,15073.166225160567,16031.859777676553,4016.6256883260335,20048.485466002585,1775.5339259141945,1200.0000000000018,1200.0
Q4-3,2025-09-07,m3,37358.19943216011,45106.40747202519,6107.687590583735,51214.095062608925,1098.7488329474218,1200.0,1200.0000000000018
Q4-3,2025-09-08,m3,36321.50753948726,41348.86133218631,18415.926614703276,59764.787946889584,4099.743605441936,1200.0000000000018,1200.0
Q4-3,2025-09-09,m3,36977.62584673702,44600.254500544455,10687.218389971782,55287.472890516234,1970.4956913469698,1200.0,1200.0
Q4-3,2025-09-10,m3,37809.10509878942,42547.00454283785,22271.095355515237,64818.09989835309,5051.017891214591,1200.0,1200.0
Q4-3,2025-09-11,m3,38153.87575253898,40447.58672448748,19523.01342431658,59970.600148804064,4288.738989905849,1200.0,1199.9999999999982
Q4-3,2025-09-12,m3,16750.918467694173,18091.40784699571,1482.0385792378447,19573.446426233553,523.5698567201899,1199.9999999999982,1200.0000000000018
Q4-3,2025-09-13,m3,14980.093484689485,16599.392456387694,2858.4231943957743,19457.81565078347,1493.1059812194644,1200.0000000000018,1200.0
Q4-3,2025-09-14,m3,38287.27664940088,38373.043152765014,26979.64865830917,65352.69181107418,5973.2036647349305,1200.0,1200.0000000000018
Q4-3,2025-09-15,m3,38268.97077197984,45370.43981525417,9918.152124206083,55288.59193946025,1937.879927301934,1200.0000000000018,1200.0
Q4-3,2025-09-16,m3,38100.14404665839,40005.5298852451,31432.66822216589,71438.198107411,7783.704533445568,1200.0,1200.0000000000018
Q4-3,2025-09-17,m3,39599.069136494974,42935.90304431938,19318.619186120326,62254.5222304397,4191.736576107298,1200.0000000000018,1200.0
Q4-3,2025-09-18,m3,37819.70581679478,48821.71690631549,13298.043318212756,62119.76022452825,2603.4500218597477,1200.0,1200.0000000000018
Q4-3,2025-09-19,m3,17581.6807185256,19305.364942959666,1337.5691418431993,20642.934084802866,710.7071040819906,1200.0000000000018,1200.0
Q4-3,2025-09-20,m3,15096.914607303735,16581.01274836788,5351.761136439165,21932.773884807044,2091.486708975819,1200.0,1200.0000000000036
Q4-3,2025-09-21,m3,40201.86643728259,44213.14983945353,11309.644448743611,55522.79428819714,2281.5954635684143,1200.0000000000036,1199.9999999999982
Q4-3,2025-09-22,m3,39717.997749489965,41059.35975119712,32279.27466386713,73338.63441506424,7800.635866784327,1199.9999999999982,1200.0
Q4-3,2025-09-23,m3,39510.402048163305,43056.31924489495,21014.766360048627,64071.085604943575,4383.489179236782,1200.0,1199.9999999999982
Q4-3,2025-09-24,m3,40567.61034928623,52014.16988578961,8529.730022977743,60543.89990876736,2105.32859042806,1199.9999999999982,1199.9999999999982
Q4-3,2025-09-25,m3,40085.11103742824,47828.77401414489,11490.180139554868,59318.95415369976,2721.7688314542693,1199.9999999999982,1200.0
Q4-3,2025-09-26,m3,17414.140238007556,18609.3840871607,2676.022164166845,21285.406251327542,1064.2472402617136,1200.0,1200.0
Q4-3,2025-09-27,m3,15496.692186923186,17934.507413130053,4167.646461927914,22102.153875057968,1507.9326276020715,1200.0,1200.0000000000018
Q4-3,2025-09-28,m3,40451.66444335038,49502.483234083906,9059.827262312925,58562.31049639683,1990.0140497604705,1200.0000000000018,1200.0
Q4-3,2025-09-29,m3,40596.71017252243,41862.251242105194,20666.820247723954,62529.07148982915,4505.830150180867,1200.0,1200.0000000000018
Q4-3,2025-09-30,m3,41111.43497981365,49134.328886972056,19841.553376800548,68975.8822637726,4334.128174457947,1200.0000000000018,1199.9999999999982
Q4-3,2025-10-01,m3,40458.38291203446,43916.60954985169,2823.35146701499,46739.96101686668,858.4841393859806,1199.9999999999982,1199.9999999999982
Q4-3,2025-10-02,m3,36149.27731156097,36365.23214417537,12895.427637586765,49260.65978176213,3073.432005496627,1199.9999999999982,1200.0
Q4-3,2025-10-03,m3,14454.98529772354,17002.199566484804,869.7910054729736,17871.990571957776,470.534320463854,1200.0,1200.0
Q4-3,2025-10-04,m3,13458.252984586932,14288.477187090699,4846.47870364452,19134.95589073522,2045.4439556720854,1200.0,1200.0000000000073
Q4-3,2025-10-05,m3,37483.333970179854,38481.65001358514,9260.788971161819,47742.43898474696,2594.736880790631,1200.0000000000073,1199.9999999999982
Q4-3,2025-10-06,m3,38622.11749564783,48661.34538184396,5131.407614901816,53792.752996745774,1129.3179882676277,1199.9999999999982,1199.9999999999964
Q4-3,2025-10-07,m3,37469.648684424916,45449.46459164235,3893.835266147812,49343.29985779016,940.1254412314596,1199.9999999999964,1200.0
Q4-3,2025-10-08,m3,35290.730815073824,41447.54399779539,12030.535402717915,53478.0794005133,2532.1190116121356,1200.0,1200.0
Q4-3,2025-10-09,m3,35990.93552846659,36052.67175240453,26429.257964097837,62481.92971650237,6552.554643244722,1200.0,1200.0000000000036
Q4-3,2025-10-10,m3,14223.954459882525,15179.922055677982,2118.264162416079,17298.186218094062,1062.4272973961617,1200.0000000000036,1200.0
Q4-3,2025-10-11,m3,12909.741727501369,14271.754768317733,4443.068262145928,18714.82303046366,1902.9001054817022,1200.0,1200.0000000000018
Q4-3,2025-10-12,m3,35971.81502062424,40572.719873173126,12310.616018253775,52883.335891426905,2524.9494280687077,1200.0000000000018,1200.0000000000018
Q4-3,2025-10-13,m3,38084.27372920145,41453.26640790451,19508.74175253358,60962.0081604381,4710.932078871609,1200.0000000000018,1200.0
Q4-3,2025-10-14,m3,38867.20710977311,42196.72616198152,19926.634471486144,62123.36063346766,4727.8996157291585,1200.0,1200.0
Q4-3,2025-10-15,m3,36470.17308989832,38694.72213923962,36127.85741641159,74822.5795556512,8634.26763130451,1200.0,1200.0
Q4-3,2025-10-16,m3,37455.78063485897,43709.517165855286,27716.85029064661,71426.3674565019,6052.477369677825,1200.0,1200.0
Q4-3,2025-10-17,m3,15140.244149619324,20105.001523808347,1570.9929405783937,21675.994464386742,862.0891741963504,1200.0,1199.9999999999982
Q4-3,2025-10-18,m3,13550.139144917406,15276.112676919576,6282.7444933779625,21558.85717029754,2420.7754523691933,1199.9999999999982,1200.0000000000018
Q4-3,2025-10-19,m3,38738.863846169945,43070.380462348665,25850.8592202235,68921.23968257217,5506.162426763412,1200.0000000000018,1200.0000000000036
Q4-3,2025-10-20,m3,41591.28619969561,44037.1171803409,17010.16416826017,61047.28134860107,3611.3286344764647,1200.0000000000036,1199.9999999999982
Q4-3,2025-10-21,m3,43029.244785546216,48825.6414951824,11201.176077534945,60026.817572717344,2742.804130650323,1199.9999999999982,1200.0000000000018
Q4-3,2025-10-22,m3,40006.30234757974,46633.55797529063,14963.188854664691,61596.746829955315,3075.050941500959,1200.0000000000018,1200.0000000000018
Q4-3,2025-10-23,m3,40516.8083921168,40620.843667236695,33838.05665891328,74458.90032614997,9287.727094181253,1200.0000000000018,1200.0
Q4-3,2025-10-24,m3,14938.712836539364,17446.873695744667,2551.9900571878507,19998.863752932517,1101.3703261032633,1200.0,1200.0
Q4-3,2025-10-25,m3,14028.005792199272,15940.894604197305,6143.774895962359,22084.669500159664,2149.867788083825,1200.0,1200.0000000000018
Q4-3,2025-10-26,m3,42588.59560971924,43819.96242370606,16625.592609978266,60445.55503368433,4171.614397310332,1200.0000000000018,1199.9999999999982
Q4-3,2025-10-27,m3,43489.6873475275,52843.35971813674,5694.823160682883,58538.18287881962,1318.8381457947044,1199.9999999999982,1200.0000000000018
Q4-3,2025-10-28,m3,44343.52998504402,54311.783538820564,4785.23461085724,59097.0181496778,1176.7511943895665,1200.0000000000018,1200.0000000000018
Q4-3,2025-10-29,m3,42077.630542498366,48233.23890478186,20833.1254550948,69066.36435987666,4979.854433923141,1200.0000000000018,1200.0
Q4-3,2025-10-30,m3,43870.69259131576,52199.46628376127,8294.066323232133,60493.5326069934,1903.4656766438081,1200.0,1199.9999999999982
Q4-3,2025-10-31,m3,15775.832051744906,17646.223674916746,5247.173454967315,22893.397129884062,1794.991563189076,1199.9999999999982,1199.9999999999982
Q4-3,2025-11-01,m3,13678.617675760906,15758.62768195027,3926.106796447756,19684.734478398026,1397.1607003612457,1199.9999999999982,1200.0
Q4-3,2025-11-02,m3,43976.46890862804,51434.62766102812,16052.562597849519,67487.19025887764,3282.2236019575084,1200.0,1200.0
Q4-3,2025-11-03,m3,46414.696458784434,48838.43853496655,12454.660276892484,61293.09881185904,3549.964733652654,1200.0,1200.0000000000018
Q4-3,2025-11-04,m3,47182.22173165455,55484.15254446811,7410.106555727919,62894.25910019603,1595.7274596448683,1200.0000000000018,1199.9999999999982
Q4-3,2025-11-05,m3,47196.83857661304,49477.70777997546,20463.008576407447,69940.71635638291,5111.394770624128,1199.9999999999982,1200.0
Q4-3,2025-11-06,m3,47629.56803943169,55982.03057203094,9092.685504773683,65074.71607680462,2241.709662198552,1200.0,1200.0000000000018
Q4-3,2025-11-07,m3,16289.03695733137,20424.39928152519,1044.9429572680856,21469.342238793277,571.1129205473571,1200.0000000000018,1200.0
Q4-3,2025-11-08,m3,14425.277824435943,16001.654356602956,3916.3298202527053,19917.98417685566,1227.5566846986044,1200.0,1200.0000000000036
Q4-3,2025-11-09,m3,47689.95252737045,54066.63952860764,10789.292480563578,64855.932009171214,2306.740424280373,1200.0000000000036,1200.0000000000018
Q4-3,2025-11-10,m3,49518.54903523139,58677.49911596946,13997.629612384973,72675.12872835444,2970.872641521012,1200.0000000000018,1200.0000000000018
Q4-3,2025-11-11,m3,49709.357189761315,51741.673177704426,7670.250841807193,59411.92401951162,1751.4502467876573,1200.0000000000018,1200.0
Q4-3,2025-11-12,m3,49811.33714112618,57273.88321134334,7278.160472279099,64552.04368362244,1653.8145621144722,1200.0,1200.0
Q4-3,2025-11-13,m3,49935.557982026265,58872.451520778865,7920.027736938121,66792.47925771699,1798.729227433817,1200.0,1200.0000000000018
Q4-3,2025-11-14,m3,17045.8647870474,20108.47248847971,674.274108974599,20782.74659745431,367.9184233552833,1200.0000000000018,1200.0
Q4-3,2025-11-15,m3,14932.491481180892,16092.56875865454,8252.358364552638,24344.927123207177,2358.676628649405,1200.0,1200.0000000000018
Q4-3,2025-11-16,m3,51180.304945412514,60870.50181340267,6524.936920451462,67395.43873385413,1388.8264652999953,1200.0000000000018,1200.0000000000036
Q4-3,2025-11-17,m3,52180.99290499469,65264.542678176,3728.857685305153,68993.40036348115,914.429902431657,1200.0000000000036,1200.0
Q4-3,2025-11-18,m3,51883.430603925975,59744.38561495274,9799.425859319683,69543.81147427243,2068.9438113345986,1200.0,1200.0000000000018
Q4-3,2025-11-19,m3,52614.171339361885,65102.20127606622,7824.506320900188,72926.7075969664,1893.5381895869352,1200.0000000000018,1200.0
Q4-3,2025-11-20,m3,53064.87730354753,62766.009303522565,6814.568395301705,69580.57769882427,1609.002367314436,1200.0,1199.9999999999964
Q4-3,2025-11-21,m3,17795.319058053752,23383.900515179543,1746.8231543971012,25130.723669576644,893.9634734255673,1199.9999999999964,1200.0
Q4-3,2025-11-22,m3,14946.161753466684,16606.024957690974,6732.93835165783,23338.963309348805,2278.2015582465674,1200.0,1200.0
Q4-3,2025-11-23,m3,53607.277970234136,64042.505601150886,7330.297747681876,71372.80334883276,1565.2567992056765,1200.0,1200.0
Q4-3,2025-11-24,m3,53396.380739922475,61960.55984956121,6732.38889037481,68692.94873993602,1475.5607575744825,1200.0,1200.0000000000018
Q4-3,2025-11-25,m3,53106.99527709029,54415.474475342846,17946.978737249792,72362.45321259263,4059.1018302041966,1200.0000000000018,1199.9999999999982
Q4-3,2025-11-26,m3,53677.5722951043,61160.07832622595,11011.333885472082,72171.41221169803,2438.15702066837,1199.9999999999982,1200.0
Q4-3,2025-11-27,m3,54612.783654111976,63755.29055531327,6187.305417998032,69942.59597331131,1393.00944501117,1200.0,1200.0
Q4-3,2025-11-28,m3,17442.140872133896,21621.068282621112,1423.2381503055956,23044.306432926707,623.6698521236498,1200.0,1200.0000000000018
Q4-3,2025-11-29,m3,15444.244782490417,16909.417786365335,13834.14437728107,30743.562163646406,4741.961308047141,1200.0000000000018,1200.0000000000018
Q4-3,2025-11-30,m3,55026.81251672558,64686.70841850796,7804.799613568471,72491.50803207642,1744.6741102653261,1200.0000000000018,1200.0
Q4-3,2025-12-01,m3,59965.077197178034,62446.72254513779,38656.508902951246,101103.23144808903,8240.659548887359,1200.0,1200.0000000000018
Q4-3,2025-12-02,m3,62841.23827992703,66292.31222336271,30635.098961604745,96927.41118496745,6630.80910718915,1200.0000000000018,1200.0
Q4-3,2025-12-03,m3,63833.018004800935,79672.92435304845,9885.897043167499,89558.82139621595,2581.9601017096816,1200.0,1200.0000000000018
Q4-3,2025-12-04,m3,64521.89305631136,69166.9750991496,26737.85490613997,95904.83000528956,5302.140850889332,1200.0000000000018,1200.0
Q4-3,2025-12-05,m3,23522.61051582526,28523.41074953377,5205.515121097562,33728.925870631334,2208.43705899806,1200.0,1200.0
Q4-3,2025-12-06,m3,19573.637074710554,23196.70540485013,13484.485816805096,36681.19122165523,4363.245370270492,1200.0,1200.0000000000036
Q4-3,2025-12-07,m3,68743.4500508298,70729.84989808172,14004.70471549922,84734.55461358094,2771.5383929970544,1200.0000000000036,1200.0000000000018
Q4-3,2025-12-08,m3,70220.82693129023,75066.73232389716,5510.458275238092,80577.19059913525,1004.0192830403421,1200.0000000000018,1200.0000000000018
Q4-3,2025-12-09,m3,69300.50390452337,72918.00417413395,6960.747180285045,79878.751354419,1219.5266647670237,1200.0000000000018,1200.0
Q4-3,2025-12-10,m3,69827.89718072268,79776.2548824483,7110.6356572937,86886.89053974199,1454.09485110709,1200.0,1200.0000000000018
Q4-3,2025-12-11,m3,67428.479195619,71737.69035295876,8157.817976795436,79895.5083297542,1726.12242649867,1200.0000000000018,1200.0000000000018
Q4-3,2025-12-12,m3,24381.02958068011,31070.80617631223,5872.9702708014465,36943.776447113676,2413.8768208831866,1200.0000000000018,1200.0000000000018
Q4-3,2025-12-13,m3,22308.334453148884,26229.828853695508,8195.266606441928,34425.09546013744,2551.419401911668,1200.0000000000018,1200.0000000000018
Q4-3,2025-12-14,m3,69649.30614095612,82621.13456150505,6158.684366741234,88779.81892824628,1072.3723688606904,1200.0000000000018,1200.0
Q4-3,2025-12-15,m3,70623.19887323273,84968.65992866186,4570.7992875316395,89539.4592161935,838.2605286018189,1200.0,1200.0000000000036
Q4-3,2025-12-16,m3,70144.9350417146,76276.48080809003,6493.739033735972,82770.219841826,1196.3379674246235,1200.0000000000036,1200.0
Q4-3,2025-12-17,m3,69817.33297322501,72548.00845405685,7049.586984433759,79597.5954384906,1494.2279950284933,1200.0,1200.0
Q4-3,2025-12-18,m3,68367.88378668294,77580.70460042765,5912.100424150958,83492.80502457861,1217.6646442276895,1200.0,1200.0000000000018
Q4-3,2025-12-19,m3,26276.86931770378,32781.60532189437,3495.196478968961,36276.80180086333,1495.1772029886583,1200.0000000000018,1200.0
Q4-3,2025-12-20,m3,22378.342474788205,25602.602538226925,6872.372443428894,32474.974981655818,2403.764691891857,1200.0,1199.9999999999982
Q4-3,2025-12-21,m3,68856.53466488559,75943.58445238169,8844.078544078442,84787.66299646013,1685.9523591873915,1199.9999999999982,1200.0
Q4-3,2025-12-22,m3,71191.32097127452,80291.60979288182,7075.395223725484,87367.0050166073,1368.8320176603074,1200.0,1200.0
Q4-3,2025-12-23,m3,70242.10765811965,74032.40437046842,4751.8202010306995,78784.22457149911,866.0329859362793,1200.0,1200.0
Q4-3,2025-12-24,m3,67426.40311010799,74150.4215839781,9119.099835690085,83269.52141966818,1756.6166487144847,1200.0,1200.0
Q4-3,2025-12-25,m3,68046.06555608506,78810.92900660033,8556.691280332558,87367.62028693288,1643.8825127343066,1200.0,1199.9999999999982
Q4-3,2025-12-26,m3,25495.71517113568,31511.354292168347,3559.7885194226847,35071.14281159103,1403.9169270924895,1199.9999999999982,1200.0000000000036
Q4-3,2025-12-27,m3,22087.171917399348,27268.685666419555,4647.357894619163,31916.043561038718,1628.616226261745,1200.0000000000036,1200.0
Q4-3,2025-12-28,m3,68552.87687493904,75274.93787214077,6375.629288938642,81650.56716107941,1238.4498855591166,1200.0,1200.0000000000018
Q4-3,2025-12-29,m3,69063.8129867826,79933.18253912468,4398.983321798997,84332.16586092368,845.612849059905,1200.0000000000018,1200.0000000000018
Q4-3,2025-12-30,m3,68036.06921967122,73665.97338648641,4501.4824338233175,78167.45582030973,890.9752908918965,1200.0000000000018,1200.0
Q4-3,2025-12-31,m3,70015.42864347686,76934.9165044162,8229.123227989914,85164.0397324061,1702.262645548843,1200.0,6000.000000000002
